{
"type": "FeatureCollection",
"name": "Data_Center_Opportunity_Zone_Overlay_District",
"crs": { "type": "name", "properties": { "name": "urn:ogc:def:crs:OGC:1.3:CRS84" } },
"features": [
{ "type": "Feature", "id": 1, "properties": { "OBJECTID": 1, "CaseName": "Data Center Opportunity Zone", "GISAcreage": 9697.8785729499996, "CaseNumber": "DPA2016-00003", "ActionDate": "2016-05-17T00:00:00Z", "OrdinanceNumber": "Ord. No. 16-21", "Hyperlink1": "https://egcss.pwcgov.org/SelfService#/plan/1cb0e546-1e0f-418d-95ad-5e6ea792cfb3", "ZoningOrdinanceLink": "<p><a href=https://library.municode.com/va/prince_william_county/codes/code_of_ordinances?nodeId=CH32ZO_ARTVOVDI_PT509DACEOPZOOVDI>Zoning Ordinance Section 32-509</a></p>", "EGOV_CASE_ID": null, "GlobalID": "{F786D6CE-C2D2-4AE9-B59A-CC4A5D308DFD}", "created_user": null, "created_date": null, "last_edited_user": null, "last_edited_date": null, "ShapeSTArea": 422439745.49742407, "ShapeSTLength": 328551.18132106488 }, "geometry": { "type": "MultiPolygon", "coordinates": [ [ [ [ -77.279306967539043, 38.55496295035892 ], [ -77.280264492597126, 38.55593476314818 ], [ -77.28039844679509, 38.556070715074021 ], [ -77.280415966238493, 38.556085586347017 ], [ -77.280416396023369, 38.556086022395043 ], [ -77.284577842512206, 38.560304826668222 ], [ -77.28457805225699, 38.560304636942433 ], [ -77.287329609478647, 38.557817637650246 ], [ -77.287934858375024, 38.557270657411294 ], [ -77.288699810489405, 38.556579334186416 ], [ -77.290403473605139, 38.555039586963439 ], [ -77.290403935704887, 38.555039878252693 ], [ -77.291275073198818, 38.555588170271264 ], [ -77.292859925823237, 38.55424807613938 ], [ -77.294143652366614, 38.55316255181306 ], [ -77.29582263180427, 38.551742728057299 ], [ -77.295826956405676, 38.551739070526551 ], [ -77.295904253033086, 38.551674196059089 ], [ -77.296052353442249, 38.551547449702014 ], [ -77.296233014533001, 38.55139006407385 ], [ -77.29636543871122, 38.551275838828239 ], [ -77.296413282975678, 38.551234570666153 ], [ -77.296470673921405, 38.55118506681746 ], [ -77.296453449192128, 38.551163139207141 ], [ -77.29641101436475, 38.551112756234886 ], [ -77.296366814180843, 38.551063384876073 ], [ -77.296321291413634, 38.551014687319949 ], [ -77.296311405326662, 38.551004630727064 ], [ -77.296258567329843, 38.550948991542349 ], [ -77.296203529743536, 38.5508941919081 ], [ -77.296146722942368, 38.550840567809601 ], [ -77.296107123200912, 38.550803945574089 ], [ -77.296070055271812, 38.550772497532236 ], [ -77.296031221947317, 38.550742062003515 ], [ -77.295991494492128, 38.550712818242886 ], [ -77.295949998798065, 38.55068475724616 ], [ -77.295907608957108, 38.550657888915914 ], [ -77.295863443474119, 38.550632371751256 ], [ -77.295839627923201, 38.550619085815306 ], [ -77.295502145522278, 38.550463197522028 ], [ -77.295293983614158, 38.550363906445256 ], [ -77.295141136479131, 38.550296470360614 ], [ -77.294072038398951, 38.549797178964361 ], [ -77.29410732015306, 38.549728468369587 ], [ -77.294172689864126, 38.549654477625808 ], [ -77.294434438300314, 38.549568432854699 ], [ -77.294483637092071, 38.549570480894602 ], [ -77.294583475063845, 38.549552178369176 ], [ -77.294692334734293, 38.549301638706716 ], [ -77.294600977953522, 38.548830932526336 ], [ -77.293984052810288, 38.548369911579044 ], [ -77.29385446398274, 38.548042124657847 ], [ -77.293785925942274, 38.547932601115889 ], [ -77.29365400314822, 38.547614058117446 ], [ -77.293471452044059, 38.547369310617995 ], [ -77.293159911339288, 38.547022825340967 ], [ -77.292955500721618, 38.546804626294509 ], [ -77.292733649946157, 38.546740549443562 ], [ -77.292443290465286, 38.546486791548205 ], [ -77.291284450997651, 38.546621905643121 ], [ -77.2897055563148, 38.54654772794283 ], [ -77.287661733017615, 38.546153584535958 ], [ -77.287022176186952, 38.546158277467995 ], [ -77.286822301412784, 38.545983538575733 ], [ -77.286665667666369, 38.545550768853893 ], [ -77.286481396300175, 38.545306331872311 ], [ -77.286415125609693, 38.545218453349385 ], [ -77.286152720774993, 38.545045466002946 ], [ -77.286072512066823, 38.544513425416696 ], [ -77.286123608295682, 38.544308337496759 ], [ -77.28611224815802, 38.544178291476868 ], [ -77.286345840714674, 38.543284438019555 ], [ -77.286416808352797, 38.542236315371419 ], [ -77.286276274027898, 38.542068370278855 ], [ -77.286276894981128, 38.541927635191911 ], [ -77.286010345137186, 38.541586230851003 ], [ -77.285886153090843, 38.541486082757913 ], [ -77.285651404244689, 38.541332776508504 ], [ -77.285374772317965, 38.541201175898379 ], [ -77.284804188351558, 38.540902091625085 ], [ -77.284458611777893, 38.540582345661214 ], [ -77.284310756640551, 38.540460148945655 ], [ -77.28410532178161, 38.540253594267242 ], [ -77.283832868079898, 38.540159448915048 ], [ -77.282995591585873, 38.539245017919882 ], [ -77.282972333807862, 38.539198777546481 ], [ -77.282954426609678, 38.539172159281222 ], [ -77.282944720721304, 38.53915163319035 ], [ -77.282936334469738, 38.539130606385221 ], [ -77.282929701947623, 38.539109254571024 ], [ -77.282924820264142, 38.539087748902489 ], [ -77.282920916879661, 38.539060071855175 ], [ -77.282918225846402, 38.539038249331455 ], [ -77.282915537764879, 38.539016252049869 ], [ -77.282913283762539, 38.538994431373908 ], [ -77.282909134551772, 38.538955426553521 ], [ -77.282908194402694, 38.538933447473184 ], [ -77.282908128217201, 38.538911477493556 ], [ -77.282909372975922, 38.538889521165181 ], [ -77.282911054715171, 38.538867569387179 ], [ -77.282916047352387, 38.53883071938359 ], [ -77.282919474107402, 38.538808957862116 ], [ -77.282922466783958, 38.538787019734748 ], [ -77.282925456569473, 38.53876525276177 ], [ -77.282927570693687, 38.538743305485674 ], [ -77.282929693992031, 38.538721358305018 ], [ -77.28293189381121, 38.538694606138634 ], [ -77.282934886479225, 38.538672668010619 ], [ -77.282937439276395, 38.538650896486637 ], [ -77.282939994961126, 38.538628953808008 ], [ -77.282942550644279, 38.538607011129244 ], [ -77.282944675139845, 38.538584720690274 ], [ -77.282946356861189, 38.538562768910701 ], [ -77.282946290664427, 38.538540798929958 ], [ -77.282944473646808, 38.538518982803332 ], [ -77.282940031867113, 38.538497310529337 ], [ -77.282934276264186, 38.538475795758629 ], [ -77.282924645791752, 38.53845080793586 ], [ -77.282918013274795, 38.538429459722074 ], [ -77.282909624271426, 38.538408601364885 ], [ -77.282899041637492, 38.538388238222346 ], [ -77.282887136487304, 38.538368547847099 ], [ -77.282873034865503, 38.538349521137448 ], [ -77.282855454808882, 38.538329428391663 ], [ -77.282840027792162, 38.538311245600319 ], [ -77.282823280004351, 38.538293564407915 ], [ -77.282806087756029, 38.538276390336179 ], [ -77.282787572888424, 38.538259895334669 ], [ -77.282768175436004, 38.538243902890194 ], [ -77.282748329426155, 38.538228592311228 ], [ -77.282727158014225, 38.538214125649702 ], [ -77.282705545460971, 38.538200173349452 ], [ -77.282683038257957, 38.538186894663504 ], [ -77.282641301967985, 38.538277080590952 ], [ -77.282524837570278, 38.53852233548546 ], [ -77.282476650112798, 38.538622126985793 ], [ -77.282467882326202, 38.538640280326931 ], [ -77.282445585892148, 38.538686451704066 ], [ -77.282387588189252, 38.53881767768123 ], [ -77.282293693617632, 38.539010808403731 ], [ -77.282213792815455, 38.539179606357756 ], [ -77.282208484852802, 38.539190821306754 ], [ -77.282206323900866, 38.539195627999021 ], [ -77.281999239796846, 38.539656436211139 ], [ -77.281983920664743, 38.539690531509116 ], [ -77.281408742726953, 38.540970408124018 ], [ -77.281042504452927, 38.541744266339769 ], [ -77.281032535978994, 38.541764929770785 ], [ -77.281022577275067, 38.541785422118288 ], [ -77.281013049214422, 38.541806091041664 ], [ -77.281003087058323, 38.541826583351494 ], [ -77.280993559001828, 38.541847251372374 ], [ -77.28098360142242, 38.541867743728226 ], [ -77.280974073339721, 38.541888412648198 ], [ -77.280964111161168, 38.54190890495444 ], [ -77.280954146067714, 38.541929569314966 ], [ -77.280944620877605, 38.541950066177144 ], [ -77.280934655727208, 38.54197073323833 ], [ -77.280925130587093, 38.54199122649554 ], [ -77.280915165471086, 38.542011890852521 ], [ -77.28090564025905, 38.542032387711259 ], [ -77.280895670559062, 38.542053051117755 ], [ -77.280886149923944, 38.542073548022678 ], [ -77.280876184785456, 38.542094212376036 ], [ -77.280866659551435, 38.542114709231384 ], [ -77.280856694401621, 38.542135373582951 ], [ -77.280847166262362, 38.542156041590978 ], [ -77.280837204010751, 38.542176533885566 ], [ -77.280827675845273, 38.542197202792664 ], [ -77.280817713582451, 38.54221769508549 ], [ -77.280808185421137, 38.542238363090021 ], [ -77.280798223147087, 38.542258855381107 ], [ -77.280788694959568, 38.542279524284709 ], [ -77.280778729779854, 38.54230018772838 ], [ -77.280769204429973, 38.542320688178357 ], [ -77.280759239284691, 38.542341348917788 ], [ -77.280749713984761, 38.542361845762834 ], [ -77.28074018576973, 38.542382514662222 ], [ -77.280730220561892, 38.542403178101388 ], [ -77.280720695245549, 38.542423674943862 ], [ -77.28071073459914, 38.542444339329947 ], [ -77.280701201789313, 38.542465007277222 ], [ -77.280691239453532, 38.542485499558452 ], [ -77.280681711205332, 38.542506168452661 ], [ -77.280672185861604, 38.542526665290929 ], [ -77.280662220614332, 38.542547328723849 ], [ -77.28065269234969, 38.542567997615564 ], [ -77.280643166989563, 38.542588494451223 ], [ -77.280633201710202, 38.542609158782312 ], [ -77.280623673444254, 38.542629826770636 ], [ -77.280613711063708, 38.542650319044718 ], [ -77.280604182771526, 38.542670987932176 ], [ -77.280594654489107, 38.542691655917899 ], [ -77.280584692091722, 38.542712148189374 ], [ -77.280575163783084, 38.542732817074238 ], [ -77.280565634337179, 38.542753485045509 ], [ -77.280556108927769, 38.542773981873523 ], [ -77.280546148124841, 38.542794649847721 ], [ -77.280536615267167, 38.542815315078016 ], [ -77.280527086946364, 38.542835983057884 ], [ -77.280517124570778, 38.542856471719908 ], [ -77.280507596162693, 38.542877144202073 ], [ -77.280498064445339, 38.542897808540168 ], [ -77.280488105372072, 38.542918304441912 ], [ -77.280478577008438, 38.542938973318272 ], [ -77.280469048654595, 38.542959641292938 ], [ -77.280459520280033, 38.542980310167636 ], [ -77.280449557804431, 38.543000802426683 ], [ -77.280440029418841, 38.54302147129966 ], [ -77.280430501043043, 38.543042139270952 ], [ -77.280420972646581, 38.543062808142246 ], [ -77.280411010148555, 38.543083300397775 ], [ -77.280401481756243, 38.543103968366552 ], [ -77.280391953343255, 38.543124637235245 ], [ -77.280382424940086, 38.543145305202344 ], [ -77.280372899426823, 38.543165802014215 ], [ -77.280362933990233, 38.54318646632052 ], [ -77.280353405616239, 38.543207131582562 ], [ -77.280343881779103, 38.543227799594099 ], [ -77.280334351655995, 38.54324829635474 ], [ -77.28032482320468, 38.543268965217528 ], [ -77.280315294763213, 38.543289633178702 ], [ -77.280305329292958, 38.54331029747965 ], [ -77.280295796252375, 38.543330965391242 ], [ -77.280286275277959, 38.543351462243379 ], [ -77.280276746799274, 38.543372131101961 ], [ -77.280267218315075, 38.54339279995969 ], [ -77.280257689840681, 38.543413467915776 ], [ -77.280248161345597, 38.543434136771793 ], [ -77.280238195851368, 38.543454800165776 ], [ -77.280228670256221, 38.543475296965013 ], [ -77.280219141744624, 38.543495965818479 ], [ -77.280209613242832, 38.543516633770338 ], [ -77.280200084720292, 38.543537302622141 ], [ -77.280190556207558, 38.543557970572309 ], [ -77.280181027674132, 38.543578639422428 ], [ -77.280171502046358, 38.543599136216585 ], [ -77.280161968913973, 38.543619805017137 ], [ -77.28015244496747, 38.543640473011877 ], [ -77.280139330326364, 38.543666424668636 ], [ -77.280129367664856, 38.543686916898281 ], [ -77.28011940499772, 38.543707409127038 ], [ -77.280109005314387, 38.543727896794053 ], [ -77.280099042635797, 38.543748389020941 ], [ -77.280089079951523, 38.543768881246933 ], [ -77.280079117261636, 38.54378937347203 ], [ -77.28006915456605, 38.543809865696211 ], [ -77.280058754838407, 38.543830354259242 ], [ -77.280048792131367, 38.543850846481526 ], [ -77.280038832920681, 38.543871335135599 ], [ -77.280028863804034, 38.543892002077762 ], [ -77.28001890107997, 38.543912494297317 ], [ -77.280008938350235, 38.543932986516012 ], [ -77.279998975614859, 38.543953478733762 ], [ -77.279989012873813, 38.543973970950596 ], [ -77.279978613114977, 38.543994458605177 ], [ -77.27996864921549, 38.544014950808169 ], [ -77.27995868354563, 38.544035615077384 ], [ -77.279948720781789, 38.54405610729053 ], [ -77.279938758012278, 38.544076599502809 ], [ -77.279929236837958, 38.544097096323583 ], [ -77.279919266557386, 38.544117760541262 ], [ -77.279909303770992, 38.54413825275082 ], [ -77.279899340978929, 38.544158744959439 ], [ -77.279889378181196, 38.544179237167199 ], [ -77.279879412481151, 38.544199900528277 ], [ -77.279869449672077, 38.544220392734189 ], [ -77.279859486857333, 38.544240884939192 ], [ -77.279849958138769, 38.544261553760222 ], [ -77.279839995312798, 38.544282045963442 ], [ -77.279830032481144, 38.544302538165724 ], [ -77.279820066731816, 38.54432320242222 ], [ -77.279810103888835, 38.544343694622675 ], [ -77.279800578054534, 38.544364191384254 ], [ -77.279790612303486, 38.54438485473726 ], [ -77.279780649443595, 38.544405346935037 ], [ -77.279771120680692, 38.544426015749146 ], [ -77.279761157809588, 38.544446507945111 ], [ -77.279751196623934, 38.544467171342355 ], [ -77.279741666168505, 38.544487668050891 ], [ -77.279731700368245, 38.544508332299266 ], [ -77.279722174489962, 38.544528829053988 ], [ -77.279712208678447, 38.544549493300551 ], [ -77.27970224572779, 38.544569988193622 ], [ -77.279692716981586, 38.544590653397556 ], [ -77.279682754065433, 38.544611145586316 ], [ -77.279673225247251, 38.544631814391835 ], [ -77.279663262319872, 38.544652306578854 ], [ -77.279653733505867, 38.544672974481834 ], [ -77.279644204671158, 38.544693643284745 ], [ -77.279634241727038, 38.544714135469114 ], [ -77.279624712881301, 38.544734804270313 ], [ -77.279614749925898, 38.544755296452912 ], [ -77.279605221084367, 38.544775964351601 ], [ -77.279595692222188, 38.544796633150256 ], [ -77.279585729250002, 38.544817125330155 ], [ -77.27957619580387, 38.544837793178388 ], [ -77.279566671513251, 38.54485846202239 ], [ -77.279556705626845, 38.544879125353901 ], [ -77.279547179649825, 38.544899622093233 ], [ -77.279537650815584, 38.544920287283517 ], [ -77.279528121914908, 38.544940956076267 ], [ -77.279518156006034, 38.544961619404205 ], [ -77.279508630007157, 38.544982116140154 ], [ -77.279499101089996, 38.545002784930269 ], [ -77.279489572182584, 38.545023452818768 ], [ -77.279480043254523, 38.545044121607248 ], [ -77.279470514336211, 38.54506478949407 ], [ -77.279460988294858, 38.545085287126589 ], [ -77.279451459365688, 38.545105955011742 ], [ -77.279441493396789, 38.545126619233486 ], [ -77.279431964456506, 38.545147287116883 ], [ -77.279422435495519, 38.545167955900311 ], [ -77.279412906544366, 38.54518862378206 ], [ -77.27940337757245, 38.545209292563783 ], [ -77.279393848610326, 38.545229960443834 ], [ -77.279384323068655, 38.545250629259819 ], [ -77.279374789507486, 38.545271297090288 ], [ -77.279365700446817, 38.545291798377235 ], [ -77.279356171447787, 38.545312467154766 ], [ -77.27934664244323, 38.545333135931507 ], [ -77.279337113448477, 38.545353803806535 ], [ -77.279327584433062, 38.545374472581585 ], [ -77.279318052514085, 38.545395312510003 ], [ -77.279308523502934, 38.54541598038255 ], [ -77.279299431491893, 38.545436653718937 ], [ -77.279289902469941, 38.545457321589851 ], [ -77.27928037342727, 38.545477990360709 ], [ -77.279270844394389, 38.545498658229924 ], [ -77.279261752362089, 38.545519331563121 ], [ -77.279247725186536, 38.545547507997888 ], [ -77.27923776211847, 38.54556799384013 ], [ -77.279227798876988, 38.545588489590422 ], [ -77.279217835690815, 38.545608981736528 ], [ -77.279207435476991, 38.545629469317447 ], [ -77.279197472279336, 38.545649961461748 ], [ -77.279187509076067, 38.545670453605084 ], [ -77.279177111697336, 38.545690772731326 ], [ -77.279166711521157, 38.545711256705168 ], [ -77.27915674830065, 38.545731748845689 ], [ -77.279146348036434, 38.545752237321658 ], [ -77.279135950695348, 38.545772552840766 ], [ -77.279125550434657, 38.545793040413905 ], [ -77.279115590089674, 38.545813361396441 ], [ -77.279105189817301, 38.545833848967696 ], [ -77.279094355429493, 38.5458541599182 ], [ -77.279083958043813, 38.545874476333175 ], [ -77.279073557753634, 38.545894963901411 ], [ -77.27906316037145, 38.545915279413599 ], [ -77.279052762968092, 38.545935595825625 ], [ -77.279041928550242, 38.545955906770971 ], [ -77.279031523632952, 38.545976395188106 ], [ -77.279020693791139, 38.545996706179288 ], [ -77.279010296364078, 38.546017022587243 ], [ -77.278999461922027, 38.54603733352846 ], [ -77.278988630372695, 38.54605747331432 ], [ -77.278978232927884, 38.546077789719256 ], [ -77.278967398467614, 38.546098100657275 ], [ -77.278956563986029, 38.546118412495041 ], [ -77.27894572951358, 38.546138723430914 ], [ -77.278934897933951, 38.546158863211481 ], [ -77.278924063434076, 38.546179175046021 ], [ -77.278913231842367, 38.546199314824491 ], [ -77.278902397330256, 38.546219626656942 ], [ -77.278891128700749, 38.54623976186781 ], [ -77.278880294191595, 38.546260072797246 ], [ -77.278869462575514, 38.546280212571425 ], [ -77.278858193927277, 38.546300347778939 ], [ -77.278847362298961, 38.546320487550986 ], [ -77.278836090723814, 38.546340794811243 ], [ -77.278824822056833, 38.546360930015375 ], [ -77.278813990410114, 38.54638106978409 ], [ -77.278802721730614, 38.546401204985969 ], [ -77.278791453044846, 38.546421340186683 ], [ -77.278780183205782, 38.54644147537433 ], [ -77.278768919095626, 38.546461610620703 ], [ -77.278757648702154, 38.546481574615832 ], [ -77.278746379991276, 38.546501709811984 ], [ -77.278735111274059, 38.546521845006957 ], [ -77.278723850053538, 38.546541808193751 ], [ -77.278712144296136, 38.546561938820339 ], [ -77.278700873871273, 38.546581902809706 ], [ -77.278689609717063, 38.54660203804805 ], [ -77.278677906900981, 38.546621993913597 ], [ -77.278666201117744, 38.546642124535332 ], [ -77.278654935271121, 38.546662087667166 ], [ -77.27864323237462, 38.546682047132322 ], [ -77.27863152948693, 38.546702005695408 ], [ -77.278620260706376, 38.546722140878714 ], [ -77.278608557790506, 38.546742100340211 ], [ -77.278596854883475, 38.546762058899617 ], [ -77.278585147366456, 38.546782018310722 ], [ -77.278573449019405, 38.546801977816436 ], [ -77.278561748992843, 38.546821765217977 ], [ -77.278549609030591, 38.546841719205808 ], [ -77.278537906075783, 38.546861678659852 ], [ -77.278526203129758, 38.546881637211868 ], [ -77.278514503077247, 38.54690142460845 ], [ -77.278502363073244, 38.546921379491891 ], [ -77.278490663007744, 38.546941166885986 ], [ -77.278478523005717, 38.546961120866044 ], [ -77.278466385836026, 38.546980907293865 ], [ -77.278454685812093, 38.54700069108091 ], [ -77.278442545774837, 38.547020645957872 ], [ -77.278430408646301, 38.547040428778516 ], [ -77.2784182715111, 38.547060211597838 ], [ -77.278406134369263, 38.547079994415839 ], [ -77.278393997220746, 38.547099777232518 ], [ -77.278381860065565, 38.547119560047904 ], [ -77.278369722903733, 38.547139342861925 ], [ -77.278357585735236, 38.547159125674675 ], [ -77.278345448560088, 38.547178908486039 ], [ -77.278332874346773, 38.547198686728613 ], [ -77.278320740058632, 38.547218298383143 ], [ -77.278308602863419, 38.547238081190564 ], [ -77.278296027482668, 38.547257859417016 ], [ -77.278283456142574, 38.54727746649985 ], [ -77.278271321843022, 38.547297077248231 ], [ -77.278258744147607, 38.54731685544651 ], [ -77.278246176228336, 38.547336462561148 ], [ -77.278234041908689, 38.547356073305416 ], [ -77.278221464192768, 38.547375851499496 ], [ -77.278208896253034, 38.547395458609934 ], [ -77.278196324880568, 38.547415064782221 ], [ -77.278183753486019, 38.547434671853857 ], [ -77.278170745066873, 38.547454273455152 ], [ -77.278158173658468, 38.547473880523917 ], [ -77.278145602243271, 38.547493487591304 ], [ -77.278121825778754, 38.547529453588631 ], [ -77.278108820226663, 38.547548884028565 ], [ -77.278095810079236, 38.54756831441906 ], [ -77.278083243218887, 38.547587921527409 ], [ -77.278070237706942, 38.547607348359698 ], [ -77.278057232065763, 38.547626782396925 ], [ -77.278044226478727, 38.547646212829413 ], [ -77.278030783850326, 38.547665638691733 ], [ -77.278017778249165, 38.547685069121187 ], [ -77.278004772640912, 38.547704499549113 ], [ -77.27799176992697, 38.547723758821384 ], [ -77.27797832727002, 38.547743184677479 ], [ -77.277965321640693, 38.547762615100815 ], [ -77.277951881885983, 38.547781868898781 ], [ -77.27793887624253, 38.547801299319104 ], [ -77.277925436458318, 38.54782055401472 ], [ -77.277911996682178, 38.547839807807932 ], [ -77.27789855398207, 38.547859233654471 ], [ -77.277885551211838, 38.547878492914485 ], [ -77.277872106825953, 38.547897746654975 ], [ -77.277858676182532, 38.547917001438542 ], [ -77.277845231766989, 38.547936256076632 ], [ -77.277831354911854, 38.547955505290901 ], [ -77.277817910481843, 38.547974759925722 ], [ -77.277804470648221, 38.547994013706123 ], [ -77.277791038821732, 38.548013268469639 ], [ -77.277777161397836, 38.548032346487126 ], [ -77.277763721542598, 38.548051600262646 ], [ -77.277750279993739, 38.548070682834485 ], [ -77.277736407660441, 38.548089932985903 ], [ -77.277722533648571, 38.548109011032594 ], [ -77.277715593903807, 38.548118948255926 ], [ -77.277709092617386, 38.548128264789611 ], [ -77.277695218575658, 38.548147343733838 ], [ -77.277692391161452, 38.548151230689676 ], [ -77.277681344541833, 38.548166421775555 ], [ -77.277667470500674, 38.54818549981551 ], [ -77.277653596452168, 38.548204577853816 ], [ -77.27763972239633, 38.548223655890361 ], [ -77.277625848333145, 38.548242733925299 ], [ -77.277611974262612, 38.548261811958454 ], [ -77.277598104773105, 38.54828089003793 ], [ -77.277584226099563, 38.548299968019691 ], [ -77.277569917886339, 38.548318869422438 ], [ -77.277556043832234, 38.548337944746351 ], [ -77.277542172642569, 38.548356850716019 ], [ -77.277527861489389, 38.548375924168433 ], [ -77.277513990269725, 38.548394831035452 ], [ -77.277499682019283, 38.548413732429331 ], [ -77.277485370843536, 38.548432805876395 ], [ -77.277471499601816, 38.548451712738171 ], [ -77.277457191328921, 38.5484706141267 ], [ -77.277442883033302, 38.548489516414257 ], [ -77.277428574730166, 38.548508418699996 ], [ -77.277414266434789, 38.548527320083096 ], [ -77.277399961034646, 38.548546050310279 ], [ -77.277385652709015, 38.548564952590603 ], [ -77.277371339802812, 38.548583853920292 ], [ -77.277356601928687, 38.548602579618873 ], [ -77.277342293580517, 38.548621481893704 ], [ -77.277327988142957, 38.548640212111835 ], [ -77.277313242754843, 38.548659108910925 ], [ -77.27729893730222, 38.548677839125347 ], [ -77.277284194801766, 38.548696564766544 ], [ -77.277269889318958, 38.548715295878154 ], [ -77.277255146803299, 38.548734021515571 ], [ -77.277240404279908, 38.548752747151127 ], [ -77.277225661810064, 38.548771469181489 ], [ -77.277210919210319, 38.548790198416405 ], [ -77.277196613705101, 38.548808928617966 ], [ -77.277181874069797, 38.548827482190966 ], [ -77.277167131508307, 38.548846207817007 ], [ -77.277151954800971, 38.548864757715045 ], [ -77.277137212224119, 38.5488834833372 ], [ -77.277122471411133, 38.548902036890482 ], [ -77.277107728819004, 38.548920762508807 ], [ -77.277092552080674, 38.548939312398964 ], [ -77.277077812376632, 38.548957866859269 ], [ -77.277062635638075, 38.548976415844614 ], [ -77.277047895918741, 38.548994970301052 ], [ -77.277032719103573, 38.549013522885645 ], [ -77.277017979430099, 38.549032073734956 ], [ -77.277002802660505, 38.549050622712322 ], [ -77.276987628786884, 38.549069000533557 ], [ -77.276972451986467, 38.549087550407741 ], [ -77.276957275239411, 38.549106096676574 ], [ -77.276942101296598, 38.549124477194205 ], [ -77.276926927391969, 38.549142855007354 ], [ -77.276907753117101, 38.549165139016935 ], [ -77.276892145116776, 38.549183337495215 ], [ -77.276876102816217, 38.549201369252479 ], [ -77.276860494800076, 38.549219567726453 ], [ -77.27684445259051, 38.549237593173622 ], [ -77.276828844497416, 38.549255795246545 ], [ -77.27681280227192, 38.549273820689251 ], [ -77.276796760038351, 38.549291846129684 ], [ -77.276781151936717, 38.549310047295265 ], [ -77.27676510968719, 38.54932807273125 ], [ -77.276749067429634, 38.549346098165003 ], [ -77.276733025164091, 38.549364123596511 ], [ -77.276716982890477, 38.549382149025753 ], [ -77.276700940593585, 38.549400175353568 ], [ -77.276684898303941, 38.549418200778319 ], [ -77.276668856006268, 38.549436226200768 ], [ -77.276652816620413, 38.549454079566154 ], [ -77.276636774306738, 38.549472104984169 ], [ -77.276620731985048, 38.549490130399903 ], [ -77.276604692559971, 38.549507984659272 ], [ -77.276588645633836, 38.549526010022504 ], [ -77.276572610796521, 38.549543863424624 ], [ -77.276556131397157, 38.549561884257201 ], [ -77.27654009079302, 38.549579738495538 ], [ -77.276524051343316, 38.549597591842847 ], [ -77.276507571904261, 38.549615613569252 ], [ -77.276491532438527, 38.549633466911992 ], [ -77.276475060552926, 38.549651313023602 ], [ -77.276459021010041, 38.549669169965028 ], [ -77.276442544458604, 38.549687019627157 ], [ -77.276426067914358, 38.549704868386122 ], [ -77.2764100283933, 38.549722722618249 ], [ -77.276393547244439, 38.549740571324541 ], [ -77.276377075248931, 38.549758421025317 ], [ -77.276360601577323, 38.549776098620768 ], [ -77.276344562085384, 38.549793949240488 ], [ -77.276328085431274, 38.549811801588604 ], [ -77.276311611735522, 38.549829479177035 ], [ -77.276295135110985, 38.549847328817982 ], [ -77.27627866139899, 38.549865006401674 ], [ -77.276262183090523, 38.54988268393496 ], [ -77.276245711045334, 38.549900532716059 ], [ -77.276229237309082, 38.549918210292624 ], [ -77.276212326516827, 38.549935883291397 ], [ -77.276195852764317, 38.549953560863223 ], [ -77.27617937900375, 38.549971238432619 ], [ -77.276162905235026, 38.549988915999698 ], [ -77.276145994409973, 38.550006588988673 ], [ -77.276129520625034, 38.550024266550942 ], [ -77.276113046831995, 38.550041944110802 ], [ -77.27609613602813, 38.550059614390044 ], [ -77.276079662218862, 38.550077291945144 ], [ -77.276062753126752, 38.550094792854949 ], [ -77.276045833503744, 38.550112981092973 ], [ -77.276029799686256, 38.550130488459679 ], [ -77.27601637878027, 38.550148372759786 ], [ -77.276002545244609, 38.550165219324164 ], [ -77.275986079602006, 38.550182210411926 ], [ -77.275968746720025, 38.550199193317518 ], [ -77.275951407497615, 38.550216346437686 ], [ -77.275933631201951, 38.550233495879532 ], [ -77.275906053323496, 38.550261526418048 ], [ -77.275886123817855, 38.550276764870269 ], [ -77.275866622603985, 38.550292523159492 ], [ -77.275852427187175, 38.550304732223253 ], [ -77.275841293977535, 38.550316804871564 ], [ -77.275824385964412, 38.550334303055848 ], [ -77.275807912025684, 38.550351980571939 ], [ -77.275791003950317, 38.55036948145375 ], [ -77.27577409877334, 38.550386811179052 ], [ -77.275757187759609, 38.550404484110715 ], [ -77.275740279644282, 38.55042198588589 ], [ -77.275723374442833, 38.55043931560369 ], [ -77.275706469233256, 38.550456645319052 ], [ -77.275689561093373, 38.550474147086724 ], [ -77.275672655928702, 38.550491473193794 ], [ -77.275655313582092, 38.550508801927407 ], [ -77.275638405432872, 38.550526302786722 ], [ -77.275621503089482, 38.55054346133555 ], [ -77.275604160840487, 38.550560782854895 ], [ -77.2755868213832, 38.550577939523272 ], [ -77.275569916108253, 38.550595269218505 ], [ -77.275552580121726, 38.550612423215341 ], [ -77.275535234337084, 38.550629748291456 ], [ -77.275517894846772, 38.550646904949502 ], [ -77.275500555455281, 38.550664055299194 ], [ -77.275483217769903, 38.550681037182649 ], [ -77.275465875393436, 38.550698362284329 ], [ -77.275448538838745, 38.550715344174598 ], [ -77.275431199353079, 38.550732498117092 ], [ -77.275413425729226, 38.550749475423707 ], [ -77.275396089149936, 38.550766457306032 ], [ -77.275378312601845, 38.550783605761211 ], [ -77.275360983502111, 38.550800416532319 ], [ -77.275343205256476, 38.550817393780015 ], [ -77.275325431529737, 38.550834374676256 ], [ -77.275308097893571, 38.550851180887264 ], [ -77.275290322530793, 38.550867986972769 ], [ -77.275281211720198, 38.55087669220498 ], [ -77.278716729221316, 38.554363878115552 ], [ -77.278718898310743, 38.554366081123256 ], [ -77.278831379922693, 38.554480247700077 ], [ -77.27878746637775, 38.554707315427471 ], [ -77.278764154991535, 38.554844722998844 ], [ -77.278736037834207, 38.554995021891607 ], [ -77.278734352264522, 38.555004032001726 ], [ -77.278704543575557, 38.555163685102656 ], [ -77.278694481072833, 38.555215753345585 ], [ -77.278676855323582, 38.555301386591282 ], [ -77.278657047026755, 38.555386825847769 ], [ -77.278635499087173, 38.555471731570677 ], [ -77.278611767438946, 38.555556443290193 ], [ -77.278760927621448, 38.55552980211062 ], [ -77.278837628300337, 38.555516840113178 ], [ -77.279024236254799, 38.555485305573832 ], [ -77.279097076100214, 38.555325936932178 ], [ -77.279276920947197, 38.554932454124952 ], [ -77.279306967539043, 38.55496295035892 ] ] ], [ [ [ -77.409846508505083, 38.631026502151833 ], [ -77.409837078402745, 38.631063540347732 ], [ -77.409364495814913, 38.632919566158641 ], [ -77.409317900877681, 38.633102562874036 ], [ -77.409171824103069, 38.633676238619088 ], [ -77.409169840694233, 38.633684030400268 ], [ -77.411703204825173, 38.634538261020801 ], [ -77.41245403920297, 38.634794563409955 ], [ -77.413403533176663, 38.635118185899337 ], [ -77.414386355151578, 38.635452431817775 ], [ -77.414996355741891, 38.634410367579306 ], [ -77.416897110672409, 38.631163086925042 ], [ -77.417047556351037, 38.630906048562942 ], [ -77.417171759467422, 38.630693844015134 ], [ -77.417171007656819, 38.630693581191494 ], [ -77.417072183408123, 38.630660259001623 ], [ -77.416331465544147, 38.630410496890519 ], [ -77.415818865720794, 38.63023766680228 ], [ -77.415258991787638, 38.630046260306393 ], [ -77.415024760085259, 38.629966684553629 ], [ -77.414791865673507, 38.629885746790116 ], [ -77.414559862102536, 38.629803272604789 ], [ -77.414328324489674, 38.629719257160254 ], [ -77.41415076426631, 38.629654110501434 ], [ -77.413994122121522, 38.629594813802747 ], [ -77.413838375953191, 38.629534156675803 ], [ -77.413683528431335, 38.629471962564139 ], [ -77.413529575832897, 38.629408402615645 ], [ -77.4133765204338, 38.629343478656871 ], [ -77.413163484570759, 38.629251223268064 ], [ -77.412990922861852, 38.629174274752771 ], [ -77.412819253274932, 38.62909630539005 ], [ -77.412648480464895, 38.629016626906939 ], [ -77.412478600090637, 38.628935755506902 ], [ -77.412310054588289, 38.628853523225771 ], [ -77.412142405239024, 38.628769928693998 ], [ -77.411976088570995, 38.628684966964173 ], [ -77.411793887176586, 38.628587895470517 ], [ -77.411655012013384, 38.628512451034567 ], [ -77.411516139301042, 38.628435647831253 ], [ -77.411326653178918, 38.628325257672643 ], [ -77.411284500916963, 38.628500417829216 ], [ -77.411149402627572, 38.629051173915386 ], [ -77.41057380647392, 38.629828106455896 ], [ -77.41040993779832, 38.630289896015562 ], [ -77.41026522137264, 38.630266748457544 ], [ -77.410049820720573, 38.630227982275919 ], [ -77.409846508505083, 38.631026502151833 ] ] ], [ [ [ -77.423459323297124, 38.632941934326325 ], [ -77.423332911517207, 38.633202819947201 ], [ -77.423325156848222, 38.633218822288633 ], [ -77.423045387953437, 38.63378331550571 ], [ -77.422754374012982, 38.634367778390263 ], [ -77.422484080578172, 38.634912616942273 ], [ -77.422265573321241, 38.635407427719336 ], [ -77.422487338968324, 38.635510487545545 ], [ -77.423122130927894, 38.635805487682511 ], [ -77.423272878250572, 38.63587554337203 ], [ -77.423999299675629, 38.636213122150465 ], [ -77.424099346198034, 38.636259609625647 ], [ -77.424853088842326, 38.635865602452526 ], [ -77.425001590980372, 38.635804726893184 ], [ -77.425826909892223, 38.635466393116751 ], [ -77.425828755828164, 38.63527459633746 ], [ -77.425828680709103, 38.635270315282163 ], [ -77.425826353206986, 38.635139063002036 ], [ -77.425825810212473, 38.63510855219004 ], [ -77.425823818301055, 38.634996305613008 ], [ -77.425808340648771, 38.634123184142204 ], [ -77.425803596837028, 38.633855401901535 ], [ -77.425805971795427, 38.633746329750267 ], [ -77.425813294814915, 38.633434932010303 ], [ -77.425820538315534, 38.633126935474138 ], [ -77.425822106909976, 38.63306051723459 ], [ -77.425820932122221, 38.633060346985616 ], [ -77.425683106308355, 38.633040202692804 ], [ -77.425564331762942, 38.633022808026134 ], [ -77.425266967394421, 38.632978885799226 ], [ -77.425080413276618, 38.632958122130418 ], [ -77.425045645977875, 38.632952428690388 ], [ -77.424584051310589, 38.632876843484169 ], [ -77.424123826394137, 38.63280773779271 ], [ -77.423871464036566, 38.63276903220811 ], [ -77.423620001311519, 38.63272878923749 ], [ -77.423566896963166, 38.632719929276355 ], [ -77.423459323297124, 38.632941934326325 ] ] ], [ [ [ -77.439442458841057, 38.648895520134005 ], [ -77.43939884731833, 38.649844263050824 ], [ -77.439434702124942, 38.649845936595995 ], [ -77.441580543428898, 38.649946085329248 ], [ -77.441579386490517, 38.649958588867193 ], [ -77.441467369675507, 38.6511678263983 ], [ -77.442728577029584, 38.65126214951507 ], [ -77.442857493705191, 38.651271790657574 ], [ -77.443436611582698, 38.651315096026579 ], [ -77.443453980499513, 38.651316281655767 ], [ -77.443630758337292, 38.651329207158931 ], [ -77.443666665333808, 38.651181716336644 ], [ -77.443697396749855, 38.651033060912511 ], [ -77.443722915052263, 38.650883422443862 ], [ -77.443743189074752, 38.650732983688648 ], [ -77.443758194056045, 38.650581928382238 ], [ -77.443821862508443, 38.649770961736813 ], [ -77.443883773867185, 38.648925259999864 ], [ -77.443941131510471, 38.648079237219456 ], [ -77.44402081097175, 38.647064445376515 ], [ -77.444026901468504, 38.646986871167215 ], [ -77.444040052475856, 38.646794724646163 ], [ -77.444266733317676, 38.642637298372108 ], [ -77.444275187084457, 38.642488294821504 ], [ -77.444276977496187, 38.642456758364084 ], [ -77.444294141610541, 38.642154249779502 ], [ -77.444313119397904, 38.641819781485552 ], [ -77.444313548038238, 38.641812249915951 ], [ -77.444319095401141, 38.641714474425449 ], [ -77.444320757313477, 38.641685196354047 ], [ -77.444320975640281, 38.64168135312471 ], [ -77.444321711283337, 38.64166839617927 ], [ -77.444344525738046, 38.641310885859227 ], [ -77.444379727612557, 38.640641339597913 ], [ -77.444382568843096, 38.640358006112336 ], [ -77.444359739000731, 38.640211895257586 ], [ -77.444332606187487, 38.640072440448023 ], [ -77.444316749241437, 38.639993157312034 ], [ -77.44428094924983, 38.639861774698694 ], [ -77.444238295614724, 38.639732454561432 ], [ -77.444188906169373, 38.639605554154912 ], [ -77.444132917355077, 38.63948142404913 ], [ -77.444070483844285, 38.639360407160972 ], [ -77.444001778113361, 38.639242837806869 ], [ -77.443926989965988, 38.639129040779224 ], [ -77.443846326008938, 38.639019330449166 ], [ -77.443760009081231, 38.638914009898095 ], [ -77.443668277638565, 38.638813370080349 ], [ -77.443571385094586, 38.638717689019479 ], [ -77.44346959912076, 38.638627231040175 ], [ -77.443363200906958, 38.638542246038043 ], [ -77.443301712133461, 38.63849740984314 ], [ -77.443239330595446, 38.638453768305901 ], [ -77.443175181128169, 38.638411311720837 ], [ -77.443109267230113, 38.638370036513003 ], [ -77.443006011937584, 38.638308007905628 ], [ -77.442920076268251, 38.638259003719874 ], [ -77.442833687545743, 38.638211369307179 ], [ -77.442745959336591, 38.638164923679568 ], [ -77.442475881255845, 38.63803221357103 ], [ -77.442474820631972, 38.638031692255367 ], [ -77.442181930544137, 38.637889683075983 ], [ -77.441949427934858, 38.637778082444235 ], [ -77.441725143264392, 38.637673077535815 ], [ -77.441458254150845, 38.637548806825478 ], [ -77.441209616841107, 38.63743362980248 ], [ -77.440931427928774, 38.637304107688706 ], [ -77.440674531684451, 38.63718490326233 ], [ -77.440428481137545, 38.637072318338483 ], [ -77.440385938044372, 38.637052235080553 ], [ -77.440357572572523, 38.63710274162846 ], [ -77.440342654881334, 38.637135043941861 ], [ -77.440187660647055, 38.637466940785899 ], [ -77.440187193204295, 38.63746865284007 ], [ -77.440069590273069, 38.63772777787694 ], [ -77.440068684776946, 38.637729829221001 ], [ -77.439964299212392, 38.637953202998744 ], [ -77.439840514786752, 38.638212947516365 ], [ -77.439840110584583, 38.638213640280163 ], [ -77.439798412678059, 38.638301191416225 ], [ -77.439715011860457, 38.638476300804612 ], [ -77.439713668749761, 38.638478348181501 ], [ -77.439593925030607, 38.638734020758022 ], [ -77.439592561692223, 38.638737440979511 ], [ -77.439554214010457, 38.638822725887948 ], [ -77.439479894514164, 38.638988028688047 ], [ -77.439380722660673, 38.639192068194674 ], [ -77.439351706830564, 38.639251683388011 ], [ -77.439240421086993, 38.639486831392595 ], [ -77.439236584320142, 38.639485744325363 ], [ -77.43858136136528, 38.639300179823415 ], [ -77.438497442236809, 38.639078213294297 ], [ -77.437800011840721, 38.638838875573228 ], [ -77.437576246214348, 38.638762084800803 ], [ -77.43698747767975, 38.638436586113706 ], [ -77.436981835384145, 38.638433467174607 ], [ -77.43820932829162, 38.636409628437136 ], [ -77.438080616285916, 38.636234600298266 ], [ -77.438072881555996, 38.636224918908638 ], [ -77.438142124154737, 38.636099742800923 ], [ -77.438180089817777, 38.636028304972854 ], [ -77.437857934819633, 38.635873359280019 ], [ -77.437704138685945, 38.635796618878139 ], [ -77.437306500637561, 38.63560713823825 ], [ -77.437014429768041, 38.635470271287183 ], [ -77.436800615221173, 38.63536878443837 ], [ -77.436533306952143, 38.635244327306808 ], [ -77.436276864047542, 38.635125118072224 ], [ -77.436081696454991, 38.635035125963419 ], [ -77.435853065827303, 38.634929212396422 ], [ -77.435615308891471, 38.634819095383271 ], [ -77.435540543648415, 38.634784776157716 ], [ -77.435464445463069, 38.634751817790494 ], [ -77.435387888328449, 38.634720228229241 ], [ -77.435309999394192, 38.634689999532746 ], [ -77.435231212549667, 38.634661306824221 ], [ -77.435119378437406, 38.634618240713948 ], [ -77.435014917187488, 38.634579703035193 ], [ -77.434938730623003, 38.634552750077283 ], [ -77.434821108286329, 38.634516324080224 ], [ -77.43470215376351, 38.634481598522974 ], [ -77.434583174341114, 38.634448252855627 ], [ -77.434462859509864, 38.634416436415073 ], [ -77.434358219972978, 38.634389910543312 ], [ -77.434263167543193, 38.634366218841123 ], [ -77.434167217194826, 38.634344062192731 ], [ -77.434071244021624, 38.634323451268827 ], [ -77.433974368311411, 38.634304376254725 ], [ -77.433876606374639, 38.6342866661183 ], [ -77.43377881333231, 38.634270671905625 ], [ -77.43368099861631, 38.634256221623154 ], [ -77.433369247967121, 38.63420789963704 ], [ -77.433057041226178, 38.634160773610631 ], [ -77.432917698501413, 38.634143198033925 ], [ -77.43277881374766, 38.634124254336079 ], [ -77.432639953370128, 38.63410359350457 ], [ -77.432501994303919, 38.634081567696768 ], [ -77.432364056159798, 38.634057826527773 ], [ -77.431900297381702, 38.633990263540099 ], [ -77.43173401790942, 38.633966633257842 ], [ -77.431854942410112, 38.634130043902644 ], [ -77.431935643500822, 38.634239098549543 ], [ -77.432036970920521, 38.634376025420053 ], [ -77.432059602603985, 38.634406603500501 ], [ -77.432123712762021, 38.634493243503591 ], [ -77.432432642793628, 38.634910714665629 ], [ -77.43284694626125, 38.635470565305845 ], [ -77.432859683560849, 38.635487775862416 ], [ -77.433062319813772, 38.635761754647433 ], [ -77.433062388537351, 38.635761845367817 ], [ -77.433062142238455, 38.635761955739902 ], [ -77.433057751726665, 38.635763917602183 ], [ -77.432100430100732, 38.636188151860175 ], [ -77.432090955207926, 38.636196100884547 ], [ -77.431700440695195, 38.636369792325532 ], [ -77.431692958014636, 38.636372985425766 ], [ -77.431602678258855, 38.636410949477273 ], [ -77.431600034948445, 38.636412126299746 ], [ -77.431483485925256, 38.636462884345043 ], [ -77.431473344604839, 38.636467356818279 ], [ -77.430804151879428, 38.636762503317492 ], [ -77.432359568581873, 38.638705896826522 ], [ -77.432278889424666, 38.638737275727891 ], [ -77.432081785932823, 38.642888880885991 ], [ -77.433469245893946, 38.642915031758974 ], [ -77.433473696212786, 38.642914256960026 ], [ -77.433477029347372, 38.642913676494423 ], [ -77.433922425701923, 38.64283676213897 ], [ -77.433849382645732, 38.643172878220895 ], [ -77.435424763366512, 38.644111564309007 ], [ -77.438342114342475, 38.645849736488309 ], [ -77.438057247662414, 38.646384760423906 ], [ -77.438019279734249, 38.64645239075125 ], [ -77.437380708512265, 38.647589788922403 ], [ -77.437289492632161, 38.647763655182771 ], [ -77.436726005166946, 38.64883765762476 ], [ -77.436623927168398, 38.649034614800286 ], [ -77.439443483564474, 38.648873221335933 ], [ -77.439442458841057, 38.648895520134005 ] ] ], [ [ [ -77.28109691626581, 38.669328738889988 ], [ -77.281150369387277, 38.669451096827849 ], [ -77.28115220580672, 38.669665928147488 ], [ -77.281164026786172, 38.670131345165196 ], [ -77.281168189625873, 38.670728323211357 ], [ -77.281168623840671, 38.670790626751703 ], [ -77.281168716733092, 38.670798848904468 ], [ -77.281170878551706, 38.67099386171423 ], [ -77.281184165665906, 38.671606091345133 ], [ -77.281186861968592, 38.67173032821848 ], [ -77.281188874862977, 38.671849317139561 ], [ -77.28119024291054, 38.671930177377618 ], [ -77.281396946048559, 38.67187265587016 ], [ -77.281605255756432, 38.671821255707734 ], [ -77.28194297389615, 38.671739184183842 ], [ -77.282418284465479, 38.671623673844238 ], [ -77.283360011804305, 38.671394810993014 ], [ -77.283675865184392, 38.671295384745079 ], [ -77.283817987877029, 38.671241628477595 ], [ -77.283957909253516, 38.67118237812354 ], [ -77.284095417020538, 38.671117723579499 ], [ -77.284230302546746, 38.671047762941484 ], [ -77.284362361179404, 38.670972602356088 ], [ -77.284486593307221, 38.670894946165191 ], [ -77.28460739762933, 38.670812058160486 ], [ -77.284724553960757, 38.670724089418457 ], [ -77.284837848765534, 38.670631200276063 ], [ -77.286136393089734, 38.669447387348903 ], [ -77.286807467532171, 38.668837474299551 ], [ -77.287718846641567, 38.667962522523197 ], [ -77.287640769003175, 38.667925985097362 ], [ -77.287633963126453, 38.667922800940495 ], [ -77.287355148940449, 38.66779232728809 ], [ -77.287145239994771, 38.667694096422579 ], [ -77.286527441234725, 38.667406923756118 ], [ -77.286678746468041, 38.667216240337055 ], [ -77.286658070664416, 38.66720647960048 ], [ -77.286652881024082, 38.667203954511855 ], [ -77.286607259462812, 38.667181752591411 ], [ -77.286338435811345, 38.667051444850927 ], [ -77.286192938202561, 38.666981626467269 ], [ -77.285841122515933, 38.666813730789372 ], [ -77.285683055371848, 38.666736402621027 ], [ -77.285422503773532, 38.666609266984636 ], [ -77.28521229489381, 38.666508397776987 ], [ -77.285035084911954, 38.666423661589469 ], [ -77.284886995723667, 38.666352098343232 ], [ -77.285352965709805, 38.665518505278015 ], [ -77.285450565576838, 38.665343904123766 ], [ -77.285471965340349, 38.665305615801572 ], [ -77.285536486522957, 38.6651901901541 ], [ -77.285817843167578, 38.664656597396998 ], [ -77.285838515421318, 38.664672376619912 ], [ -77.286538835170859, 38.665206912713991 ], [ -77.286538897573166, 38.665206960210185 ], [ -77.287720762626478, 38.666109025327735 ], [ -77.288465574803539, 38.666677498482834 ], [ -77.288714513012565, 38.666867496275479 ], [ -77.288773745920778, 38.666912703424195 ], [ -77.288858408509654, 38.666801967951002 ], [ -77.288938235005119, 38.666687697090332 ], [ -77.289013077970253, 38.666570101896774 ], [ -77.289068998630768, 38.666473910743434 ], [ -77.289121346996566, 38.666375729753163 ], [ -77.289170052363815, 38.666275691533201 ], [ -77.289259934489749, 38.666076308250176 ], [ -77.289354792608705, 38.665879243724248 ], [ -77.28945456695476, 38.66568462211707 ], [ -77.289559194664491, 38.665492566051128 ], [ -77.28966860981663, 38.66530319653247 ], [ -77.289731454896682, 38.665198955552448 ], [ -77.289807427320582, 38.665077009279315 ], [ -77.289885304769271, 38.664956270695122 ], [ -77.290026453156187, 38.66474745632636 ], [ -77.290173059741861, 38.664542437261964 ], [ -77.290325022529743, 38.66434135613698 ], [ -77.290482235796901, 38.664144352846755 ], [ -77.29065812712453, 38.663958003244666 ], [ -77.290658144630839, 38.663957987208384 ], [ -77.291060674494531, 38.663531504547052 ], [ -77.29113934158211, 38.663456686394639 ], [ -77.291139363774647, 38.663456665000936 ], [ -77.29215628786578, 38.662489450866858 ], [ -77.292265396133573, 38.662388554479897 ], [ -77.292378844467009, 38.662292564008254 ], [ -77.292496412468765, 38.662201665933651 ], [ -77.29261787173823, 38.662116036844765 ], [ -77.29274298631519, 38.662035843094145 ], [ -77.292871513138181, 38.661961240475051 ], [ -77.293003202516772, 38.661892373918796 ], [ -77.293137798616584, 38.661829377213181 ], [ -77.293275039956328, 38.661772372742583 ], [ -77.293424485020751, 38.661716163738269 ], [ -77.293565392112384, 38.661669391061437 ], [ -77.29370793542634, 38.661627871241912 ], [ -77.294335060358776, 38.661455174853401 ], [ -77.294534222675125, 38.661400328712453 ], [ -77.295793123029028, 38.661053641845285 ], [ -77.2972862684571, 38.660642427231039 ], [ -77.297654367183824, 38.660540948959202 ], [ -77.298774835596603, 38.660232054904895 ], [ -77.29913483562899, 38.660132805266663 ], [ -77.299228414165242, 38.660106639771854 ], [ -77.299321313056865, 38.660078155188266 ], [ -77.299262795715535, 38.660011352250166 ], [ -77.298830365527678, 38.659517683641369 ], [ -77.298638665070982, 38.65929761075315 ], [ -77.298437473810651, 38.65906664402246 ], [ -77.298383126757386, 38.659004251228914 ], [ -77.298288457005512, 38.658895570772842 ], [ -77.298202626141247, 38.658799749254996 ], [ -77.297975975866663, 38.658546710097731 ], [ -77.29791977175249, 38.65848396465622 ], [ -77.297621849326163, 38.658378442783011 ], [ -77.297551349114315, 38.65835347229779 ], [ -77.297497953399244, 38.658334559769536 ], [ -77.297470607281227, 38.658324875653861 ], [ -77.297475197207817, 38.658288452267932 ], [ -77.297471869689431, 38.658186039325223 ], [ -77.297471320837417, 38.658169166066685 ], [ -77.297471281610427, 38.658167937666349 ], [ -77.297467532495858, 38.658052658401445 ], [ -77.297491652365025, 38.657904959933262 ], [ -77.298874649262373, 38.657907935634896 ], [ -77.299182643359444, 38.657908595861798 ], [ -77.299237230492494, 38.657908650309381 ], [ -77.29941409973334, 38.657912195430406 ], [ -77.299590787709477, 38.657920950733406 ], [ -77.299767140973671, 38.657934908614727 ], [ -77.299943006369361, 38.657954056952441 ], [ -77.300118231163722, 38.657978379116891 ], [ -77.30020310078352, 38.657868085897199 ], [ -77.300240728404404, 38.65781994445198 ], [ -77.300279935143394, 38.657769779422495 ], [ -77.300437568165776, 38.657568085032295 ], [ -77.300518036870855, 38.657465120781985 ], [ -77.301292180425065, 38.656474564746574 ], [ -77.301265128487316, 38.656361745377545 ], [ -77.301223268461158, 38.656187169093037 ], [ -77.300997607790379, 38.655245981680054 ], [ -77.301009782439294, 38.655053254006745 ], [ -77.301044845505331, 38.654498257297497 ], [ -77.301045947919675, 38.654480772099483 ], [ -77.301064941728328, 38.654179104440118 ], [ -77.301636595360876, 38.653893355415924 ], [ -77.300630473611719, 38.652931010264176 ], [ -77.299454500429718, 38.653518981542945 ], [ -77.298411009720937, 38.652137620397212 ], [ -77.298410383035133, 38.652137926595323 ], [ -77.297708363528372, 38.652480624482749 ], [ -77.296870406377153, 38.652889661144521 ], [ -77.296647703829834, 38.652610111096216 ], [ -77.296492174197596, 38.652590555362565 ], [ -77.296469975088414, 38.652587965741695 ], [ -77.295635192976192, 38.652696855773343 ], [ -77.295378950644988, 38.652916410519147 ], [ -77.295038322925791, 38.652985450568394 ], [ -77.294003159581948, 38.652548893343869 ], [ -77.293206329064589, 38.651990216342938 ], [ -77.292966143217654, 38.65108403590709 ], [ -77.292926843394397, 38.650923422202993 ], [ -77.292867639027818, 38.650908660432165 ], [ -77.29280718628803, 38.65089743281203 ], [ -77.292647733268751, 38.650878281933423 ], [ -77.292512245516306, 38.650865642369588 ], [ -77.292365774230518, 38.650855464266961 ], [ -77.292210060556059, 38.650848536765082 ], [ -77.292111737278134, 38.650848886319388 ], [ -77.29216187874222, 38.65134707700782 ], [ -77.292210807185924, 38.651843924398911 ], [ -77.292210882338054, 38.651844649540955 ], [ -77.292307856908266, 38.652804767281047 ], [ -77.290769686354849, 38.653036972733993 ], [ -77.290660509597572, 38.653053447776777 ], [ -77.290546768855819, 38.653065016723254 ], [ -77.290710334870184, 38.65383620276841 ], [ -77.290749913426779, 38.654028721905163 ], [ -77.290761175661046, 38.654195328121638 ], [ -77.290741706197821, 38.654259832584579 ], [ -77.290720491735115, 38.654323975755382 ], [ -77.290697535158955, 38.654387585580771 ], [ -77.290672395891349, 38.654450829590779 ], [ -77.290671054011355, 38.654452532045191 ], [ -77.290629670229805, 38.654518526425129 ], [ -77.290585670073327, 38.654583978415921 ], [ -77.290540371207172, 38.654648558364407 ], [ -77.29049333303854, 38.65471243470023 ], [ -77.290444117893898, 38.654775601998324 ], [ -77.29027282982986, 38.655017374230063 ], [ -77.290099248084658, 38.65525923242388 ], [ -77.289858758570048, 38.655606867115729 ], [ -77.289822766949584, 38.655664170494603 ], [ -77.289783261364974, 38.655722788966791 ], [ -77.289743778343606, 38.655780061634694 ], [ -77.28970081826013, 38.655835907271047 ], [ -77.289636074897587, 38.655907362836743 ], [ -77.28954028263189, 38.656033578018054 ], [ -77.289089100239693, 38.655958580112774 ], [ -77.288882723973614, 38.655866047242512 ], [ -77.288661296608623, 38.655777392736724 ], [ -77.288441912625274, 38.655685670483564 ], [ -77.288224637024626, 38.655590910898425 ], [ -77.288224586856856, 38.655590887855332 ], [ -77.288077143160024, 38.655503553882056 ], [ -77.287918251982092, 38.655424502589312 ], [ -77.287358128467162, 38.655229906282607 ], [ -77.287349087354642, 38.655227639531525 ], [ -77.287194474514962, 38.655174613257302 ], [ -77.287106422778763, 38.65514855105026 ], [ -77.287016638703221, 38.655129285364126 ], [ -77.287005203596777, 38.655127331639079 ], [ -77.286944630428621, 38.655118791708588 ], [ -77.286883713418817, 38.655113209860389 ], [ -77.286872046310464, 38.655112478114368 ], [ -77.286871001705393, 38.655112420440084 ], [ -77.28686620805243, 38.655112152735036 ], [ -77.286854527872649, 38.655111583023505 ], [ -77.286782461627013, 38.655110440906114 ], [ -77.286710446730055, 38.655113390958597 ], [ -77.286638715361974, 38.655120423669807 ], [ -77.286551159167047, 38.655133951705608 ], [ -77.286464965917489, 38.655154441184727 ], [ -77.286380688184664, 38.655181760752328 ], [ -77.286298866259855, 38.655215735266964 ], [ -77.28622002469055, 38.655256146923371 ], [ -77.286144668917657, 38.655302736648778 ], [ -77.286073282035147, 38.65535520576379 ], [ -77.285777573900845, 38.655600387036415 ], [ -77.285571319052281, 38.655771399245467 ], [ -77.285473149985918, 38.655850643578951 ], [ -77.285372961049717, 38.655927318262151 ], [ -77.285495255186433, 38.656028214488067 ], [ -77.285500103104056, 38.65603221546305 ], [ -77.285339824885639, 38.656165641630004 ], [ -77.285339648862845, 38.656165791163957 ], [ -77.285339592899533, 38.656165839234824 ], [ -77.285339559113041, 38.656165866813815 ], [ -77.285302041368439, 38.656197284818361 ], [ -77.285301331563005, 38.656197881092631 ], [ -77.285300736012232, 38.656198379447481 ], [ -77.285237495009838, 38.656251339919308 ], [ -77.284913621162914, 38.65638525810428 ], [ -77.284727388446683, 38.656462263915536 ], [ -77.284008397296759, 38.656822443195068 ], [ -77.283901148606134, 38.657021150839277 ], [ -77.28382260369672, 38.657474084984912 ], [ -77.2836736801287, 38.657652217758582 ], [ -77.283592942035412, 38.657748867510605 ], [ -77.283284302677757, 38.657967811185159 ], [ -77.28312073120486, 38.658020884606373 ], [ -77.282524134374711, 38.658214455904094 ], [ -77.282332193421766, 38.65837367639908 ], [ -77.282152057549808, 38.658374827210842 ], [ -77.282144832275108, 38.65837388353161 ], [ -77.282122937466369, 38.658371024085518 ], [ -77.281929221709689, 38.658261532197663 ], [ -77.281760787222836, 38.658203523183168 ], [ -77.281740883581506, 38.658196668832716 ], [ -77.281311472153533, 38.658076789253421 ], [ -77.281277890674616, 38.658067413023062 ], [ -77.279863691450132, 38.658966516159033 ], [ -77.279091963594738, 38.659891271818701 ], [ -77.278921074174974, 38.660056713886952 ], [ -77.278237467917123, 38.660514684304786 ], [ -77.277585395736367, 38.661688232942787 ], [ -77.277335483519536, 38.662118623615214 ], [ -77.27704228597996, 38.662795386025053 ], [ -77.276467699767082, 38.663350217607018 ], [ -77.276018926974587, 38.664311166502941 ], [ -77.275749447171009, 38.664592317975469 ], [ -77.275714303961649, 38.664625501121868 ], [ -77.275522173301397, 38.664806938745933 ], [ -77.275196190475981, 38.665114777112734 ], [ -77.27509795571514, 38.665207543239795 ], [ -77.275096251856937, 38.665207861470478 ], [ -77.27509114365246, 38.665208820702318 ], [ -77.27508603550919, 38.665209776330791 ], [ -77.275080922769945, 38.665210731910967 ], [ -77.275075814626376, 38.665211687539013 ], [ -77.275070697337085, 38.665212640368296 ], [ -77.275065593850343, 38.665213592440779 ], [ -77.275060481171877, 38.665214544416862 ], [ -77.275055368539284, 38.66521549369044 ], [ -77.275050255921911, 38.665216442062878 ], [ -77.275045143350383, 38.665217387732746 ], [ -77.275040031927674, 38.665218333414458 ], [ -77.275034914760099, 38.665219279035803 ], [ -77.275029802203477, 38.665220223804219 ], [ -77.275024689692771, 38.665221165870072 ], [ -77.275019573796371, 38.665222104296426 ], [ -77.275014461346728, 38.665223042758633 ], [ -77.275009344285806, 38.665223982073329 ], [ -77.275004227194074, 38.665224923189349 ], [ -77.274999111404512, 38.665225855309252 ], [ -77.274993994419845, 38.665226790119299 ], [ -77.274988877481064, 38.66522772222676 ], [ -77.274983761706366, 38.665228653445247 ], [ -77.274978644767344, 38.665229585552233 ], [ -77.274973524457977, 38.665230513118964 ], [ -77.274968407579976, 38.66523144162236 ], [ -77.274963290701834, 38.66523237012553 ], [ -77.274958170453445, 38.665233294088402 ], [ -77.274953049040619, 38.665234218939879 ], [ -77.274947928776584, 38.665235143803095 ], [ -77.274942812020569, 38.665236065099045 ], [ -77.274937691817598, 38.665236986358664 ], [ -77.274932565931138, 38.665237903954775 ], [ -77.274927445773955, 38.665238822511576 ], [ -77.274922325631934, 38.665239740167365 ], [ -77.274917204340838, 38.665240657810891 ], [ -77.274912084305868, 38.665241569160692 ], [ -77.274906958480102, 38.66524248315249 ], [ -77.274901833910434, 38.665243390850563 ], [ -77.274896713829094, 38.66524430490206 ], [ -77.274891588110236, 38.665245212587678 ], [ -77.274886468074641, 38.665246123936313 ], [ -77.274881339031381, 38.665247024379063 ], [ -77.274876213250806, 38.665247935667146 ], [ -77.274871088741691, 38.665248839760721 ], [ -77.274865964293838, 38.665249740250886 ], [ -77.274860839784537, 38.665250644343971 ], [ -77.274855710740567, 38.665251544785605 ], [ -77.274850585204703, 38.665252441659881 ], [ -77.274845456206535, 38.665253339398674 ], [ -77.274840331819348, 38.665254236284532 ], [ -77.274835202836243, 38.665255133122095 ], [ -77.274830073899039, 38.665256027257058 ], [ -77.274824944961694, 38.665256921391752 ], [ -77.274819816100901, 38.6652578110223 ], [ -77.274814686075658, 38.665258701541376 ], [ -77.274809557199276, 38.665259592072232 ], [ -77.274804423788325, 38.665260478951595 ], [ -77.274799299568798, 38.665261365926938 ], [ -77.274794166218939, 38.665262249202712 ], [ -77.274789037403394, 38.665263136129518 ], [ -77.274783899518795, 38.665264015753579 ], [ -77.274778770764343, 38.665264899076732 ], [ -77.274773642055763, 38.6652657796973 ], [ -77.274768508766599, 38.665266659368797 ], [ -77.274763376733617, 38.665267532746476 ], [ -77.27475824344414, 38.665268412417504 ], [ -77.274753110215968, 38.665269288485121 ], [ -77.274747977033684, 38.665270161850131 ], [ -77.274742839255438, 38.665271035166811 ], [ -77.274737706134218, 38.665271904928218 ], [ -77.274732573012884, 38.665272774689377 ], [ -77.274727436459926, 38.665273643513444 ], [ -77.274722303338294, 38.665274513274163 ], [ -77.274717165682176, 38.66527537938336 ], [ -77.27471202807186, 38.665276242790007 ], [ -77.274706891564421, 38.665277108910786 ], [ -77.274701753969282, 38.665277971416174 ], [ -77.27469661637393, 38.665278833921256 ], [ -77.274691478885885, 38.665279690120649 ], [ -77.274686342500573, 38.665280549034208 ], [ -77.274681204950937, 38.665281408836279 ], [ -77.274676063969594, 38.665282267701286 ], [ -77.274670926542427, 38.665283120296579 ], [ -77.27466578911509, 38.665283972891658 ], [ -77.274660648240769, 38.665284825450392 ], [ -77.274655506217371, 38.665285677996927 ], [ -77.274650365404213, 38.665286526952059 ], [ -77.274645671670029, 38.665287304905782 ], [ -77.274645232572169, 38.665287379594339 ], [ -77.275186773735271, 38.666199262672279 ], [ -77.275453049538456, 38.66664762508362 ], [ -77.276175330468362, 38.66766867960591 ], [ -77.276766181912478, 38.6685029501404 ], [ -77.276884991041968, 38.668670705356277 ], [ -77.277136746016566, 38.669026720959366 ], [ -77.277149063701955, 38.669044143386486 ], [ -77.277149165380834, 38.669044111113152 ], [ -77.277477909796133, 38.668942954093644 ], [ -77.277894154774515, 38.668815620504787 ], [ -77.280518566637028, 38.668007251841111 ], [ -77.28109691626581, 38.669328738889988 ] ] ], [ [ [ -77.594236418255605, 38.670578023458681 ], [ -77.594042316589466, 38.67104179744392 ], [ -77.593805990586944, 38.671902036661827 ], [ -77.593509695819179, 38.673038817556197 ], [ -77.593381903945257, 38.673464193043749 ], [ -77.593283926485, 38.673790328197008 ], [ -77.593090309024575, 38.674561311977541 ], [ -77.593020178509718, 38.674810136016063 ], [ -77.59288394216756, 38.675266461287073 ], [ -77.592723658305303, 38.675824029654585 ], [ -77.592532944275021, 38.676468032740424 ], [ -77.592374520853511, 38.67701617246675 ], [ -77.592221606064513, 38.67754462099083 ], [ -77.592092419106848, 38.677996708767495 ], [ -77.592033859154384, 38.678195679569065 ], [ -77.592685133496985, 38.678358621529092 ], [ -77.593204620160179, 38.678485700188986 ], [ -77.593728450666333, 38.678616070553957 ], [ -77.594283285191295, 38.678752342393366 ], [ -77.594786141434469, 38.678879113292801 ], [ -77.594900963225484, 38.678906430890102 ], [ -77.595062254786967, 38.67962592623978 ], [ -77.595189100956787, 38.680194641124878 ], [ -77.595325317744582, 38.680784361830547 ], [ -77.595440989592589, 38.681301673882828 ], [ -77.595552983353713, 38.681798186773015 ], [ -77.595688589231813, 38.682402150970439 ], [ -77.595809640653712, 38.682944903467082 ], [ -77.595920847848546, 38.683434716847515 ], [ -77.596029178928362, 38.683909579722574 ], [ -77.59612078055028, 38.684321498920546 ], [ -77.596227827645606, 38.684794292112798 ], [ -77.596303856876531, 38.68512164827726 ], [ -77.596358252714239, 38.685393234872855 ], [ -77.596479977947197, 38.685953154789566 ], [ -77.596483650917918, 38.685968948209222 ], [ -77.59659091127439, 38.686430267593664 ], [ -77.596718137598756, 38.687005500936003 ], [ -77.596840618323952, 38.687540196914824 ], [ -77.59693971115162, 38.687984438179782 ], [ -77.597388833473886, 38.687722054161235 ], [ -77.597743921015223, 38.687519352118791 ], [ -77.598103476962194, 38.687309482416687 ], [ -77.598527874706363, 38.68706200658054 ], [ -77.598900185326841, 38.686847423543064 ], [ -77.599291047443529, 38.686619941278749 ], [ -77.59942031967384, 38.686543533383819 ], [ -77.599586727405892, 38.686456408887608 ], [ -77.600821452540117, 38.685723807945351 ], [ -77.60158507562052, 38.685278468149832 ], [ -77.604108492482936, 38.68379608804424 ], [ -77.607157588722146, 38.682007709770502 ], [ -77.607945390399422, 38.681541378593622 ], [ -77.608241574550092, 38.681366051607675 ], [ -77.608412208285714, 38.681265042143451 ], [ -77.609848225306337, 38.680404800596833 ], [ -77.611808235219598, 38.679272204857412 ], [ -77.613211722374956, 38.678467120537775 ], [ -77.610706848702804, 38.674696416964139 ], [ -77.610100553073494, 38.673783659936987 ], [ -77.608217312397116, 38.673705747014367 ], [ -77.608093898823299, 38.673700688130651 ], [ -77.605389680599245, 38.673594934847607 ], [ -77.605267031677471, 38.673563619859962 ], [ -77.599600851167338, 38.672117160978082 ], [ -77.59889204633717, 38.671936308585039 ], [ -77.594441522050914, 38.670806155093238 ], [ -77.594731641147717, 38.669949587198168 ], [ -77.594705006936067, 38.66994371722646 ], [ -77.594677933774122, 38.669937844755928 ], [ -77.59465130388881, 38.66993163155621 ], [ -77.594624234004115, 38.669925590627066 ], [ -77.594597606326559, 38.669919202654356 ], [ -77.594570538649648, 38.669912986952021 ], [ -77.594543910936238, 38.669906602570393 ], [ -77.59452950691437, 38.669903058698267 ], [ -77.594236418255605, 38.670578023458681 ] ] ], [ [ [ -77.489616676630632, 38.720440854077303 ], [ -77.489578294939818, 38.720470027297246 ], [ -77.489309252096575, 38.720684947305109 ], [ -77.496107276319037, 38.723458362157984 ], [ -77.496452804514732, 38.723604827815862 ], [ -77.496795519143703, 38.723757761154467 ], [ -77.497135299155019, 38.723917108155909 ], [ -77.497472024534332, 38.724082812536921 ], [ -77.497805576346209, 38.724254815768745 ], [ -77.498135836776157, 38.72443305709777 ], [ -77.498462689172229, 38.724617473567029 ], [ -77.498786018086278, 38.724808000038422 ], [ -77.499105709314648, 38.725004569215727 ], [ -77.499421649938583, 38.725207111668347 ], [ -77.499733728364049, 38.725415555855868 ], [ -77.500041834361241, 38.725629828153316 ], [ -77.500345859103433, 38.725849852877154 ], [ -77.500645695205449, 38.726075552312011 ], [ -77.500941236761577, 38.726306846738147 ], [ -77.501232379383012, 38.726543654459604 ], [ -77.501519020234696, 38.726785891833067 ], [ -77.501801058071663, 38.727033473297404 ], [ -77.504936801185153, 38.729829448711797 ], [ -77.504796220280298, 38.729994378311837 ], [ -77.504745743467311, 38.730053891133373 ], [ -77.504641601023081, 38.730176680678092 ], [ -77.50464157999852, 38.730176703923284 ], [ -77.504590851510741, 38.730236515446137 ], [ -77.50298607207003, 38.732125496510037 ], [ -77.502894591831691, 38.732341259405644 ], [ -77.502698157253221, 38.732804562689694 ], [ -77.502619703055288, 38.732989599693319 ], [ -77.502536496791407, 38.733185843214706 ], [ -77.502453290023368, 38.733382090272343 ], [ -77.502370082901137, 38.733578330056446 ], [ -77.502274092174758, 38.733804721769111 ], [ -77.502170797155713, 38.734048340660088 ], [ -77.502153698569771, 38.734088667766187 ], [ -77.502062052610384, 38.734305485328626 ], [ -77.501940128310849, 38.734593932539852 ], [ -77.501865640048109, 38.734770156697863 ], [ -77.500649562880582, 38.737646988837511 ], [ -77.500615563513449, 38.737727398309197 ], [ -77.50061255448594, 38.737734508791647 ], [ -77.500665240543825, 38.737775469409051 ], [ -77.500906998800389, 38.737963424994597 ], [ -77.501030758634755, 38.738043374692126 ], [ -77.501029544538639, 38.738044656254829 ], [ -77.501061811147792, 38.738069152326986 ], [ -77.501183806592053, 38.73815615539025 ], [ -77.501315046920041, 38.738240773095235 ], [ -77.501315149544766, 38.738240837934498 ], [ -77.501451655484729, 38.738320121893217 ], [ -77.501451797002048, 38.738320202379249 ], [ -77.501593271866682, 38.738393979773683 ], [ -77.501593402070398, 38.738394046649503 ], [ -77.501739518126044, 38.738462143497173 ], [ -77.501739598148731, 38.738462179314375 ], [ -77.501890012617082, 38.738524427812308 ], [ -77.503522111857478, 38.739158957618173 ], [ -77.505278942195673, 38.739841943430676 ], [ -77.505384918289167, 38.73988314149301 ], [ -77.506994090461205, 38.740508686144274 ], [ -77.507514427770445, 38.740205081955615 ], [ -77.507514579687282, 38.740204993150677 ], [ -77.508289819030907, 38.73975265066283 ], [ -77.512597380691659, 38.737240619480154 ], [ -77.512597519845528, 38.737240537768471 ], [ -77.513004295468818, 38.737010469849807 ], [ -77.513131156780943, 38.736938717298642 ], [ -77.513655840146924, 38.736620887329188 ], [ -77.51365701708491, 38.73662019992716 ], [ -77.514828120301672, 38.735936725935595 ], [ -77.514199635479557, 38.734518152330708 ], [ -77.512912750067599, 38.732185668171006 ], [ -77.512686737385209, 38.731493879795309 ], [ -77.512688034285816, 38.731493078096541 ], [ -77.513083599256987, 38.731248633275712 ], [ -77.513559677725993, 38.73095169740624 ], [ -77.513575575608741, 38.730941780622231 ], [ -77.513588566276951, 38.730933679032923 ], [ -77.513594947930741, 38.730929698453139 ], [ -77.512710623500979, 38.729652620061408 ], [ -77.511429531302426, 38.727802464204764 ], [ -77.511294573703665, 38.727607551563757 ], [ -77.511295702521707, 38.727607092611578 ], [ -77.511293383948654, 38.727605834292895 ], [ -77.511258907526837, 38.727556033655027 ], [ -77.511257550772612, 38.727554082538774 ], [ -77.509890092967851, 38.725579058824117 ], [ -77.509859253919402, 38.725534517381064 ], [ -77.509860581944935, 38.725533036686166 ], [ -77.509858001101193, 38.725532707668108 ], [ -77.508485692059395, 38.72355050517379 ], [ -77.507767764253288, 38.722513461798265 ], [ -77.507765968091647, 38.722510864564263 ], [ -77.507806657346336, 38.72244467644343 ], [ -77.508439927467791, 38.72141449766351 ], [ -77.508150973920351, 38.721175553647463 ], [ -77.506978283885104, 38.720205898102513 ], [ -77.506932761898085, 38.720234346155031 ], [ -77.506843434685393, 38.720293828874524 ], [ -77.506752504244673, 38.720342486038241 ], [ -77.506658047566006, 38.720392658311539 ], [ -77.506565187193132, 38.720422416662089 ], [ -77.506472566130284, 38.720434846938765 ], [ -77.506374449035221, 38.720432473526479 ], [ -77.50626024668108, 38.720421547260116 ], [ -77.506153095468221, 38.720407423872601 ], [ -77.506073698630729, 38.720382042812496 ], [ -77.505980985639752, 38.720369754374516 ], [ -77.505890680756366, 38.720373107284892 ], [ -77.505817034264354, 38.720375742887875 ], [ -77.505749503136045, 38.720380147479709 ], [ -77.505678344836781, 38.720361351481522 ], [ -77.505567661471517, 38.72031750607588 ], [ -77.505503693174461, 38.720285727516668 ], [ -77.505439583491494, 38.720232494193709 ], [ -77.505386301733495, 38.720188277222412 ], [ -77.50535240893376, 38.720136158899308 ], [ -77.505321687280826, 38.720076516000219 ], [ -77.505298536710868, 38.720008012880321 ], [ -77.505282215302827, 38.71995261119892 ], [ -77.505271688831201, 38.719890050472998 ], [ -77.50528197724816, 38.719843112660222 ], [ -77.505323751326486, 38.719768638926624 ], [ -77.505369825337596, 38.719700551337702 ], [ -77.505441315810359, 38.719631992958767 ], [ -77.505510602666163, 38.719564274408 ], [ -77.505579913119732, 38.719494839770306 ], [ -77.505677065182184, 38.719408135633628 ], [ -77.505737760604305, 38.719327987070926 ], [ -77.505846384927196, 38.719171699628731 ], [ -77.505865934271483, 38.71912072134122 ], [ -77.505885783909079, 38.719047434392863 ], [ -77.505897479320154, 38.718962064536356 ], [ -77.505888480957964, 38.718852319588926 ], [ -77.505845758267427, 38.718741602019442 ], [ -77.505792749539651, 38.718646419056377 ], [ -77.50572205402392, 38.718562580788905 ], [ -77.505682985387125, 38.718504583382135 ], [ -77.50555854657452, 38.718378412529326 ], [ -77.505461197271913, 38.718289371223285 ], [ -77.505340385159954, 38.71818605744361 ], [ -77.50526396483049, 38.718104058609889 ], [ -77.505163206418942, 38.718008465464493 ], [ -77.505085878208149, 38.71796078374193 ], [ -77.504962188178567, 38.717875637339887 ], [ -77.504816017430372, 38.717800254107487 ], [ -77.504675162104689, 38.717720796846734 ], [ -77.50456368221343, 38.717639872722351 ], [ -77.504482112742721, 38.717613781979196 ], [ -77.504400357149208, 38.717569491068879 ], [ -77.504268206148325, 38.717494226259134 ], [ -77.504139347297283, 38.717434439107429 ], [ -77.504044540064029, 38.717383515277284 ], [ -77.503908285847388, 38.717288306704766 ], [ -77.503774031514595, 38.717175265997007 ], [ -77.503648794596515, 38.717044108679957 ], [ -77.503543006493473, 38.716931999847816 ], [ -77.503406772281082, 38.716803838882726 ], [ -77.503294909006954, 38.71668755464421 ], [ -77.503190411316709, 38.716577169097341 ], [ -77.50307955095488, 38.716451797509954 ], [ -77.502980428514235, 38.716333048332977 ], [ -77.50286952131114, 38.716211108632059 ], [ -77.502751500407399, 38.716065080800981 ], [ -77.502613810911626, 38.715915625001053 ], [ -77.502588497712694, 38.715845386597877 ], [ -77.502508871047013, 38.715742591531559 ], [ -77.502420399844425, 38.715614148554565 ], [ -77.502367990950106, 38.715507467012991 ], [ -77.502315898773404, 38.715346381711321 ], [ -77.502280838846104, 38.715126063714017 ], [ -77.502277148437756, 38.71501310583173 ], [ -77.50224522436659, 38.714598012614552 ], [ -77.502233876680464, 38.714374161277583 ], [ -77.502232478034898, 38.71434658577936 ], [ -77.502222868535753, 38.714157088625349 ], [ -77.502270090197456, 38.713626994105134 ], [ -77.502335630475926, 38.713007991616948 ], [ -77.502396585201453, 38.712624756356917 ], [ -77.502462772662781, 38.712401176800753 ], [ -77.502587214985326, 38.712146858287269 ], [ -77.502861772276205, 38.711745536021851 ], [ -77.502952894313225, 38.711603167251525 ], [ -77.502927790193553, 38.711598473350826 ], [ -77.501109631856835, 38.711258491129769 ], [ -77.49782724773911, 38.713290077854268 ], [ -77.497530064518699, 38.713474005030932 ], [ -77.497791514154088, 38.713726355601302 ], [ -77.497230374597635, 38.714712677602677 ], [ -77.497199274443631, 38.714767342240187 ], [ -77.496228810026111, 38.714310993931804 ], [ -77.495599010753295, 38.714014831610733 ], [ -77.49480912093172, 38.713643377533607 ], [ -77.494294665322144, 38.714426311989897 ], [ -77.49395525183634, 38.714942844603151 ], [ -77.493260306306226, 38.716000412987306 ], [ -77.493326309257228, 38.716017295702251 ], [ -77.493120940844477, 38.716328887761129 ], [ -77.492714709233056, 38.716945303976409 ], [ -77.492327638136061, 38.717517311499705 ], [ -77.492254121954744, 38.717625953467831 ], [ -77.492248901025874, 38.717623337344342 ], [ -77.491121939301863, 38.717035605641271 ], [ -77.490455542263589, 38.716692586301733 ], [ -77.490449442588172, 38.716699741999903 ], [ -77.489977565822159, 38.717262970531323 ], [ -77.491377811112756, 38.719117661792062 ], [ -77.489616676630632, 38.720440854077303 ] ] ], [ [ [ -77.51479820562966, 38.747139522317127 ], [ -77.515039518539169, 38.747287447238257 ], [ -77.517893601713766, 38.749072643115305 ], [ -77.517950764495396, 38.749313396478456 ], [ -77.517950838515844, 38.749313452054047 ], [ -77.518427746096634, 38.749672413756457 ], [ -77.519443696436113, 38.75030219958068 ], [ -77.51973319448885, 38.75048164312534 ], [ -77.519733388778519, 38.750481569073578 ], [ -77.521261751312068, 38.749880854147818 ], [ -77.521693016109197, 38.749711342432192 ], [ -77.521693119052671, 38.749711301849459 ], [ -77.522252614800308, 38.749618221921217 ], [ -77.522469223146771, 38.749520030118639 ], [ -77.522561371170312, 38.749478255736868 ], [ -77.524403167116404, 38.748643319891166 ], [ -77.524616100636294, 38.748550818846113 ], [ -77.52458881679263, 38.748504858064642 ], [ -77.524416444830436, 38.748228918378345 ], [ -77.524231058316175, 38.74795500253348 ], [ -77.524200526514477, 38.747905876748362 ], [ -77.523823362095797, 38.747285927903285 ], [ -77.523563793902497, 38.746915825534209 ], [ -77.523434301493495, 38.746748162302545 ], [ -77.523232247737056, 38.746477348250757 ], [ -77.522913309002419, 38.746093919742314 ], [ -77.522669047502106, 38.745883940835441 ], [ -77.522481003672866, 38.745710021570495 ], [ -77.522295148766261, 38.745557421366854 ], [ -77.522144421915726, 38.745446517029968 ], [ -77.522140044076309, 38.745443515614561 ], [ -77.522000326057409, 38.745355594149217 ], [ -77.521391436268374, 38.744991989798031 ], [ -77.521163392626462, 38.744872695337797 ], [ -77.520929563715171, 38.744743741191009 ], [ -77.520788131714724, 38.744669533804064 ], [ -77.520643162541305, 38.744597356171688 ], [ -77.520381396417235, 38.744476236948636 ], [ -77.520314730864243, 38.744447361474712 ], [ -77.520179605998777, 38.744392599954374 ], [ -77.520042018963338, 38.744341593408514 ], [ -77.519902187117609, 38.74429426076231 ], [ -77.519806517457368, 38.74426488211801 ], [ -77.519760557979154, 38.74425076791433 ], [ -77.519617117573844, 38.744211210237978 ], [ -77.519471869351747, 38.7441756706394 ], [ -77.519251158479292, 38.744129716511821 ], [ -77.519076028667584, 38.744100235479671 ], [ -77.518651240313076, 38.744054587591783 ], [ -77.518349111768273, 38.744030526029483 ], [ -77.518037520797719, 38.744027916188891 ], [ -77.517707313507245, 38.744046681287685 ], [ -77.516990627285836, 38.744177052271127 ], [ -77.516622679696567, 38.744274459067938 ], [ -77.516290993266978, 38.7444008738536 ], [ -77.51593132347061, 38.744562946884301 ], [ -77.5157282339663, 38.744668908729388 ], [ -77.514951929348911, 38.74513612814934 ], [ -77.514554313986054, 38.745391189967755 ], [ -77.514202815363234, 38.745625102908605 ], [ -77.513966510492168, 38.74579414075594 ], [ -77.51378371278129, 38.746044386871318 ], [ -77.513501457042111, 38.746426789113059 ], [ -77.513397144789764, 38.746583283235601 ], [ -77.513602545058404, 38.746391641187628 ], [ -77.51479820562966, 38.747139522317127 ] ] ], [ [ [ -77.523846284841198, 38.752553140079797 ], [ -77.523864399883109, 38.75267247681483 ], [ -77.523876075478654, 38.752792614617121 ], [ -77.523881277883277, 38.752913206267159 ], [ -77.523879992061111, 38.7530339032337 ], [ -77.523724513696521, 38.75498043288853 ], [ -77.52375187575619, 38.754986126549568 ], [ -77.524576739647969, 38.755134662006967 ], [ -77.524838390920976, 38.755179248022465 ], [ -77.524896502084843, 38.755187025119575 ], [ -77.524958631253298, 38.755198938340087 ], [ -77.525013806014414, 38.755208513494203 ], [ -77.525067855946276, 38.755215345012374 ], [ -77.525137608282677, 38.755223217894709 ], [ -77.525200969730619, 38.755230127679809 ], [ -77.525261434162687, 38.755236099823421 ], [ -77.525317252899399, 38.755241122494702 ], [ -77.525378912465257, 38.755244826117313 ], [ -77.525484246584242, 38.755251781063954 ], [ -77.525535667587064, 38.755254453543799 ], [ -77.525693929758219, 38.755258069814204 ], [ -77.526003656770456, 38.755240077478767 ], [ -77.526207087041826, 38.755220013158088 ], [ -77.526402055936884, 38.755183562776182 ], [ -77.526593645881121, 38.755140284864694 ], [ -77.526750418142456, 38.755103517658632 ], [ -77.52686201449788, 38.755069092403588 ], [ -77.526958001858944, 38.755033178923647 ], [ -77.527659170571951, 38.754801059416955 ], [ -77.527993349988776, 38.754657981701996 ], [ -77.527931049932164, 38.754544442663054 ], [ -77.526589329432909, 38.75209920736431 ], [ -77.526403310613446, 38.752157155043413 ], [ -77.525118721680855, 38.752590421292822 ], [ -77.523991088926351, 38.75255652772001 ], [ -77.523846284841198, 38.752553140079797 ] ] ], [ [ [ -77.509672104293998, 38.806456539386041 ], [ -77.510269743284866, 38.807909036645221 ], [ -77.510276930456413, 38.807928662099791 ], [ -77.510631564949492, 38.808265968685994 ], [ -77.510608571510133, 38.808725034131719 ], [ -77.510608783179833, 38.808725549429049 ], [ -77.510715522346302, 38.808986285833292 ], [ -77.51271750423183, 38.808361970698591 ], [ -77.513791615521384, 38.808026903401952 ], [ -77.514522959402214, 38.807798785283438 ], [ -77.515011987729991, 38.807646290500955 ], [ -77.515161858256505, 38.807599540648852 ], [ -77.515163087453544, 38.807599156373321 ], [ -77.515605863997862, 38.807461033000976 ], [ -77.516056983619819, 38.807321513076609 ], [ -77.517190930910672, 38.80697169236349 ], [ -77.51811014353045, 38.806684887054587 ], [ -77.518142214888641, 38.806674878911096 ], [ -77.518492060141895, 38.806552965997774 ], [ -77.519822216574411, 38.806137915542649 ], [ -77.521383532926336, 38.80565071385621 ], [ -77.521362586609555, 38.80560446268629 ], [ -77.521249062090988, 38.805342651516021 ], [ -77.521279249872933, 38.805334169144849 ], [ -77.521167046919885, 38.805081549954508 ], [ -77.521121902571281, 38.804946873648547 ], [ -77.521091280507477, 38.804853664332512 ], [ -77.521046984942913, 38.804706150058408 ], [ -77.521002685723275, 38.804557650147515 ], [ -77.520957074538799, 38.804414275288096 ], [ -77.520954376286454, 38.80440579243141 ], [ -77.520908355332224, 38.804254990721525 ], [ -77.520861466799161, 38.804114131271653 ], [ -77.520809807489755, 38.803964560827325 ], [ -77.520756391215997, 38.803823538731265 ], [ -77.520697557859833, 38.803684311922204 ], [ -77.520638769115266, 38.803547909767723 ], [ -77.520600099292736, 38.803460363718578 ], [ -77.520578395547986, 38.803411230383389 ], [ -77.52051492414995, 38.803266350340891 ], [ -77.520452881273755, 38.803123619117137 ], [ -77.520390978217009, 38.802982979107071 ], [ -77.520195692284901, 38.802539316738894 ], [ -77.519839697562475, 38.801742696689679 ], [ -77.519775632736881, 38.801599336431956 ], [ -77.519775517633448, 38.801599081416555 ], [ -77.519754157197653, 38.80155127959376 ], [ -77.519733743843801, 38.801506295585284 ], [ -77.519721413579376, 38.801479124130793 ], [ -77.519715448476973, 38.801465897731489 ], [ -77.519692732321275, 38.801415534120622 ], [ -77.519666057916965, 38.801355901406545 ], [ -77.519749055747937, 38.801350825589971 ], [ -77.519767960728984, 38.801349670043528 ], [ -77.519800264103111, 38.801347694012485 ], [ -77.519890987757933, 38.801342145711487 ], [ -77.519980256109307, 38.801336686083872 ], [ -77.520055396688065, 38.801332091258359 ], [ -77.520131624654923, 38.801327369431498 ], [ -77.520136452640457, 38.801327070118326 ], [ -77.520928137753117, 38.8012780062285 ], [ -77.521800058110443, 38.801216366445772 ], [ -77.522671837143918, 38.801153404605095 ], [ -77.522674296369885, 38.801153229597581 ], [ -77.523543715683147, 38.801091388475889 ], [ -77.524415651579758, 38.801029863651927 ], [ -77.525287786989921, 38.800970063742575 ], [ -77.526159947336538, 38.800910518828843 ], [ -77.52630332751913, 38.80090129548055 ], [ -77.527032485775706, 38.800854395795291 ], [ -77.52780607171502, 38.800808457971257 ], [ -77.527807757384963, 38.800808358427453 ], [ -77.527905376951693, 38.800802556582617 ], [ -77.528777567362027, 38.800743352850048 ], [ -77.52964975385467, 38.800684070539987 ], [ -77.530521930488803, 38.800624723116933 ], [ -77.531394097164863, 38.800565317787495 ], [ -77.532266264144241, 38.800505861843696 ], [ -77.533138424396938, 38.800446364236606 ], [ -77.534010575510237, 38.800386833054503 ], [ -77.534882734617057, 38.80032727834849 ], [ -77.535754887769954, 38.800267709913655 ], [ -77.536588540348205, 38.80021076116325 ], [ -77.536627034908037, 38.800208132253942 ], [ -77.537499185083291, 38.80014855715558 ], [ -77.538371337024174, 38.800088993616946 ], [ -77.539243488296364, 38.800029451527948 ], [ -77.540115637725577, 38.799969932680789 ], [ -77.540987793166181, 38.799910452454831 ], [ -77.541860158837579, 38.799852876474851 ], [ -77.542732600489714, 38.799796053194143 ], [ -77.543605057309037, 38.799739277613327 ], [ -77.544477450067504, 38.799682014854717 ], [ -77.544764134822813, 38.799662856003302 ], [ -77.545349731946516, 38.799623714991554 ], [ -77.545369046492979, 38.799622251453314 ], [ -77.546221105530535, 38.799557667968386 ], [ -77.54709321577316, 38.799497840261502 ], [ -77.547965462614741, 38.799439229708092 ], [ -77.548837691761733, 38.799380450375303 ], [ -77.548854316999552, 38.799379322115229 ], [ -77.548922022260669, 38.799374714311128 ], [ -77.548922636433545, 38.799374672443811 ], [ -77.548925790262743, 38.799374457473427 ], [ -77.548930294576792, 38.799374150749557 ], [ -77.548977388743268, 38.799370947876909 ], [ -77.549036951871273, 38.799366895617851 ], [ -77.549040520524201, 38.799366652475804 ], [ -77.549047324819426, 38.799366188716903 ], [ -77.549709856531337, 38.799321114499854 ], [ -77.55058201542225, 38.799261759491074 ], [ -77.551454173109775, 38.799202379981558 ], [ -77.552326330684863, 38.799142980484575 ], [ -77.55319848119251, 38.799083564547686 ], [ -77.55407063150345, 38.799024134928935 ], [ -77.554149597385958, 38.799018753655368 ], [ -77.554942774663118, 38.798964695176061 ], [ -77.555814926822435, 38.798905242716415 ], [ -77.5566870717944, 38.798845782824991 ], [ -77.557559219867954, 38.798786320990033 ], [ -77.558431358404448, 38.798726855308118 ], [ -77.559303500007076, 38.798667390385084 ], [ -77.559735384661749, 38.798638027796905 ], [ -77.560175658599746, 38.798608093899013 ], [ -77.56104757664427, 38.798546650287754 ], [ -77.56191945772926, 38.798484918832145 ], [ -77.562791326122465, 38.798423068194438 ], [ -77.562928262528885, 38.798413345976265 ], [ -77.563221143683876, 38.798392547458427 ], [ -77.563663187939753, 38.798361158783699 ], [ -77.564535049229463, 38.798299256413721 ], [ -77.565406916089927, 38.798237423294808 ], [ -77.566278801482483, 38.798175725295373 ], [ -77.56715070582618, 38.798114219174686 ], [ -77.568022635123185, 38.798052975249711 ], [ -77.568894605598942, 38.797992074729187 ], [ -77.569582821960125, 38.79794515720625 ], [ -77.569766737715184, 38.797932617659271 ], [ -77.570639016250212, 38.797874449862313 ], [ -77.57151132617976, 38.797816587548049 ], [ -77.571566626033174, 38.79781288201476 ], [ -77.571569914463936, 38.797812662997543 ], [ -77.571576775951854, 38.797812203792127 ], [ -77.571647853166695, 38.797807443816367 ], [ -77.571692236811074, 38.797804471649279 ], [ -77.571696762742221, 38.797804168728241 ], [ -77.571789528218076, 38.797797957780269 ], [ -77.571801374216889, 38.797797165031483 ], [ -77.571848644156731, 38.797794000329155 ], [ -77.571919159024418, 38.797789279883773 ], [ -77.571920832028027, 38.797789169697111 ], [ -77.571920932279198, 38.797789162382166 ], [ -77.571924220765965, 38.797788938850985 ], [ -77.572038781650534, 38.797781267715536 ], [ -77.5721354311992, 38.797774797131005 ], [ -77.572141770762514, 38.797774369800159 ], [ -77.572150677437946, 38.797773773585668 ], [ -77.572383574895539, 38.79775817953869 ], [ -77.573255877310558, 38.797700311420762 ], [ -77.574128190285762, 38.797642490964016 ], [ -77.575000234329735, 38.797582284449824 ], [ -77.575872636541064, 38.797525437324673 ], [ -77.576746219183505, 38.797481073102603 ], [ -77.577620711548391, 38.79744950944302 ], [ -77.577925789612436, 38.797441061978347 ], [ -77.578495937010828, 38.797435577331449 ], [ -77.579371307247172, 38.797435647832188 ], [ -77.579876072899907, 38.797448792751368 ], [ -77.580246299080471, 38.797458433887101 ], [ -77.58048701392525, 38.797466123627267 ], [ -77.581120983703798, 38.797486374028175 ], [ -77.581694720916474, 38.797520934976198 ], [ -77.581993701121633, 38.797538937100526 ], [ -77.582865361402128, 38.797604333051311 ], [ -77.583735463964999, 38.797679152611742 ], [ -77.584602206955992, 38.797774097882069 ], [ -77.585295039423031, 38.797860225008009 ], [ -77.585311697760048, 38.797862296324539 ], [ -77.58531252187953, 38.797862399146013 ], [ -77.585363625636262, 38.797868751610316 ], [ -77.58541345773358, 38.797875069813735 ], [ -77.58545461210133, 38.79788028701924 ], [ -77.585461880721425, 38.797881208543423 ], [ -77.585506396478692, 38.797886893373843 ], [ -77.585553931615394, 38.797892962982445 ], [ -77.585590153623016, 38.797897588542661 ], [ -77.58559618415029, 38.797898370679029 ], [ -77.585612463215782, 38.797900484041001 ], [ -77.586330692434217, 38.797993712838704 ], [ -77.587017451150757, 38.798082141888806 ], [ -77.587055769272709, 38.798087075197714 ], [ -77.587194524360598, 38.798104941306725 ], [ -77.588058042491795, 38.798217605082591 ], [ -77.588921320295327, 38.798331452493308 ], [ -77.589247802162348, 38.798374736841183 ], [ -77.589784465538855, 38.798445886187139 ], [ -77.590647251066585, 38.798561936829046 ], [ -77.591116721828158, 38.798627073642294 ], [ -77.591700086370309, 38.798674469021947 ], [ -77.591862621556317, 38.798687674114554 ], [ -77.591929395015228, 38.798693098174738 ], [ -77.592029295537856, 38.798701422722502 ], [ -77.592187072296241, 38.798711568039749 ], [ -77.592306939110443, 38.798716952293553 ], [ -77.592344009817481, 38.798718617490259 ], [ -77.59251021694611, 38.798720761007239 ], [ -77.592671164579116, 38.79872286451041 ], [ -77.592871104585569, 38.798728529647647 ], [ -77.593142592267014, 38.79873643673379 ], [ -77.59314382823537, 38.798736473315131 ], [ -77.593313303042251, 38.798736759890701 ], [ -77.593470659980312, 38.798755560514529 ], [ -77.593578255735935, 38.798760136035121 ], [ -77.59365699852448, 38.798763484045971 ], [ -77.59386609417821, 38.798775655099185 ], [ -77.594043302365549, 38.798800190217086 ], [ -77.594187239214179, 38.798820118657062 ], [ -77.594384570702374, 38.79884744014489 ], [ -77.594604202100371, 38.798877848699107 ], [ -77.594738529087209, 38.798891825162045 ], [ -77.594873335181191, 38.798899973654656 ], [ -77.595008367646741, 38.798902278900059 ], [ -77.59514337332385, 38.798898736576369 ], [ -77.595278099102728, 38.798889353324761 ], [ -77.595412292398379, 38.798874146737035 ], [ -77.595545701624076, 38.798853145322632 ], [ -77.595678076663091, 38.798826388455176 ], [ -77.595809169337571, 38.798793926298664 ], [ -77.595938733873879, 38.798755819713421 ], [ -77.596449231916253, 38.798583395039209 ], [ -77.59662888746243, 38.798518019869228 ], [ -77.596810039319607, 38.798456913136675 ], [ -77.596992586089897, 38.798400109045417 ], [ -77.597176425594583, 38.798347639390968 ], [ -77.597314533144726, 38.798315757559983 ], [ -77.597453855001689, 38.798289689059402 ], [ -77.597594146578359, 38.798269479653882 ], [ -77.597735161585163, 38.798255164822152 ], [ -77.59787665246256, 38.798246769694678 ], [ -77.598018370815581, 38.798244309009569 ], [ -77.598020992500594, 38.798167263246221 ], [ -77.598024553685221, 38.798028960431047 ], [ -77.598395982764004, 38.798003488066946 ], [ -77.598421004659798, 38.797981840046361 ], [ -77.598981855821833, 38.796169279947769 ], [ -77.599215339844989, 38.795353488759773 ], [ -77.59922434239688, 38.795329410363586 ], [ -77.598064562235436, 38.79484232373823 ], [ -77.598065600023403, 38.794759661282939 ], [ -77.598063784850709, 38.794758909495009 ], [ -77.596727320438504, 38.794204482002733 ], [ -77.596531381380927, 38.794123314261931 ], [ -77.596529446347162, 38.794122393059673 ], [ -77.596528066320261, 38.794121551807123 ], [ -77.596526793527048, 38.794120605075065 ], [ -77.596525653165912, 38.794119562967424 ], [ -77.596524649659983, 38.794118439932603 ], [ -77.596523792183561, 38.794117238743901 ], [ -77.596523096590943, 38.794115980244001 ], [ -77.596522560443958, 38.794114675224805 ], [ -77.596522342810459, 38.79411385643845 ], [ -77.596522196324941, 38.794113330089473 ], [ -77.596522007369785, 38.794111970087215 ], [ -77.596521993555882, 38.79411059701966 ], [ -77.59652214661061, 38.794109227939977 ], [ -77.596522480108717, 38.794107881871554 ], [ -77.596522982426308, 38.794106567733792 ], [ -77.596523647672214, 38.794105296291967 ], [ -77.596524474446184, 38.794104087354995 ], [ -77.596525453483082, 38.794102945355952 ], [ -77.59652656841898, 38.794101889988475 ], [ -77.596527816906473, 38.794100924838034 ], [ -77.596529179253025, 38.794100059662746 ], [ -77.596530644917962, 38.794099308795801 ], [ -77.596532200043285, 38.794098675733927 ], [ -77.596533829631397, 38.794098163064369 ], [ -77.596535513933105, 38.79409778504926 ], [ -77.596537241403965, 38.794097544302346 ], [ -77.59653898799651, 38.794097430728662 ], [ -77.596540128519365, 38.794097453026367 ], [ -77.596617872540733, 38.794103114802652 ], [ -77.596694503557373, 38.794107665263212 ], [ -77.596771222550828, 38.794111170414148 ], [ -77.596848011157491, 38.794113625609455 ], [ -77.596924839401382, 38.794115034221726 ], [ -77.597001690058633, 38.79411539251489 ], [ -77.597078535500685, 38.794114700276197 ], [ -77.597155351551933, 38.794112957319555 ], [ -77.597232118595912, 38.794110167097728 ], [ -77.597308815865077, 38.794106333054515 ], [ -77.597341308188334, 38.794104259688822 ], [ -77.597385411262422, 38.794101444132444 ], [ -77.597431635254154, 38.794097857498144 ], [ -77.597461885080833, 38.794095510990843 ], [ -77.597479565374044, 38.794093895687617 ], [ -77.597538217703971, 38.79408853708258 ], [ -77.597544069901858, 38.794087920850636 ], [ -77.597614383816648, 38.79408052131231 ], [ -77.597690356930116, 38.794071464377545 ], [ -77.597766118556393, 38.794061371541815 ], [ -77.597841644452444, 38.794050248024448 ], [ -77.597916905850084, 38.79403809270385 ], [ -77.597991891145185, 38.794024912698362 ], [ -77.598073199470363, 38.7940090038093 ], [ -77.598075028839574, 38.794008623283979 ], [ -77.598398763755853, 38.793941805402014 ], [ -77.598452441134754, 38.793930622567913 ], [ -77.598762704777101, 38.793865982110837 ], [ -77.599058091480089, 38.793811710266084 ], [ -77.599028721281115, 38.79372391968635 ], [ -77.598979492250592, 38.793579521195895 ], [ -77.598942856900123, 38.79348818382239 ], [ -77.59892024958215, 38.793431815154108 ], [ -77.598849465130499, 38.793230468618539 ], [ -77.598811818807746, 38.793114860573475 ], [ -77.598800393258941, 38.793051664327415 ], [ -77.598791696869512, 38.792965544198836 ], [ -77.598783126260855, 38.792869857548318 ], [ -77.598784181691471, 38.79278572042994 ], [ -77.598785596951302, 38.792672898030325 ], [ -77.598787180031124, 38.792546696850515 ], [ -77.59879061077585, 38.792467931984248 ], [ -77.598799521297664, 38.792341784392214 ], [ -77.598811799945324, 38.792211878920959 ], [ -77.598813610379707, 38.792192722720984 ], [ -77.598832224464388, 38.792072388360204 ], [ -77.598893704153781, 38.791309152593421 ], [ -77.598895232645575, 38.791290169896975 ], [ -77.598895238130879, 38.791290099669354 ], [ -77.59893419192484, 38.790806501960198 ], [ -77.598934776740265, 38.79079924705205 ], [ -77.599025152321047, 38.78980058530513 ], [ -77.599074184675203, 38.789258774279389 ], [ -77.599074210203526, 38.789258482585851 ], [ -77.599074235652751, 38.789258197197952 ], [ -77.599074269192727, 38.789257909169535 ], [ -77.599074291177786, 38.789257624655939 ], [ -77.599074316660918, 38.789257336565605 ], [ -77.599074337540131, 38.789257048439914 ], [ -77.59907436302332, 38.789256760349602 ], [ -77.599074388461261, 38.789256475862544 ], [ -77.599074418593489, 38.789256184204334 ], [ -77.599074439472687, 38.7892558960787 ], [ -77.599074469559753, 38.78925560802373 ], [ -77.599074494952532, 38.78925532713987 ], [ -77.599074520480812, 38.789255035446331 ], [ -77.599074545963958, 38.789254747355983 ], [ -77.59907457141324, 38.789254461968127 ], [ -77.599074596930222, 38.789254171175358 ], [ -77.599074622424681, 38.789253882184255 ], [ -77.599074647907827, 38.78925359409395 ], [ -77.599074673345783, 38.789253309606828 ], [ -77.599074699979909, 38.789253021525369 ], [ -77.599074725463012, 38.789252733435035 ], [ -77.599074750900968, 38.789252448947991 ], [ -77.599074776384114, 38.789252160857671 ], [ -77.599074801912408, 38.789251869164126 ], [ -77.59907482279165, 38.789251581038464 ], [ -77.599074848229577, 38.789251296551349 ], [ -77.599074873712723, 38.789251008461036 ], [ -77.599074899195884, 38.789250720370717 ], [ -77.59907492467903, 38.789250432280397 ], [ -77.599074950128241, 38.789250146892513 ], [ -77.599074975645266, 38.789249856099779 ], [ -77.599075001139724, 38.789249567108648 ], [ -77.599075026577637, 38.789249282621554 ], [ -77.599075052060769, 38.789248994531235 ], [ -77.59907507754393, 38.789248706440908 ], [ -77.599075104178041, 38.789248418359449 ], [ -77.599075129661145, 38.789248130269115 ], [ -77.599075155099115, 38.789247845782079 ], [ -77.599075180627437, 38.789247554088519 ], [ -77.59907520146146, 38.789247269566054 ], [ -77.599075226944592, 38.789246981475763 ], [ -77.599075252427767, 38.789246693385437 ], [ -77.599075277910856, 38.789246405295103 ], [ -77.599075298756219, 38.789246119871862 ], [ -77.599075324239351, 38.789245831781535 ], [ -77.599075349756362, 38.789245540988794 ], [ -77.599075375239494, 38.789245252898489 ], [ -77.599075401839698, 38.789244967519416 ], [ -77.599075422718911, 38.789244679393747 ], [ -77.599075448202058, 38.78924439130342 ], [ -77.599075473640028, 38.789244106816362 ], [ -77.599075499123174, 38.789243818726042 ], [ -77.599075524606249, 38.789243530635737 ], [ -77.599075550179762, 38.789243235338937 ], [ -77.599075570968608, 38.789242954419741 ], [ -77.599075596451755, 38.789242666329415 ], [ -77.599075621934901, 38.789242378239088 ], [ -77.599075647463209, 38.789242086545549 ], [ -77.599075669414304, 38.789241804734374 ], [ -77.599075694897465, 38.78924151664404 ], [ -77.599075720380597, 38.789241228553728 ], [ -77.599075745897579, 38.789240937760987 ], [ -77.599075766742942, 38.789240652337718 ], [ -77.599075787622155, 38.789240364212034 ], [ -77.599075813105287, 38.789240076121715 ], [ -77.599075838588433, 38.789239788031466 ], [ -77.599075864026389, 38.789239503544358 ], [ -77.599075886056539, 38.7892392154275 ], [ -77.599075906980985, 38.789238923698612 ], [ -77.599075937022818, 38.789238639246875 ], [ -77.599075957902045, 38.789238351121192 ], [ -77.599075987989053, 38.789238063066222 ], [ -77.599076008868309, 38.789237774940545 ], [ -77.599076029713629, 38.789237489517319 ], [ -77.599076055196761, 38.789237201426964 ], [ -77.599076080679865, 38.789236913336666 ], [ -77.599076102710072, 38.789236625219836 ], [ -77.599076128193218, 38.789236337129516 ], [ -77.599076153676336, 38.789236049039175 ], [ -77.599076174555535, 38.789235760913542 ], [ -77.599076195389614, 38.789235476391077 ], [ -77.599076220872703, 38.789235188300736 ], [ -77.599076242902925, 38.789234900183899 ], [ -77.599076268431233, 38.789234608490382 ], [ -77.599076293869189, 38.789234324003274 ], [ -77.599076314748402, 38.789234035877591 ], [ -77.599076340186343, 38.789233751390512 ], [ -77.599076365714609, 38.789233459696959 ], [ -77.599076386559972, 38.789233174273697 ], [ -77.59907641204309, 38.78923288618337 ], [ -77.599076434028078, 38.789232601669802 ], [ -77.599076459590279, 38.789232307273856 ], [ -77.59907648043567, 38.789232021850552 ], [ -77.599076505918745, 38.789231733760282 ], [ -77.599076526797987, 38.789231445634591 ], [ -77.599076552281105, 38.789231157544272 ], [ -77.599076573115141, 38.789230873021801 ], [ -77.599076598598288, 38.789230584931481 ], [ -77.599076624126553, 38.789230293237921 ], [ -77.599076641552855, 38.789230005085749 ], [ -77.599076666990811, 38.789229720598655 ], [ -77.599076687869996, 38.789229432472958 ], [ -77.599076713353114, 38.789229144382624 ], [ -77.599076734198462, 38.789228858959376 ], [ -77.599076760832546, 38.789228570877924 ], [ -77.599076781711801, 38.789228282752198 ], [ -77.599076802624879, 38.78922799192415 ], [ -77.599076828074118, 38.789227706536266 ], [ -77.599076848953359, 38.789227418410576 ], [ -77.599076874436449, 38.789227130320249 ], [ -77.599076896466656, 38.789226842203419 ], [ -77.599076921904611, 38.789226557716333 ], [ -77.599076942783782, 38.789226269590621 ], [ -77.599076963708228, 38.78922597786174 ], [ -77.599076989191317, 38.789225689771406 ], [ -77.599077009980206, 38.789225408852168 ], [ -77.5990770355085, 38.789225117158622 ], [ -77.599077052934774, 38.789224829006436 ], [ -77.599077078417892, 38.789224540916095 ], [ -77.599077099263198, 38.789224255492854 ], [ -77.5990771166895, 38.789223967340696 ], [ -77.599077145659464, 38.789223676574458 ], [ -77.599077167689614, 38.789223388457614 ], [ -77.599077197742744, 38.789223103105101 ], [ -77.599077214018109, 38.78922281494404 ], [ -77.599077234897294, 38.789222526818385 ], [ -77.599077260380412, 38.789222238728044 ], [ -77.599077282410619, 38.789221950611186 ], [ -77.599077303289832, 38.789221662485538 ], [ -77.59907732877295, 38.789221374395204 ], [ -77.599077349652134, 38.789221086269507 ], [ -77.59907737053139, 38.789220798143816 ], [ -77.599077392516392, 38.78922051363022 ], [ -77.599077417999467, 38.789220225539957 ], [ -77.599077438878709, 38.789219937414252 ], [ -77.599077459757893, 38.789219649288583 ], [ -77.599077480637163, 38.789219361162885 ], [ -77.599077502667356, 38.789219073046041 ], [ -77.599077523557838, 38.78921878401956 ], [ -77.599077544437066, 38.789218495893891 ], [ -77.59907756987495, 38.789218211406791 ], [ -77.599077590754206, 38.789217923281107 ], [ -77.599077612784399, 38.789217635164263 ], [ -77.599077633708774, 38.789217343435368 ], [ -77.599077659146715, 38.78921705894826 ], [ -77.5990776800259, 38.789216770822577 ], [ -77.599077700905156, 38.789216482696915 ], [ -77.599077722935348, 38.789216194580035 ], [ -77.599077743769342, 38.789215910057628 ], [ -77.599077769252474, 38.789215621967308 ], [ -77.599077790131659, 38.789215333841618 ], [ -77.599077811056091, 38.789215042112708 ], [ -77.599077833041093, 38.789214757599098 ], [ -77.599077853965454, 38.789214465870202 ], [ -77.599077874810803, 38.789214180446933 ], [ -77.599077895689987, 38.789213892321243 ], [ -77.599077917720194, 38.789213604204413 ], [ -77.599077938599379, 38.78921331607873 ], [ -77.59907795487473, 38.789213027917683 ], [ -77.599077980357805, 38.789212739827377 ], [ -77.599078002387998, 38.789212451710526 ], [ -77.599078023222063, 38.789212167188055 ], [ -77.599078048705124, 38.789211879097749 ], [ -77.599078069584365, 38.789211590972037 ], [ -77.59907809046355, 38.789211302846411 ], [ -77.599078107844662, 38.789211018297422 ], [ -77.599078133372984, 38.789210726603898 ], [ -77.599078154252169, 38.789210438478207 ], [ -77.599078175131396, 38.789210150352524 ], [ -77.599078196010581, 38.789209862226855 ], [ -77.599078218006881, 38.789209576812404 ], [ -77.599078238886065, 38.789209288686742 ], [ -77.599078255161416, 38.789209000525688 ], [ -77.599078277236742, 38.789208708805646 ], [ -77.59907829811597, 38.789208420679955 ], [ -77.599078318949978, 38.78920813615747 ], [ -77.599078339829205, 38.789207848031801 ], [ -77.599078361859412, 38.789207559914956 ], [ -77.599078382738583, 38.78920727178928 ], [ -77.599078403572648, 38.789206987266851 ], [ -77.599078424451818, 38.789206699141168 ], [ -77.599078446527187, 38.789206407421105 ], [ -77.599078467406414, 38.789206119295407 ], [ -77.599078488240437, 38.78920583477295 ], [ -77.59907850911965, 38.789205546647274 ], [ -77.5990785311498, 38.789205258530423 ], [ -77.599078552029027, 38.789204970404747 ], [ -77.599078577478281, 38.789204685016848 ], [ -77.599078593787453, 38.789204394153373 ], [ -77.599078614677921, 38.789204105126892 ], [ -77.599078632104224, 38.789203816974684 ], [ -77.599078648334313, 38.789203532416877 ], [ -77.599078673817473, 38.789203244326544 ], [ -77.599078695847666, 38.789202956209706 ], [ -77.599078716726808, 38.789202668084052 ], [ -77.599078733047364, 38.789202376319757 ], [ -77.599078755032309, 38.789202091806182 ], [ -77.599078775911536, 38.789201803680491 ], [ -77.599078796790707, 38.789201515554808 ], [ -77.599078919978652, 38.789199769667675 ], [ -77.599079037422953, 38.789198022835592 ], [ -77.599079160610813, 38.789196276948488 ], [ -77.599079283798673, 38.789194531061362 ], [ -77.599079402427876, 38.789192781535682 ], [ -77.599079519872106, 38.789191034703528 ], [ -77.599079638456104, 38.789189288781081 ], [ -77.599079664493843, 38.789188864660048 ], [ -77.599079744334119, 38.789187546364595 ], [ -77.599079866461423, 38.789185793262185 ], [ -77.599079985011471, 38.789184050042145 ], [ -77.59908008982886, 38.789182300410346 ], [ -77.59908020380891, 38.789180554452521 ], [ -77.599080314347304, 38.789178807567339 ], [ -77.59908041916475, 38.789177057935547 ], [ -77.599080528540867, 38.789175311942323 ], [ -77.599080637962189, 38.789173562345916 ], [ -77.599080743851459, 38.789171819028589 ], [ -77.599080848668876, 38.789170069396839 ], [ -77.59908095459204, 38.789168323377112 ], [ -77.599081054805524, 38.789166573709927 ], [ -77.599081156124811, 38.789164827654851 ], [ -77.599081260942214, 38.789163078023016 ], [ -77.599081357623689, 38.789161334635011 ], [ -77.599081457837144, 38.789159584967848 ], [ -77.599081554597717, 38.789157835274167 ], [ -77.599081651313057, 38.789156089183741 ], [ -77.599081748084913, 38.789154338589235 ], [ -77.599081848207973, 38.789152596128524 ], [ -77.599081927703907, 38.789150846302242 ], [ -77.59908202791739, 38.789149096635072 ], [ -77.599082120028811, 38.789147350509246 ], [ -77.599082208743795, 38.78914559985288 ], [ -77.599082300810096, 38.789143857330252 ], [ -77.599082383758869, 38.789142107530509 ], [ -77.599082471311647, 38.789140357766058 ], [ -77.59908255883046, 38.7891386107041 ], [ -77.599082642930256, 38.789136860913139 ], [ -77.599082730437743, 38.789135114751979 ], [ -77.599082813341397, 38.789133368555433 ], [ -77.599082892837288, 38.789131618729122 ], [ -77.599082975786075, 38.789129868929358 ], [ -77.599083054097051, 38.789128121796622 ], [ -77.59908312894386, 38.789126375538203 ], [ -77.599083211892648, 38.789124625738381 ], [ -77.599083286784648, 38.789122875876728 ], [ -77.599083361642727, 38.789121128717483 ], [ -77.599083436489479, 38.789119382459049 ], [ -77.599083510230486, 38.789117632588528 ], [ -77.599083580518581, 38.789115882691519 ], [ -77.599083655365305, 38.789114136433099 ], [ -77.599083725653401, 38.789112386536054 ], [ -77.59908379130367, 38.78911063930606 ], [ -77.599083866195613, 38.789108889444393 ], [ -77.599083927230694, 38.789107143079889 ], [ -77.599083992914899, 38.789105393147466 ], [ -77.599084063202895, 38.789103643250449 ], [ -77.599084124249273, 38.789101895985098 ], [ -77.599084186435348, 38.789100149629434 ], [ -77.599084252119468, 38.789098399697018 ], [ -77.59908430859582, 38.789096649693896 ], [ -77.59908436967612, 38.789094899726109 ], [ -77.599084431873422, 38.789093152469647 ], [ -77.599084483700693, 38.789091406034352 ], [ -77.599084513174589, 38.789090524285605 ], [ -77.599084541328025, 38.78908965604009 ], [ -77.599084597804364, 38.789087906036926 ], [ -77.599084650827791, 38.789086156007301 ], [ -77.599084708409947, 38.78908440961623 ], [ -77.599084755689788, 38.789082658641597 ], [ -77.599084808668024, 38.789080912215155 ], [ -77.599084861691423, 38.789079162185523 ], [ -77.59908491011096, 38.789077412120463 ], [ -77.599084957334355, 38.789075665649854 ], [ -77.599085005753878, 38.789073915584851 ], [ -77.599085049580779, 38.789072164583686 ], [ -77.599085097955125, 38.78907041812186 ], [ -77.599085141770757, 38.789068668021478 ], [ -77.599085182088302, 38.789066921497842 ], [ -77.599085225903877, 38.789065171397439 ], [ -77.599085260511757, 38.789063421226366 ], [ -77.599085304338644, 38.789061670225166 ], [ -77.599085343505209, 38.789059923692605 ], [ -77.599085379218877, 38.789058177133583 ], [ -77.599085418430562, 38.789056426997853 ], [ -77.59908545303837, 38.789054676826744 ], [ -77.599085488797215, 38.789052926664482 ], [ -77.599085523371144, 38.789051179195802 ], [ -77.599085554526098, 38.789049428998126 ], [ -77.599085585680982, 38.789047678800536 ], [ -77.599085615684913, 38.789045928594042 ], [ -77.599085642190744, 38.789044181964272 ], [ -77.599085673311805, 38.789042434469117 ], [ -77.599085703315737, 38.789040684262588 ], [ -77.599085725262867, 38.789038933994249 ], [ -77.599085751813888, 38.789037183761231 ], [ -77.599085778364881, 38.789035433528248 ], [ -77.599085795662972, 38.789033686827707 ], [ -77.599085822213965, 38.78903193659476 ], [ -77.599085839568531, 38.789030185390232 ], [ -77.599085861470456, 38.789028438725097 ], [ -77.599085878768534, 38.789026692024578 ], [ -77.599085896111788, 38.789024941720839 ], [ -77.599085914605993, 38.789023191425962 ], [ -77.599085931949247, 38.789021441122252 ], [ -77.599085944699851, 38.789019689882345 ], [ -77.599085958545018, 38.789017943155351 ], [ -77.599085966680448, 38.789016192780863 ], [ -77.599085979374649, 38.789014446045009 ], [ -77.599085993264978, 38.789012695714753 ], [ -77.599085997947498, 38.789010945313798 ], [ -77.599086010652982, 38.789009197677096 ], [ -77.599086019939435, 38.789007447311505 ], [ -77.599086018867141, 38.789005696866319 ], [ -77.599086028153536, 38.789003946500721 ], [ -77.599086028232222, 38.789002196064345 ], [ -77.599086032835714, 38.789000451969024 ], [ -77.599086037518276, 38.788998701568033 ], [ -77.599086036445968, 38.788996951122868 ], [ -77.599086036524611, 38.788995200686514 ], [ -77.599086036558091, 38.788993453853408 ], [ -77.599086036636805, 38.788991703417054 ], [ -77.599086028658647, 38.788989952918818 ], [ -77.599086024099549, 38.788988205149529 ], [ -77.599086019574315, 38.788986454677847 ], [ -77.599086015003934, 38.788984707809348 ], [ -77.599086002421927, 38.788982957275756 ], [ -77.599085997896708, 38.788981206804081 ], [ -77.599085988767612, 38.788979456296971 ], [ -77.599085976106522, 38.788977712069048 ], [ -77.599085966977441, 38.788975961561938 ], [ -77.599085949791572, 38.788974210993025 ], [ -77.5990859360586, 38.788972460450545 ], [ -77.599085923476594, 38.78897070991696 ], [ -77.599085905105824, 38.788968962041579 ], [ -77.599085887874764, 38.78896721507585 ], [ -77.599085870688882, 38.78896546450688 ], [ -77.599085853503027, 38.788963713937925 ], [ -77.59908583516615, 38.788961963360123 ], [ -77.599085808738579, 38.788960215422875 ], [ -77.599085786903657, 38.788958468421768 ], [ -77.599085765113912, 38.788956717817449 ], [ -77.599085738720262, 38.788954967177716 ], [ -77.599085716885341, 38.78895322017663 ], [ -77.599085685853936, 38.788951472203998 ], [ -77.599085659460286, 38.788949721564343 ], [ -77.599085634217616, 38.788947970933449 ], [ -77.599085598616227, 38.788946220223067 ], [ -77.599085572132211, 38.788944476789858 ], [ -77.599085537693128, 38.788942725187425 ], [ -77.599085506695587, 38.788940974512371 ], [ -77.599085475698075, 38.788939223837332 ], [ -77.599085441157328, 38.788937480342241 ], [ -77.599085400952021, 38.788935729596396 ], [ -77.599085361897735, 38.78893397885949 ], [ -77.599085326262454, 38.788932230851479 ], [ -77.599085287208226, 38.788930480114544 ], [ -77.599085243504831, 38.788928732945422 ], [ -77.599085204450589, 38.788926982208523 ], [ -77.599085164211402, 38.788925234165148 ], [ -77.599085120553255, 38.788923483392871 ], [ -77.599085076849917, 38.788921736223749 ], [ -77.599085028542731, 38.788919989019298 ], [ -77.59908498488457, 38.788918238247028 ], [ -77.599084936622546, 38.788916487439351 ], [ -77.599084883722739, 38.788914739298711 ], [ -77.599084835415539, 38.788912992094289 ], [ -77.599084782504434, 38.788911244854503 ], [ -77.599084734242439, 38.788909494046777 ], [ -77.599084682538816, 38.788907742311821 ], [ -77.599084624978659, 38.788905998639848 ], [ -77.599084572112801, 38.788904247796829 ], [ -77.599084515714907, 38.78890250323294 ], [ -77.599084458290363, 38.788900748751281 ], [ -77.599084401971524, 38.788898997881702 ], [ -77.599084339807547, 38.788897254174401 ], [ -77.599084283533941, 38.788895499701617 ], [ -77.599084216777385, 38.788893755058147 ], [ -77.599084151284728, 38.788892001415441 ], [ -77.599084094841714, 38.788890260454728 ], [ -77.599084028164228, 38.788888509505604 ], [ -77.599083962603828, 38.788886761267726 ], [ -77.599083897077293, 38.788885010327448 ], [ -77.599083831505567, 38.788883262990417 ], [ -77.599083761330007, 38.788881515617945 ], [ -77.599083691154433, 38.788879768245543 ], [ -77.599083621035348, 38.788878016369061 ], [ -77.599083546255926, 38.788876268961275 ], [ -77.599083476080366, 38.78887452158888 ], [ -77.599083405904807, 38.788872774216422 ], [ -77.599083326532821, 38.788871025872481 ], [ -77.599083251798589, 38.78886927486144 ], [ -77.599083173521038, 38.788867531030348 ], [ -77.599083094182944, 38.788865779983936 ], [ -77.599083019414849, 38.788864031675374 ], [ -77.599082936578668, 38.788862284205713 ], [ -77.599082857240546, 38.788860533159294 ], [ -77.599082769766625, 38.788858788356698 ], [ -77.599082690383327, 38.788857040913506 ], [ -77.599082602988474, 38.788855289805262 ], [ -77.599082520152336, 38.788853542335588 ], [ -77.599082432678372, 38.788851797532949 ], [ -77.59908234413254, 38.788850046415853 ], [ -77.59908225669254, 38.788848298910771 ], [ -77.599082164659933, 38.788846550469586 ], [ -77.599082077129566, 38.788844810171007 ], [ -77.599081985176028, 38.788843055424103 ], [ -77.599081888573437, 38.788841304245118 ], [ -77.599081796495668, 38.78883955940713 ], [ -77.599081699847957, 38.788837811831343 ], [ -77.599081607758876, 38.788836067894159 ], [ -77.599081511167597, 38.78883431581437 ], [ -77.599081409915996, 38.788832568203226 ], [ -77.599081313268272, 38.788830820627439 ], [ -77.599081208529881, 38.788829075692206 ], [ -77.599081111882157, 38.788827328116433 ], [ -77.599081007177659, 38.788825580478765 ], [ -77.599080901333508, 38.78882383193146 ], [ -77.599080800081936, 38.788822084320302 ], [ -77.59908069077359, 38.788820336647277 ], [ -77.599080589522032, 38.788818589036147 ], [ -77.599080475621079, 38.788816840426925 ], [ -77.59908037091661, 38.788815092789285 ], [ -77.599080260412151, 38.78881334871064 ], [ -77.599080151115146, 38.788811600136775 ], [ -77.599080041806786, 38.788809852463764 ], [ -77.599079923290759, 38.788808104720012 ], [ -77.599079813948563, 38.788806359749387 ], [ -77.599079700036356, 38.788804612041005 ], [ -77.599079581520357, 38.78880286429726 ], [ -77.599079466423305, 38.788801119282425 ], [ -77.599079344409233, 38.78879937511536 ], [ -77.599079225904475, 38.788797626470796 ], [ -77.599079098180724, 38.78879587865633 ], [ -77.599078984268615, 38.788794130947913 ], [ -77.599078865718695, 38.788792385906554 ], [ -77.599078739145909, 38.78879063810092 ], [ -77.599078611422158, 38.788788890286433 ], [ -77.599078488268475, 38.788787145209703 ], [ -77.599078361650513, 38.788785401007317 ], [ -77.599078301901187, 38.788784566320551 ], [ -77.59907823044, 38.78878365586872 ], [ -77.59907810741052, 38.78878190088313 ], [ -77.599077979596444, 38.788780160275095 ], [ -77.599077843827274, 38.788778411497944 ], [ -77.599077717164221, 38.788776670898727 ], [ -77.599077580198895, 38.788774925715906 ], [ -77.599077449022289, 38.788773177874901 ], [ -77.599077308638002, 38.788771429963177 ], [ -77.59907717738237, 38.78876968842782 ], [ -77.599077041601944, 38.788767940551402 ], [ -77.599076901228969, 38.788766191738887 ], [ -77.599076764252416, 38.788764447456856 ], [ -77.599076620381297, 38.788762702221 ], [ -77.599076479951862, 38.788760957912487 ], [ -77.599076334963769, 38.78875920996542 ], [ -77.599076194545574, 38.788757464756053 ], [ -77.599076049512306, 38.788755720412162 ], [ -77.599075904490277, 38.788753975167495 ], [ -77.59907576065315, 38.788752227229196 ], [ -77.599075611027345, 38.788750481949158 ], [ -77.5990754613902, 38.788748737569918 ], [ -77.599075312915332, 38.788746992298719 ], [ -77.599075158719515, 38.788745244280854 ], [ -77.599075010233335, 38.788743499910439 ], [ -77.599074855958463, 38.788741758198242 ], [ -77.599074702913668, 38.788740010189258 ], [ -77.599074545231105, 38.788738264847282 ], [ -77.599074390990154, 38.788736520432678 ], [ -77.599074233307576, 38.788734775090752 ], [ -77.599074075613771, 38.788733030649617 ], [ -77.599073917931221, 38.788731285307655 ], [ -77.59907375558835, 38.788729544434361 ], [ -77.599073597951005, 38.78872779548923 ], [ -77.599073431049476, 38.788726050977367 ], [ -77.599073273366969, 38.78872430563537 ], [ -77.59907310646544, 38.788722561123514 ], [ -77.599072939575237, 38.788720815710832 ], [ -77.599072777232422, 38.788719074837566 ], [ -77.599072605738343, 38.788717329389513 ], [ -77.599072438836814, 38.788715584877629 ], [ -77.599072268493742, 38.788713839438444 ], [ -77.599072096943232, 38.78871209849445 ], [ -77.599071925449209, 38.788710353046383 ], [ -77.599071755094855, 38.788708608507967 ], [ -77.599071575544045, 38.788706862998062 ], [ -77.59907140400486, 38.788705121153242 ], [ -77.599071227895678, 38.788703376570638 ], [ -77.59907105294883, 38.788701631096053 ], [ -77.599070873386736, 38.788699886486938 ], [ -77.599070693790836, 38.788698144580223 ], [ -77.599070513032643, 38.788696403565488 ], [ -77.599070328878085, 38.788694658020177 ], [ -77.599070149316063, 38.788692913411019 ], [ -77.59906996972019, 38.788691171504347 ], [ -77.599069780961756, 38.788689425923671 ], [ -77.599069601354557, 38.788687684917768 ], [ -77.599069412596151, 38.788685939337107 ], [ -77.599069223781342, 38.788684198260476 ], [ -77.599069034977759, 38.788682456283013 ], [ -77.599068846219353, 38.788680710702359 ], [ -77.59906865284583, 38.788678965987124 ], [ -77.599068463997114, 38.788677227612908 ], [ -77.599068271774541, 38.788675482906527 ], [ -77.599068078367154, 38.788673740893742 ], [ -77.599067881552074, 38.788671995251143 ], [ -77.599067683484364, 38.788670257707011 ], [ -77.599067490122195, 38.788668512091 ], [ -77.599067288691984, 38.78866676731387 ], [ -77.599067091831742, 38.788665025274561 ], [ -77.599066889171482, 38.788663286794254 ], [ -77.599066692311254, 38.788661544754902 ], [ -77.59906648973012, 38.788659799968897 ], [ -77.599066283662168, 38.788658057858861 ], [ -77.599066082152959, 38.788656319387385 ], [ -77.599065876118956, 38.788654574574906 ], [ -77.59906567005109, 38.788652832464841 ], [ -77.599065459368035, 38.788651091220217 ], [ -77.599065253254992, 38.788649352713371 ], [ -77.599065042628439, 38.788647606964737 ], [ -77.599064836549303, 38.78864586575547 ], [ -77.599064621273726, 38.788644123574649 ], [ -77.599064410556835, 38.788642385032439 ], [ -77.599064195281315, 38.788640642851625 ], [ -77.59906398114542, 38.788638901580498 ], [ -77.599063765869914, 38.788637159399698 ], [ -77.599063545945342, 38.788635420786768 ], [ -77.599063330669878, 38.788633678605983 ], [ -77.599063111930192, 38.788631937299449 ], [ -77.599062892050839, 38.788630195083286 ], [ -77.599062668673426, 38.788628456443824 ], [ -77.599062453386665, 38.788626715163815 ], [ -77.599062220846761, 38.788624972850393 ], [ -77.599062002073282, 38.788623234246316 ], [ -77.599061777499713, 38.788621499201234 ], [ -77.599061549597579, 38.788619754220768 ], [ -77.599061321661566, 38.788618011942674 ], [ -77.59906109368039, 38.78861627326782 ], [ -77.599060865699187, 38.788614534593002 ], [ -77.599060633159368, 38.788612792279579 ], [ -77.599060405212114, 38.788611050902318 ], [ -77.599060167978053, 38.788609315760006 ], [ -77.599059935438234, 38.788607573446555 ], [ -77.59905969824942, 38.788605834701016 ], [ -77.599059465709587, 38.788604092387565 ], [ -77.599059233079487, 38.788602357280581 ], [ -77.599058991320717, 38.788600615797229 ], [ -77.59905875528284, 38.788598877060501 ], [ -77.599058513535425, 38.788597134676358 ], [ -77.599058271697587, 38.788595399498647 ], [ -77.599058026497246, 38.788593657087979 ], [ -77.599057789297248, 38.788591919243196 ], [ -77.59905753944787, 38.788590180400362 ], [ -77.599057297610145, 38.788588445222693 ], [ -77.599057047805985, 38.788586702776598 ], [ -77.599056802560497, 38.788584963969136 ], [ -77.599056552711247, 38.788583225126324 ], [ -77.599056306269674, 38.788581489913291 ], [ -77.599056056420395, 38.788579751070451 ], [ -77.599055806604994, 38.788578009525196 ], [ -77.599055552106705, 38.788576274250218 ], [ -77.599055297653607, 38.788574535372042 ], [ -77.599055046653433, 38.788572796520327 ], [ -77.599054788747466, 38.788571057615634 ], [ -77.599054534249234, 38.788569322340642 ], [ -77.59905427519233, 38.788567583427096 ], [ -77.599054020739302, 38.788565844548891 ], [ -77.599053752474745, 38.78856410556461 ], [ -77.599053493327517, 38.788562373857481 ], [ -77.599053230817773, 38.788560634917388 ], [ -77.599052971760912, 38.788558896003821 ], [ -77.599052703485114, 38.788557157920337 ], [ -77.599052440896344, 38.788555425285921 ], [ -77.599052177235706, 38.788553686336975 ], [ -77.599051905506997, 38.788551948226932 ], [ -77.599051641801196, 38.78855021288124 ], [ -77.599051370038623, 38.788548477473618 ], [ -77.599051101740315, 38.788546741191738 ], [ -77.599050825407815, 38.788545003046394 ], [ -77.599050558215282, 38.788543270376572 ], [ -77.599050281894108, 38.788541531330374 ], [ -77.599050010131663, 38.788539795922766 ], [ -77.599049733799205, 38.788538057777373 ], [ -77.599049456248039, 38.788536325027962 ], [ -77.599049176507961, 38.788534583252833 ], [ -77.599048898956823, 38.788532850503429 ], [ -77.599048619137662, 38.788531115033962 ], [ -77.599048346224293, 38.788529379617515 ], [ -77.599048057197436, 38.788527644077291 ], [ -77.599047776227408, 38.788525908598942 ], [ -77.599047495166971, 38.788524180327073 ], [ -77.599047205034353, 38.788522441174791 ], [ -77.599046925215333, 38.788520705705267 ], [ -77.599046635037595, 38.788518970156197 ], [ -77.599046345965647, 38.788517238219185 ], [ -77.599046055799221, 38.788515501769275 ], [ -77.599045766772534, 38.788513766229087 ], [ -77.599045476594824, 38.788512030680003 ], [ -77.599045187522947, 38.788510298742985 ], [ -77.599044888092436, 38.788508566726421 ], [ -77.599044599110968, 38.788506827582957 ], [ -77.59904430083138, 38.788505095575196 ], [ -77.599044006004746, 38.788503363593961 ], [ -77.599043704328864, 38.788501627055673 ], [ -77.599043409547392, 38.788499891471211 ], [ -77.599043106618907, 38.788498163031356 ], [ -77.599042808384581, 38.788496427420363 ], [ -77.599042505501302, 38.788494695377288 ], [ -77.599042202663185, 38.788492959730917 ], [ -77.599041899746041, 38.788491230390242 ], [ -77.599041596907938, 38.788489494743892 ], [ -77.599041290571833, 38.788487762674265 ], [ -77.599040983129925, 38.788486026992558 ], [ -77.599040675608947, 38.788484297616485 ], [ -77.59904036816711, 38.78848256193475 ], [ -77.599040057227157, 38.788480829829773 ], [ -77.599039745091119, 38.78847910131914 ], [ -77.599039434162492, 38.788477368313316 ], [ -77.599039117467811, 38.788475636164115 ], [ -77.599038806573148, 38.788473900455891 ], [ -77.599038489833248, 38.788472171909888 ], [ -77.599038178904749, 38.788470438904064 ], [ -77.599037858757228, 38.788468706728288 ], [ -77.599037542017427, 38.788466978182349 ], [ -77.599037217266059, 38.788465245971196 ], [ -77.599036901733783, 38.788463512929994 ], [ -77.599036576982414, 38.788461780718897 ], [ -77.599036256789788, 38.788460052146334 ], [ -77.599035932049816, 38.788458319034426 ], [ -77.599035611857218, 38.788456590461919 ], [ -77.599035282502157, 38.788454858215424 ], [ -77.599034957716995, 38.78845312870672 ], [ -77.599034628316787, 38.788451400063451 ], [ -77.599034298961698, 38.788449667816948 ], [ -77.599033969572801, 38.78844793827291 ], [ -77.599033641323572, 38.788446209638465 ], [ -77.59903330737599, 38.78844447645578 ], [ -77.599032973372019, 38.788442747777189 ], [ -77.599032640518942, 38.788441019107424 ], [ -77.599032306526283, 38.78843928952795 ], [ -77.599031969114577, 38.788437557219545 ], [ -77.599031639680632, 38.788435831278711 ], [ -77.599031293016111, 38.788434102502812 ], [ -77.599030954453525, 38.788432370185589 ], [ -77.599030612404164, 38.788430640544242 ], [ -77.599030274902233, 38.788428915442331 ], [ -77.599029932852915, 38.78842718580097 ], [ -77.599029589641361, 38.788425457051609 ], [ -77.599029242988223, 38.788423727374891 ], [ -77.599028900882487, 38.788422002237596 ], [ -77.599028549625572, 38.788420272525521 ], [ -77.599028207565027, 38.788418543784964 ], [ -77.59902785626295, 38.788416817676094 ], [ -77.599027509598614, 38.78841508890023 ], [ -77.599027153737921, 38.788413359152756 ], [ -77.599026807028451, 38.788411633980083 ], [ -77.599026452273534, 38.788409907844702 ], [ -77.599026101005435, 38.788408179033439 ], [ -77.599025740540924, 38.788406449250601 ], [ -77.599025390344707, 38.788404726753818 ], [ -77.599025029868983, 38.788402997871792 ], [ -77.59902467399705, 38.788401269025144 ], [ -77.599024314593265, 38.788399546457626 ], [ -77.599023954128882, 38.788397816674802 ], [ -77.599023590155099, 38.788396091369499 ], [ -77.599023235400338, 38.788394365234097 ], [ -77.599022865683125, 38.788392638983773 ], [ -77.599022506313275, 38.78839091371384 ], [ -77.599022137747028, 38.78838918747234 ], [ -77.599021773773387, 38.788387462167016 ], [ -77.599021405161992, 38.788385739528721 ], [ -77.599021040093916, 38.788384009710562 ], [ -77.599020666912622, 38.788382284334475 ], [ -77.599020298301284, 38.788380561696179 ], [ -77.599019925131287, 38.788378835419358 ], [ -77.599019556553927, 38.788377110078656 ], [ -77.599019179885914, 38.788375387378473 ], [ -77.599018806715989, 38.788373661101602 ], [ -77.599018428930961, 38.788371935690151 ], [ -77.599018055761078, 38.788370209413294 ], [ -77.599017677896995, 38.788368490307505 ], [ -77.59901730127433, 38.788366764004103 ], [ -77.599016918885468, 38.788365038557316 ], [ -77.599016541021456, 38.78836331945152 ], [ -77.599016159794928, 38.788361593112761 ], [ -77.599015773964609, 38.788359866738617 ], [ -77.599015391530713, 38.788358144895057 ], [ -77.599015005655218, 38.78835642212411 ], [ -77.599014618628772, 38.788354699344346 ], [ -77.599014232753319, 38.788352976573442 ], [ -77.599013842274076, 38.788351253767161 ], [ -77.599013456387382, 38.788349531897047 ], [ -77.599013064757173, 38.78834780908187 ], [ -77.599012674323163, 38.788346082672398 ], [ -77.599012288402619, 38.788344363504685 ], [ -77.59901189331957, 38.788342640663011 ], [ -77.599011493632773, 38.788340917785995 ], [ -77.599011103108424, 38.788339198582946 ], [ -77.5990107034103, 38.788337476606721 ], [ -77.599010308327379, 38.788335753765061 ], [ -77.599009909746414, 38.788334034500103 ], [ -77.599009510014469, 38.788332315226263 ], [ -77.599009110327742, 38.788330592349261 ], [ -77.599008715244892, 38.788328869507581 ], [ -77.599008302852468, 38.788327150136517 ], [ -77.599007903120594, 38.788325430862734 ], [ -77.599007495377208, 38.788323707923738 ], [ -77.599007095645391, 38.788321988649933 ], [ -77.599006683253009, 38.78832026927887 ], [ -77.5990062789174, 38.788318549969681 ], [ -77.59900586652509, 38.78831683059861 ], [ -77.599005463340504, 38.788315111298282 ], [ -77.599005049831121, 38.788313389215929 ], [ -77.599004632835033, 38.78831166980946 ], [ -77.599004220408901, 38.788309953140775 ], [ -77.599003808050568, 38.788308231067276 ], [ -77.599003395658372, 38.788306511696177 ], [ -77.599002978628477, 38.788304794992165 ], [ -77.599002561587312, 38.788303079188928 ], [ -77.599002144636472, 38.78830135617924 ], [ -77.599001727595336, 38.788299640376017 ], [ -77.599001305995571, 38.788297920934163 ], [ -77.599000879791973, 38.78829620145698 ], [ -77.599000462750908, 38.788294485653758 ], [ -77.599000041105967, 38.788292769815143 ], [ -77.598999611449585, 38.788291050311422 ], [ -77.598999189849906, 38.788289330869588 ], [ -77.598998764718274, 38.788287617706864 ], [ -77.598998338514832, 38.788285898229645 ], [ -77.598997908813303, 38.78828418232915 ], [ -77.598997477960822, 38.788282466419801 ], [ -77.598997048259363, 38.78828075051927 ], [ -77.598996617452144, 38.788279031006688 ], [ -77.598996183146852, 38.788277315070808 ], [ -77.598995753411586, 38.788275601872705 ], [ -77.598995314502517, 38.788273885901454 ], [ -77.598994879091521, 38.788272166353522 ], [ -77.598994444741137, 38.788270454020839 ], [ -77.598994005843409, 38.788268737148769 ], [ -77.598993566889234, 38.78826702478073 ], [ -77.598993127980279, 38.788265308809486 ], [ -77.598992689071324, 38.788263592838192 ], [ -77.598992250173694, 38.788261875966121 ], [ -77.598991802011966, 38.788260163527347 ], [ -77.598991358499234, 38.788258447520697 ], [ -77.598990914952665, 38.78825673421651 ], [ -77.598990467987122, 38.788255018183314 ], [ -77.598990024429298, 38.788253305779939 ], [ -77.598989571675077, 38.788251592404968 ], [ -77.598989124709576, 38.788249876371793 ], [ -77.598988671898979, 38.788248167500868 ], [ -77.598988228386418, 38.788246451494217 ], [ -77.598987772224589, 38.78824473448951 ], [ -77.598987320564987, 38.78824302562743 ], [ -77.598986863207074, 38.788241312217096 ], [ -77.598986406988885, 38.788239599716405 ], [ -77.59898595537453, 38.788237887251057 ], [ -77.598985493458045, 38.788236170202111 ], [ -77.59898503719468, 38.788234461304626 ], [ -77.598984576384041, 38.788232747867781 ], [ -77.598984120120733, 38.788231038970316 ], [ -77.598983654694976, 38.788229326398856 ], [ -77.598983193884393, 38.78822761296199 ], [ -77.598982728413503, 38.788225903993805 ], [ -77.598982267557744, 38.788224194160129 ], [ -77.598981802132116, 38.788222481588676 ], [ -77.59898133667258, 38.788220771719665 ], [ -77.598980866609239, 38.788219061815283 ], [ -77.598980401183638, 38.788217349243837 ], [ -77.598979932226086, 38.788215642951478 ], [ -77.59897945759289, 38.788213930309276 ], [ -77.598978987529634, 38.788212220404908 ], [ -77.598978514047403, 38.788210507771552 ], [ -77.598978039335208, 38.788208801434983 ], [ -77.598977565807829, 38.788207092404875 ], [ -77.598977091140853, 38.788205382465087 ], [ -77.598976613021009, 38.788203672498767 ], [ -77.598976134889838, 38.788201963433302 ], [ -77.598975655619114, 38.788200253458136 ], [ -77.598975177442838, 38.78819854799589 ], [ -77.598974694719274, 38.788196837994171 ], [ -77.59897421544855, 38.788195128018998 ], [ -77.598973728030813, 38.788193425188396 ], [ -77.598973245295952, 38.788191716087532 ], [ -77.598972762572487, 38.788190006085841 ], [ -77.598972275188729, 38.788188300552832 ], [ -77.598971787816225, 38.788186594118962 ], [ -77.598971300489012, 38.788184884081893 ], [ -77.598970813116551, 38.788183177648065 ], [ -77.598970321129002, 38.788181472079657 ], [ -77.598969830303773, 38.78817976561929 ], [ -77.598969338372783, 38.78817805554683 ], [ -77.598968846351468, 38.788176352680878 ], [ -77.598968350911136, 38.788174647085896 ], [ -77.598967858935012, 38.788172940616718 ], [ -77.598967357706059, 38.788171237679968 ], [ -77.59896685771848, 38.788169527545591 ], [ -77.598966361127296, 38.788167821941826 ], [ -77.598965865619348, 38.788166121751722 ], [ -77.598965364424402, 38.788164416112544 ], [ -77.598964859787898, 38.788162709546043 ], [ -77.598964359710038, 38.788161006618147 ], [ -77.598963855073592, 38.788159300051667 ], [ -77.598963353844852, 38.788157597114896 ], [ -77.598962844559438, 38.788155894116258 ], [ -77.598962339911751, 38.788154188450534 ], [ -77.598961830626322, 38.788152485451889 ], [ -77.598961321340994, 38.788150782453258 ], [ -77.59896081205568, 38.788149079454563 ], [ -77.598960298166503, 38.788147376420561 ], [ -77.598959788881217, 38.78814567342188 ], [ -77.598959274992168, 38.788143970387864 ], [ -77.598958765706939, 38.788142267389219 ], [ -77.598958248364994, 38.788140564328621 ], [ -77.598957734430812, 38.788138864897817 ], [ -77.598957215938, 38.788137161828395 ], [ -77.598956702049037, 38.788135458794343 ], [ -77.598956180058181, 38.788133759301644 ], [ -77.598955658112615, 38.788132056205676 ], [ -77.598955139619861, 38.788130353136289 ], [ -77.59895461759524, 38.788128656345989 ], [ -77.598954094498723, 38.788126953241168 ], [ -77.598953567938082, 38.788125251010669 ], [ -77.598953044762581, 38.788123554211509 ], [ -77.598952518213295, 38.78812185108017 ], [ -77.598951996222624, 38.788120151587442 ], [ -77.598951464979166, 38.788118455627192 ], [ -77.59895093382616, 38.788116752460496 ], [ -77.598950406080831, 38.78811505292358 ], [ -77.59894987024488, 38.788113356027125 ], [ -77.598949343650588, 38.788111656498991 ], [ -77.598948807848629, 38.788109956900158 ], [ -77.598948276605327, 38.788108260939886 ], [ -77.598947737350542, 38.788106561314521 ], [ -77.598947206163771, 38.78810486085019 ], [ -77.598946661109068, 38.788103164783848 ], [ -77.598946125307222, 38.788101465184965 ], [ -77.598945589460229, 38.788099769189323 ], [ -77.598945045613064, 38.788098068627718 ], [ -77.598944505162308, 38.788096372596684 ], [ -77.598943956654864, 38.788094676503803 ], [ -77.598943420819239, 38.788092979607356 ], [ -77.598942875764763, 38.788091283540943 ], [ -77.598942331861167, 38.788089587483405 ], [ -77.598941783365149, 38.78808789048967 ], [ -77.598941233706867, 38.788086194387908 ], [ -77.598940689803413, 38.788084498330328 ], [ -77.598940136658427, 38.788082804904406 ], [ -77.598939587000274, 38.78808110880265 ], [ -77.598939033889209, 38.788079412674335 ], [ -77.598938485348157, 38.788077719283834 ], [ -77.598937927633358, 38.788076023120155 ], [ -77.598937374533676, 38.788074326091035 ], [ -77.598937211556589, 38.788073829347205 ], [ -77.598936821332387, 38.788072637169137 ], [ -77.598936259025152, 38.788070940069289 ], [ -77.598935705914243, 38.788069243940946 ], [ -77.59893514351667, 38.788067554047544 ], [ -77.598934585802013, 38.788065857883851 ], [ -77.598934024600666, 38.788064164396033 ], [ -77.598933466840876, 38.788062471835545 ], [ -77.598932899884758, 38.788060778303517 ], [ -77.598932334068365, 38.788059085681141 ], [ -77.598931771670919, 38.788057395787689 ], [ -77.598931204703604, 38.788055703156452 ], [ -77.598930638898565, 38.788054009633264 ], [ -77.598930071897399, 38.788052319704441 ], [ -77.598929510684926, 38.788050627117478 ], [ -77.598928931068485, 38.78804893348812 ], [ -77.598928359452287, 38.788047244424739 ], [ -77.598927789043572, 38.788045550866173 ], [ -77.59892721398586, 38.788043860875433 ], [ -77.598926642369719, 38.788042171812016 ], [ -77.598926067357255, 38.788040478218051 ], [ -77.598925492299628, 38.788038788227311 ], [ -77.59892491258168, 38.788037102705268 ], [ -77.598924328361633, 38.788035409040575 ], [ -77.598923757907912, 38.788033719085199 ], [ -77.598923173597584, 38.78803203262693 ], [ -77.598922598528731, 38.788030343536981 ], [ -77.598922014308869, 38.78802864987226 ], [ -77.598921431149492, 38.788026963422787 ], [ -77.59892084687317, 38.788025274262147 ], [ -77.598920262562942, 38.788023587803856 ], [ -77.598919673648908, 38.788021901310202 ], [ -77.598919085931044, 38.788020211222175 ], [ -77.598918501666134, 38.788018521160701 ], [ -77.598917909254141, 38.788016838243713 ], [ -77.598917320374113, 38.788015149047638 ], [ -77.598916728007353, 38.788013462527466 ], [ -77.598916139093504, 38.788011776033784 ], [ -77.598915542122995, 38.78801008947822 ], [ -77.598914948605383, 38.78800840294916 ], [ -77.598914356238723, 38.788006716428995 ], [ -77.598913754664508, 38.788005029838054 ], [ -77.598913162252728, 38.788003346921066 ], [ -77.598912556074737, 38.788001660294732 ], [ -77.598911959104413, 38.787999973739147 ], [ -77.598911360937947, 38.787998290777978 ], [ -77.598910759363861, 38.787996604186986 ], [ -77.598910157789746, 38.787994917596016 ], [ -77.598909551521515, 38.787993238176149 ], [ -77.5989089499475, 38.787991551585172 ], [ -77.598908344920659, 38.787989864967649 ], [ -77.598907734048666, 38.78798818551239 ], [ -77.598907132474736, 38.787986498921413 ], [ -77.598906517044171, 38.787984815827556 ], [ -77.598905911927048, 38.787983136416472 ], [ -77.598905301100359, 38.787981453358015 ], [ -77.598904690318932, 38.787979766696246 ], [ -77.59890407600551, 38.787978086313665 ], [ -77.598903460620349, 38.787976399616532 ], [ -77.598902850899506, 38.787974720170105 ], [ -77.598902231971138, 38.787973040652865 ], [ -77.598901616495624, 38.787971361162214 ], [ -77.598900997612461, 38.78796967804179 ], [ -77.598900378695419, 38.787967997623795 ], [ -77.598899758661361, 38.787966314494511 ], [ -77.598899139687944, 38.787964638580526 ], [ -77.598898520804894, 38.78796295546011 ], [ -77.59889789268037, 38.787961274971337 ], [ -77.598897273706982, 38.787959599057345 ], [ -77.598896645616406, 38.78795791586613 ], [ -77.598896012888147, 38.787956235342008 ], [ -77.598895393914859, 38.787954559428037 ], [ -77.598894765779164, 38.787952879840034 ], [ -77.59889413765481, 38.787951199351269 ], [ -77.59889350487019, 38.787949523331115 ], [ -77.598892873281727, 38.787947843716601 ], [ -77.598892249761263, 38.787946163263193 ], [ -77.598891612327677, 38.787944490810915 ], [ -77.598890979599659, 38.787942810286729 ], [ -77.598890343407504, 38.787941130636845 ], [ -77.598889715192982, 38.787939457354469 ], [ -77.598889069793216, 38.787937777633829 ], [ -77.59888843232595, 38.787936107883951 ], [ -77.598887791530061, 38.787934428198696 ], [ -77.598887155338062, 38.787932748548748 ], [ -77.598886513312252, 38.78793107516028 ], [ -77.598885872471257, 38.787929399078202 ], [ -77.59888522703784, 38.787927722059997 ], [ -77.598884586163024, 38.787926048680298 ], [ -77.598883939567386, 38.787924372554009 ], [ -77.598883294122771, 38.78792269643656 ], [ -77.598882643995225, 38.787921026589387 ], [ -77.598881998561907, 38.787919349571148 ], [ -77.598881348513572, 38.787917673418306 ], [ -77.598880698340935, 38.787916007174339 ], [ -77.598880048303897, 38.787914330120664 ], [ -77.598879394757546, 38.78791265754451 ], [ -77.598878744675446, 38.787910984094097 ], [ -77.598878089989498, 38.787909310608278 ], [ -77.598877430688447, 38.787907637987935 ], [ -77.598876781757383, 38.787905964546326 ], [ -77.598876122467715, 38.787904291025171 ], [ -77.598875463132899, 38.787902621107214 ], [ -77.598874809541584, 38.787900952134251 ], [ -77.59887414219537, 38.787899278551151 ], [ -77.598873482860597, 38.787897608633173 ], [ -77.598872820118231, 38.787895935085416 ], [ -77.598872160738381, 38.7878942687707 ], [ -77.598871493380997, 38.787892596088376 ], [ -77.598870825989735, 38.787890926108489 ], [ -77.598870166655118, 38.787889256190525 ], [ -77.598869494660136, 38.787887586175209 ], [ -77.598868827268959, 38.787885916195336 ], [ -77.598868159832591, 38.787884249818632 ], [ -77.598867487837666, 38.787882579803373 ], [ -77.598866815842754, 38.787880909788079 ], [ -77.598866143802738, 38.787879243375983 ], [ -77.598865471796557, 38.787877574261501 ], [ -77.598864799756583, 38.78787590784944 ], [ -77.598864118520282, 38.787874240465825 ], [ -77.598863446514272, 38.787872571351301 ], [ -77.598862771021487, 38.787870904912722 ], [ -77.598862094377836, 38.787869238465248 ], [ -77.598861413130365, 38.787867571982424 ], [ -77.598860728441366, 38.787865904572236 ], [ -77.598860051797757, 38.787864238124776 ], [ -77.598859367097504, 38.787862571615378 ], [ -77.598858685850232, 38.787860905132518 ], [ -77.598858001104858, 38.787859242226396 ], [ -77.598857315208576, 38.787857579311378 ], [ -77.598856630508479, 38.78785591280198 ], [ -77.59885594120459, 38.787854246257211 ], [ -77.598855255308408, 38.787852583342215 ], [ -77.598854565970711, 38.787850919499846 ], [ -77.598853867459326, 38.787849252884314 ], [ -77.598853190725649, 38.787847593643285 ], [ -77.598852492214348, 38.787845927027732 ], [ -77.598851802831561, 38.787844266788589 ], [ -77.598851104275056, 38.787842603776276 ], [ -77.598850406914792, 38.787840937169584 ], [ -77.598849720973675, 38.787839277857728 ], [ -77.59884901437195, 38.787837613882715 ], [ -77.598848320419378, 38.787835950905759 ], [ -77.5988476171689, 38.787834295064471 ], [ -77.598846918657799, 38.787832628448946 ], [ -77.598846220022494, 38.787830971742238 ], [ -77.598845513409643, 38.787829308667966 ], [ -77.598844814819543, 38.787827648358082 ], [ -77.598844108161558, 38.787825988887001 ], [ -77.598843400363918, 38.787824328506353 ], [ -77.598842697158858, 38.787822669061804 ], [ -77.598841990500944, 38.787821009590807 ], [ -77.59884127925055, 38.787819349183529 ], [ -77.598840571396565, 38.787817693306899 ], [ -77.598839860191489, 38.787816029296415 ], [ -77.598839152337533, 38.787814373419735 ], [ -77.598838436438299, 38.787812716580341 ], [ -77.598837729780627, 38.787811057109288 ], [ -77.598837013881436, 38.787809400269843 ], [ -77.598836293378469, 38.787807743395106 ], [ -77.598835582071857, 38.787806087491845 ], [ -77.59883486156896, 38.787804430617065 ], [ -77.598834141054809, 38.787802774643104 ], [ -77.598833425200979, 38.787801114200441 ], [ -77.598832704652992, 38.787799460928895 ], [ -77.598831984138926, 38.787797804954842 ], [ -77.598831263636214, 38.787796148080041 ], [ -77.598830538484535, 38.787794494773074 ], [ -77.598829814517728, 38.787792838772532 ], [ -77.598829089366063, 38.787791185465572 ], [ -77.598828364259688, 38.787789528555358 ], [ -77.598827635655283, 38.787787875221866 ], [ -77.598826905888629, 38.787786222780298 ], [ -77.598826181888128, 38.787784569482177 ], [ -77.598825447574242, 38.787782912501193 ], [ -77.598824718924774, 38.787781262770892 ], [ -77.59882398456574, 38.787779609393162 ], [ -77.59882325134646, 38.787777956925076 ], [ -77.598822522742239, 38.787776303591464 ], [ -77.59882178377957, 38.787774650178356 ], [ -77.59882104246978, 38.787773000350761 ], [ -77.598820312714778, 38.787771347008373 ], [ -77.598819570208917, 38.787769700775158 ], [ -77.598818837001133, 38.787768047406189 ], [ -77.598818094585724, 38.787766393966507 ], [ -77.598817352079962, 38.78776474773327 ], [ -77.598816614268429, 38.787763094328938 ], [ -77.59881586719284, 38.78776144535788 ], [ -77.598815120094756, 38.787759798188468 ], [ -77.598814377668219, 38.787758145649569 ], [ -77.598813631721072, 38.787756498488918 ], [ -77.598812889260714, 38.787754848652419 ], [ -77.598812137592802, 38.787753198745186 ], [ -77.598811387030665, 38.78775155244999 ], [ -77.598810639921439, 38.787749906181347 ], [ -77.598809888208436, 38.787748259877304 ], [ -77.598809137691603, 38.787746609978875 ], [ -77.598808381374866, 38.787744963639454 ], [ -77.598807621650522, 38.787743313670255 ], [ -77.598806874507545, 38.787741670104012 ], [ -77.598806119341859, 38.787740023773431 ], [ -77.598805359572367, 38.787738377407472 ], [ -77.5988046032558, 38.787736731068009 ], [ -77.598803843452529, 38.787735087404442 ], [ -77.598803083683151, 38.787733441038441 ], [ -77.598802323913844, 38.787731794672446 ], [ -77.59880155949557, 38.787730151874356 ], [ -77.598800799692398, 38.787728508210762 ], [ -77.598800035319414, 38.787726861809368 ], [ -77.598799266297419, 38.787725218975829 ], [ -77.598798506494404, 38.787723575312221 ], [ -77.598797737427276, 38.787721936081915 ], [ -77.598796973054405, 38.787720289680486 ], [ -77.598796199394869, 38.787718649514026 ], [ -77.598795431524053, 38.787717006689292 ], [ -77.598794662513541, 38.787715362954906 ], [ -77.598793888888011, 38.787713720085982 ], [ -77.598793115228602, 38.787712079919444 ], [ -77.598792342708947, 38.787710440662579 ], [ -77.598791564445804, 38.78770880046067 ], [ -77.598790791971354, 38.787707157600522 ], [ -77.598790013708296, 38.787705517398592 ], [ -77.598789236584921, 38.787703878106356 ], [ -77.598788459427723, 38.78770224151647 ], [ -77.598787676594853, 38.787700598576777 ], [ -77.598786894879083, 38.78769895834828 ], [ -77.598786117722, 38.787697321758372 ], [ -77.598785334844024, 38.787695682421891 ], [ -77.598784548479372, 38.787694045761206 ], [ -77.598783766763759, 38.787692405532717 ], [ -77.598782980433086, 38.787690766169675 ], [ -77.598782194023357, 38.78768913311221 ], [ -77.598781407704038, 38.787687492848306 ], [ -77.598780616690547, 38.787685859755548 ], [ -77.598779830360016, 38.787684220392421 ], [ -77.598779035938989, 38.787682583669863 ], [ -77.598778244925626, 38.787680950577013 ], [ -77.598777453957481, 38.787679313880972 ], [ -77.598776658374334, 38.787677678050308 ], [ -77.598775867406232, 38.787676041354253 ], [ -77.598775072985362, 38.787674404631638 ], [ -77.598774272719396, 38.787672775071265 ], [ -77.598773478298639, 38.787671138348621 ], [ -77.598772678077879, 38.787669505185001 ], [ -77.598771878963007, 38.787667875633417 ], [ -77.598771078821457, 38.787666236164185 ], [ -77.598770275114148, 38.787664605676412 ], [ -77.598769474893572, 38.787662972512791 ], [ -77.598768671220199, 38.787661339322618 ], [ -77.598767872139391, 38.787659707068585 ], [ -77.598767062711289, 38.787658073834201 ], [ -77.598766254400374, 38.787656443311043 ], [ -77.598765446078147, 38.787654813688697 ], [ -77.598764642359754, 38.787653184101728 ], [ -77.598763829479012, 38.787651550840792 ], [ -77.598763016553093, 38.787649921183039 ], [ -77.598762208231022, 38.787648291560629 ], [ -77.598761395305189, 38.787646661902912 ], [ -77.598760586983204, 38.787645032280523 ], [ -77.59875976945365, 38.787643402587328 ], [ -77.598758953086389, 38.78764177200226 ], [ -77.598758140115507, 38.787640145947712 ], [ -77.598757322586067, 38.787638516254553 ], [ -77.598756501558626, 38.78763689013806 ], [ -77.598755688633076, 38.787635260480272 ], [ -77.59875486646601, 38.787633633454135 ], [ -77.598754036231099, 38.787632007266907 ], [ -77.598753223260402, 38.787630381212338 ], [ -77.598752397640652, 38.787628754159677 ], [ -77.598751570858681, 38.78762712799891 ], [ -77.598750749831481, 38.787625501882424 ], [ -77.598749924166654, 38.787623878432946 ], [ -77.598749097429973, 38.787622248668988 ], [ -77.598748271765217, 38.78762062521951 ], [ -77.598747441485372, 38.787619002635445 ], [ -77.59874661466975, 38.7876173791771 ], [ -77.598745780982313, 38.787615752963283 ], [ -77.598744946098833, 38.787614130343805 ], [ -77.598744119283296, 38.787612506885459 ], [ -77.598743279796068, 38.787610884230617 ], [ -77.598742446074922, 38.787609260719186 ], [ -77.59874161464441, 38.787607638126232 ], [ -77.598740776319516, 38.787606014579424 ], [ -77.598739936798538, 38.787604394626975 ], [ -77.598739101915271, 38.787602772007475 ], [ -77.598738257790586, 38.787601152019633 ], [ -77.598737422907419, 38.787599529400133 ], [ -77.598736579888566, 38.787597913024392 ], [ -77.598735735809157, 38.78759628943331 ], [ -77.598734892869501, 38.787594666751879 ], [ -77.598734048699754, 38.787593050367214 ], [ -77.598733201122428, 38.787591430352805 ], [ -77.598732356952823, 38.787589813968161 ], [ -77.598731509375583, 38.787588193953752 ], [ -77.59873065718331, 38.78758657480477 ], [ -77.59872981301379, 38.787584958420112 ], [ -77.598728960832887, 38.787583338370297 ], [ -77.598728103957797, 38.787581725491549 ], [ -77.598727259867516, 38.787580102801229 ], [ -77.598726403003823, 38.787578489021662 ], [ -77.598725546207959, 38.787576869837245 ], [ -77.598724693982049, 38.7875752533906 ], [ -77.59872383710713, 38.78757364051188 ], [ -77.598722984926511, 38.787572020462015 ], [ -77.598722123447885, 38.78757040754784 ], [ -77.598721262014578, 38.787568791030452 ], [ -77.598720405139844, 38.787567178151654 ], [ -77.598719543706594, 38.787565561634217 ], [ -77.598718678775285, 38.787563948693531 ], [ -77.598717821900706, 38.787562335814691 ], [ -77.59871695581856, 38.787560722865159 ], [ -77.598716090887365, 38.787559109924395 ], [ -77.598715224805332, 38.78755749697482 ], [ -77.598714358723299, 38.78755588402521 ], [ -77.598713489154548, 38.787554273751503 ], [ -77.598712623072586, 38.7875526608019 ], [ -77.598711748888817, 38.787551051393578 ], [ -77.598710879354087, 38.787549438417429 ], [ -77.598710008623272, 38.787547829035645 ], [ -77.598709134484835, 38.78754621602409 ], [ -77.598708260312534, 38.787544605714999 ], [ -77.598707394185666, 38.787542996368551 ], [ -77.598706510794528, 38.787541386889444 ], [ -77.598705631973374, 38.787539780148187 ], [ -77.598704757835137, 38.787538167136589 ], [ -77.59870387900277, 38.787536561296058 ], [ -77.598703000260812, 38.787534948249068 ], [ -77.598702121439814, 38.787533341507768 ], [ -77.598701238003727, 38.787531735631866 ], [ -77.598700354579023, 38.787530128855153 ], [ -77.598699475746855, 38.787528523014601 ], [ -77.598698592322222, 38.787526916237887 ], [ -77.5986977042825, 38.787525310326579 ], [ -77.598696817405113, 38.78752370352327 ], [ -77.598695929365476, 38.787522097611934 ], [ -77.598695045850604, 38.787520498041658 ], [ -77.598694154358284, 38.78751889210379 ], [ -77.598693261726268, 38.787517285256243 ], [ -77.59869237483781, 38.787515679353703 ], [ -77.598691482160675, 38.787514076109403 ], [ -77.598690586030756, 38.787512472838571 ], [ -77.598689693387612, 38.787510866891814 ], [ -77.598688797212645, 38.787509267224173 ], [ -77.598687901116733, 38.787507661250835 ], [ -77.598687008394606, 38.787506061609719 ], [ -77.59868610766118, 38.787504458303445 ], [ -77.598685206882507, 38.787502858600405 ], [ -77.598684310741575, 38.787501256230314 ], [ -77.598683410008192, 38.787499652924012 ], [ -77.598682509229647, 38.787498053220936 ], [ -77.598681607300236, 38.787496453509021 ], [ -77.598680703068979, 38.7874948537794 ], [ -77.598679797675473, 38.787493254941722 ], [ -77.598678892293265, 38.787491655203262 ], [ -77.598677986911142, 38.787490055464779 ], [ -77.598677076925313, 38.787488455690898 ], [ -77.598676171498084, 38.787486859555642 ], [ -77.598675261512312, 38.787485259781725 ], [ -77.598674348028538, 38.787483663584545 ], [ -77.598673442646628, 38.787482063846006 ], [ -77.598672528011946, 38.787480467639952 ], [ -77.598671614528286, 38.787478871442715 ], [ -77.598670699848554, 38.787477278839894 ], [ -77.598669786410184, 38.787475679039424 ], [ -77.59866886832279, 38.787474082806803 ], [ -77.598667953643186, 38.787472490203932 ], [ -77.598667035555962, 38.787470893971296 ], [ -77.598666112819757, 38.787469301306508 ], [ -77.598665198185458, 38.787467705100383 ], [ -77.598664275460635, 38.787466111534776 ], [ -77.598663352769748, 38.78746451526672 ], [ -77.598662430033741, 38.787462922601918 ], [ -77.598661506146797, 38.787461329928213 ], [ -77.598660578807056, 38.787459737228005 ], [ -77.59865965603727, 38.787458147265589 ], [ -77.598658728697615, 38.78745655456536 ], [ -77.598657801312797, 38.787454965468314 ], [ -77.598656873984567, 38.787453371867244 ], [ -77.59865594314698, 38.787451782743709 ], [ -77.598655011203732, 38.787450190008016 ], [ -77.598654083864261, 38.787448597307787 ], [ -77.59865314723821, 38.787447010842385 ], [ -77.598652216446041, 38.787445418115595 ], [ -77.598651284423823, 38.787443831685529 ], [ -77.598650347831779, 38.787442242517734 ], [ -77.598649407752987, 38.787440656025765 ], [ -77.598648475764847, 38.787439066893306 ], [ -77.598647535686212, 38.787437480401309 ], [ -77.598646594490504, 38.787435891198093 ], [ -77.598645659015688, 38.787434304741453 ], [ -77.598644713182452, 38.787432718205267 ], [ -77.598643773137866, 38.787431129010827 ], [ -77.59864283301421, 38.78742954612207 ], [ -77.598641887214967, 38.78742795688337 ], [ -77.598640942487606, 38.787426373959192 ], [ -77.598639997805506, 38.787424787431767 ], [ -77.59863904842922, 38.787423208075431 ], [ -77.598638099177336, 38.787421618810228 ], [ -77.598637149846326, 38.787420035850616 ], [ -77.598636205119192, 38.78741845292641 ], [ -77.59863525121844, 38.787416867228998 ], [ -77.598634297238604, 38.787415287837263 ], [ -77.59863334795304, 38.787413701274389 ], [ -77.598632393973261, 38.787412121882618 ], [ -77.598631441178412, 38.787410539797257 ], [ -77.598630487198733, 38.787408960405479 ], [ -77.598629524056761, 38.787407377339647 ], [ -77.598628570077167, 38.78740579794782 ], [ -77.598627617293786, 38.787404214961633 ], [ -77.598626654106738, 38.787402635499056 ], [ -77.598625696674418, 38.787401056080711 ], [ -77.598624738136479, 38.787399473050215 ], [ -77.59862377490434, 38.787397897190843 ], [ -77.598622808264622, 38.787396317701692 ], [ -77.598621846183477, 38.787394741851109 ], [ -77.598620882996684, 38.787393162388483 ], [ -77.598619916311861, 38.78739158650253 ], [ -77.598618949672328, 38.78739000701335 ], [ -77.598617982987591, 38.78738843112739 ], [ -77.598617015163299, 38.787386854331771 ], [ -77.598616043874898, 38.787385278410405 ], [ -77.598615077190289, 38.787383702524387 ], [ -77.59861410129821, 38.787382126567628 ], [ -77.598613125406104, 38.787380550610862 ], [ -77.598612158721636, 38.787378974724831 ], [ -77.598611182795764, 38.787377401470465 ], [ -77.598610202254832, 38.787375829081505 ], [ -77.598609230932823, 38.787374255862488 ], [ -77.598608246984384, 38.78737267984377 ], [ -77.598607473111045, 38.78737142435611 ], [ -77.59860669126023, 38.7873701625008 ], [ -77.59860590817938, 38.787368906942312 ], [ -77.598605130932427, 38.787367645122444 ], [ -77.598604352455439, 38.787366389599292 ], [ -77.598603574023656, 38.787365130472971 ], [ -77.598602796776802, 38.787363868653046 ], [ -77.598602022948853, 38.787362609562059 ], [ -77.598601244551077, 38.787361347733267 ], [ -77.598600471874164, 38.787360088651148 ], [ -77.598599693487728, 38.787358825921544 ], [ -77.598598919648595, 38.787357567731334 ], [ -77.598598145820816, 38.787356308640362 ], [ -77.598597373223072, 38.787355043252546 ], [ -77.598596599395322, 38.787353784161532 ], [ -77.598595825646754, 38.787352518764862 ], [ -77.598595061026629, 38.787351259744604 ], [ -77.598594287278061, 38.787349994347935 ], [ -77.598593518008968, 38.787348738895503 ], [ -77.598592748909468, 38.787347469930985 ], [ -77.598591984323377, 38.78734620820827 ], [ -77.598591210541016, 38.787344945514008 ], [ -77.598590446000173, 38.787343680188009 ], [ -77.598589681425437, 38.787342417564496 ], [ -77.598588912280817, 38.787341152203169 ], [ -77.598588147694841, 38.787339890480446 ], [ -77.598587382014443, 38.787338624244818 ], [ -77.598586622077491, 38.78733735895424 ], [ -77.598585857491599, 38.78733609723151 ], [ -77.598585101018841, 38.78733483106658 ], [ -77.598584331874392, 38.787333565705232 ], [ -77.598583571982758, 38.787332296811378 ], [ -77.598582810895024, 38.787331031511947 ], [ -77.598582055561991, 38.787329766256725 ], [ -77.598581290987582, 38.787328503633091 ], [ -77.598580529990272, 38.787327231127172 ], [ -77.598579779261158, 38.7873259659073 ], [ -77.598579018173496, 38.787324700607833 ], [ -77.598578262931014, 38.787323428146088 ], [ -77.598577506413321, 38.787322165584378 ], [ -77.59857675462375, 38.787320893149172 ], [ -77.598575994687181, 38.787319627858516 ], [ -77.598575242807229, 38.787318362629776 ], [ -77.598574491017729, 38.78731709019457 ], [ -77.598573740334018, 38.787315821371379 ], [ -77.598572983895593, 38.787314552504043 ], [ -77.598572236664737, 38.787313283707427 ], [ -77.598571484875336, 38.787312011272149 ], [ -77.598570738750254, 38.787310746087606 ], [ -77.598569987006115, 38.787309470049124 ], [ -77.598569235126376, 38.787308204820341 ], [ -77.598568487940909, 38.787306932420499 ], [ -77.598567740755414, 38.787305660020579 ], [ -77.598566993524742, 38.787304391223927 ], [ -77.598566246339274, 38.787303118824028 ], [ -77.598565503712479, 38.787301850062754 ], [ -77.598564756572301, 38.787300574059586 ], [ -77.598564018549297, 38.787299305333683 ], [ -77.598563271409162, 38.78729802933055 ], [ -77.5985625333862, 38.787296760604633 ], [ -77.598561786246151, 38.787295484601479 ], [ -77.598561047106173, 38.787294213164259 ], [ -77.598560304524753, 38.787292940799752 ], [ -77.598559561988523, 38.787291664831962 ], [ -77.598558828614685, 38.787290392538118 ], [ -77.598558089531338, 38.787289116596924 ], [ -77.598557351553779, 38.787287844267709 ], [ -77.598556613610114, 38.787286569236102 ], [ -77.59855587448169, 38.787285296898055 ], [ -77.59855513659457, 38.787284017362389 ], [ -77.598554406673728, 38.787282745095133 ], [ -77.598553668730219, 38.787281470063448 ], [ -77.598552938854567, 38.787280194192952 ], [ -77.598552200877208, 38.787278921863724 ], [ -77.59855147100167, 38.787277645993164 ], [ -77.598550737707214, 38.787276367393666 ], [ -77.598550007831676, 38.787275091523128 ], [ -77.598549277944926, 38.787273816553387 ], [ -77.598548544661867, 38.78727253705307 ], [ -77.598547814786471, 38.787271261182504 ], [ -77.598547089548745, 38.787269982644879 ], [ -77.59854636086952, 38.787268703179947 ], [ -77.598545630982855, 38.787267428210164 ], [ -77.598544905801717, 38.787266145168502 ], [ -77.598544180485007, 38.787264872936547 ], [ -77.598543455292614, 38.787263590795682 ], [ -77.598542730021151, 38.787262314960458 ], [ -77.598542004828843, 38.787261032819579 ], [ -77.598541279557423, 38.787259756984348 ], [ -77.598540558968907, 38.787258474878861 ], [ -77.598539842950288, 38.787257195511181 ], [ -77.598539117758051, 38.787255913370281 ], [ -77.598538397124415, 38.787254634867971 ], [ -77.598537671898328, 38.787253355429506 ], [ -77.598536955913772, 38.78725207335939 ], [ -77.59853623529149, 38.787250793956289 ], [ -77.598535519306935, 38.787249511886117 ], [ -77.598534798684724, 38.787248232483009 ], [ -77.598534086153109, 38.787246950439389 ], [ -77.598533365519629, 38.787245671937086 ], [ -77.598532654195438, 38.787244385398246 ], [ -77.598531937060073, 38.78724310331922 ], [ -77.598531225634247, 38.787241824887673 ], [ -77.598530509695081, 38.787240539214253 ], [ -77.598529801778611, 38.787239256305185 ], [ -77.598529085794311, 38.787237974234998 ], [ -77.598528377866572, 38.787236692226713 ], [ -77.598527665391643, 38.787235405679034 ], [ -77.598526958569735, 38.787234127282801 ], [ -77.598526246128756, 38.787232838032679 ], [ -77.598525534748347, 38.787231555997856 ], [ -77.598524826911174, 38.787230266783084 ], [ -77.598524120145882, 38.787228983882841 ], [ -77.598523412218384, 38.787227701874535 ], [ -77.598522704336091, 38.787226416262968 ], [ -77.598522001057617, 38.787225130686828 ], [ -77.598521298930095, 38.787223845119492 ], [ -77.598520595651621, 38.787222559543331 ], [ -77.59851988781466, 38.787221270328544 ], [ -77.598519189106085, 38.787219987490161 ], [ -77.598518481269195, 38.787218698275339 ], [ -77.598517787198375, 38.787217412769941 ], [ -77.598517083965234, 38.787216123590504 ], [ -77.59851638529075, 38.787214838049692 ], [ -77.598515683208632, 38.787213548879116 ], [ -77.598514992590765, 38.787212263400207 ], [ -77.598514284708813, 38.787210977788625 ], [ -77.598513590683339, 38.787209688679972 ], [ -77.598512892054131, 38.787208399535849 ], [ -77.598512198028715, 38.787207110427182 ], [ -77.598511504003341, 38.787205821318494 ], [ -77.598510805374232, 38.787204532174393 ], [ -77.598510114801755, 38.787203243092257 ], [ -77.598509416217894, 38.787201950344908 ], [ -77.598508726751177, 38.787200664874852 ], [ -77.598508032759867, 38.787199373063693 ], [ -77.598507346791209, 38.787198084016886 ], [ -77.598506652811224, 38.787196791304929 ], [ -77.598505962238889, 38.78719550222273 ], [ -77.598505272817548, 38.787194213149419 ], [ -77.598504586939441, 38.787192916896096 ], [ -77.598503897472895, 38.787191631425962 ], [ -77.598503211538315, 38.787190339676734 ], [ -77.59850252211703, 38.787189050603374 ], [ -77.598501840842815, 38.787187754385457 ], [ -77.598501151421587, 38.787186465312089 ], [ -77.598500470136059, 38.787185169994999 ], [ -77.598499784167686, 38.787183880948163 ], [ -77.598499104044521, 38.787182584739071 ], [ -77.598498418076204, 38.787181295692214 ], [ -77.59849773679079, 38.787180000375116 ], [ -77.598497055471555, 38.787178707760376 ], [ -77.598496375303199, 38.787177415154524 ], [ -77.598495694029197, 38.787176118936564 ], [ -77.598495017302454, 38.787174827258049 ], [ -77.598494336028466, 38.787173531040047 ], [ -77.59849365470933, 38.78717223842537 ], [ -77.598492982631655, 38.787170943178978 ], [ -77.598492301312533, 38.787169650564202 ], [ -77.598491629280119, 38.787168351714612 ], [ -77.598490952564788, 38.787167059135243 ], [ -77.598490280532417, 38.78716576028561 ], [ -77.598489603862362, 38.787164464103007 ], [ -77.598488931796126, 38.787163167955804 ], [ -77.598488259673417, 38.787161876312624 ], [ -77.598487591105211, 38.787160576588711 ], [ -77.598486914424001, 38.787159281306863 ], [ -77.598486247006832, 38.787157981591818 ], [ -77.598485574929413, 38.787156686345362 ], [ -77.598484910919879, 38.787155390260061 ], [ -77.598484234283958, 38.787154091374973 ], [ -77.598483571425447, 38.787152795298525 ], [ -77.598482902846158, 38.787151496475353 ], [ -77.598482239987675, 38.787150200398855 ], [ -77.598481571408414, 38.787148901575726 ], [ -77.598480908583923, 38.787147602796786 ], [ -77.598480241212144, 38.787146299478415 ], [ -77.598479581795289, 38.787145004329268 ], [ -77.598478917819918, 38.787143705541538 ], [ -77.598478250403033, 38.78714240582638 ], [ -77.598477591031454, 38.787141107073971 ], [ -77.598476931671215, 38.787139807420772 ], [ -77.598476273495876, 38.787138505073976 ], [ -77.598475614124396, 38.787137206321525 ], [ -77.598474954752902, 38.787135907569137 ], [ -77.598474295437967, 38.787134604312683 ], [ -77.598473637172233, 38.787133309172297 ], [ -77.598472977936467, 38.787131999610189 ], [ -77.598472323134942, 38.787130703595565 ], [ -77.59847166380878, 38.787129401239888 ], [ -77.598471013644996, 38.787128102558263 ], [ -77.598470354364125, 38.787126796599345 ], [ -77.598469704211638, 38.78712549701681 ], [ -77.598469049534557, 38.787124191093291 ], [ -77.598468399370873, 38.787122892411602 ], [ -77.598467744693821, 38.787121586488098 ], [ -77.598467103737704, 38.787120287877151 ], [ -77.598466444456946, 38.787118981918205 ], [ -77.598465798942257, 38.78711767966864 ], [ -77.598465148869124, 38.787116373780478 ], [ -77.598464502214881, 38.787115070621276 ], [ -77.598463852096529, 38.787113768336368 ], [ -77.598463206581997, 38.787112466086768 ], [ -77.598462561157916, 38.787111156630758 ], [ -77.598461914492447, 38.787109854372325 ], [ -77.598461268977971, 38.787108552122774 ], [ -77.59846062696154, 38.787107246296479 ], [ -77.598459981492326, 38.787105940443681 ], [ -77.598459340626903, 38.787104634626232 ], [ -77.598458698565324, 38.787103332403177 ], [ -77.598458057745134, 38.787102022982509 ], [ -77.598457415683598, 38.787100720759433 ], [ -77.598456778316319, 38.787099411365318 ], [ -77.598456137450981, 38.787098105547841 ], [ -77.59845550003854, 38.787096799756945 ], [ -77.598454859173273, 38.787095493939489 ], [ -77.598454221806023, 38.787094184545332 ], [ -77.598453584393624, 38.787092878754372 ], [ -77.598452951630222, 38.787091569395614 ], [ -77.598452315368803, 38.787090263613521 ], [ -77.598451682594131, 38.787088955155589 ], [ -77.59845104518179, 38.787087649364622 ], [ -77.598450417067497, 38.787086336437966 ], [ -77.598449779655184, 38.787085030647084 ], [ -77.598449151495672, 38.78708372132364 ], [ -77.598448515279614, 38.787082411938279 ], [ -77.598447887108904, 38.787081103515675 ], [ -77.598447258949435, 38.787079794192245 ], [ -77.598446629593823, 38.787078488463216 ], [ -77.598445998026861, 38.787077175510021 ], [ -77.598445369867477, 38.787075866186598 ], [ -77.598444745149649, 38.787074557790483 ], [ -77.598444121594071, 38.787073248502452 ], [ -77.598443493479962, 38.787071935575774 ], [ -77.598442869924483, 38.787070626287729 ], [ -77.598442241799134, 38.787069314261849 ], [ -77.598441621696466, 38.787068005000329 ], [ -77.598440998186206, 38.787066692108986 ], [ -77.598440374630812, 38.787065382820934 ], [ -77.598439750003593, 38.787064067218346 ], [ -77.598439135655667, 38.787062758001056 ], [ -77.5984385109833, 38.787061446001687 ], [ -77.598437892076959, 38.787060133145765 ], [ -77.598437273170589, 38.787058820289815 ], [ -77.598436657705804, 38.787057508361222 ], [ -77.598436037558116, 38.787056202702857 ], [ -77.598435423300842, 38.787054886279115 ], [ -77.598434803277542, 38.787053570711898 ], [ -77.598434188975077, 38.78705225789129 ], [ -77.598433573510363, 38.78705094596269 ], [ -77.598432962660766, 38.787049633168678 ], [ -77.598432348392251, 38.787048317645649 ], [ -77.598431737542697, 38.78704700485163 ], [ -77.598431122123287, 38.787045689319754 ], [ -77.598430511319023, 38.787044372922487 ], [ -77.598429900458228, 38.787043061029244 ], [ -77.59842929080483, 38.787041744640796 ], [ -77.59842867998934, 38.787040429144319 ], [ -77.598428073788881, 38.787039112782423 ], [ -77.598427462928129, 38.787037800889181 ], [ -77.598426856727741, 38.787036484527242 ], [ -77.598426250516042, 38.787035169066144 ], [ -77.598425644349604, 38.787033850001755 ], [ -77.598425038104068, 38.787032537243093 ], [ -77.598424436541393, 38.787031218214153 ], [ -77.59842383034109, 38.787029901852215 ], [ -77.598423227627492, 38.787028582814386 ], [ -77.59842262137073, 38.787027270956486 ], [ -77.598422024423229, 38.787025951062077 ], [ -77.598421422815449, 38.78702463563635 ], [ -77.59842082125293, 38.787023316607375 ], [ -77.598420218505595, 38.787022000271953 ], [ -77.598419621592058, 38.787020677675066 ], [ -77.598419024588125, 38.787019362284738 ], [ -77.598418426478517, 38.787018043282281 ], [ -77.59841782944072, 38.787016730594353 ], [ -77.598417236025384, 38.787015404420785 ], [ -77.598416634417788, 38.787014088995036 ], [ -77.598416041002437, 38.787012762821483 ], [ -77.598415448568474, 38.787011450168869 ], [ -77.598414855107961, 38.78701012759857 ], [ -77.598414262753209, 38.787008808640294 ], [ -77.59841366924752, 38.787007489673222 ], [ -77.598413075753143, 38.787006169805302 ], [ -77.598412488047373, 38.787004847279235 ], [ -77.598411894541783, 38.787003528312098 ], [ -77.598411310288895, 38.787002205812563 ], [ -77.598410717934229, 38.787000886854287 ], [ -77.598410133681412, 38.78699956435473 ], [ -77.598409540175879, 38.786998245387601 ], [ -77.598408955923105, 38.786996922888051 ], [ -77.598408367032675, 38.786995603055466 ], [ -77.598407787428897, 38.786994276988047 ], [ -77.598407198527198, 38.78699295805631 ], [ -77.598406618878258, 38.786991635592116 ], [ -77.59840603002182, 38.786990313057132 ], [ -77.598405450372894, 38.786988990592917 ], [ -77.598404866120248, 38.786987668093296 ], [ -77.59840429112036, 38.786986342061269 ], [ -77.598403706822566, 38.786985023164867 ], [ -77.59840312721893, 38.786983697097405 ], [ -77.598402551068176, 38.786982371056531 ], [ -77.598401971419406, 38.78698104859231 ], [ -77.598401391725403, 38.786979729731321 ], [ -77.598400816725643, 38.786978403699223 ], [ -77.59840023707693, 38.78697708123498 ], [ -77.598399660971452, 38.786975751590809 ], [ -77.59839908592653, 38.786974429161951 ], [ -77.598398509764635, 38.786973104021833 ], [ -77.598397939323505, 38.78697178162836 ], [ -77.598397367776684, 38.786970455622836 ], [ -77.598396792777066, 38.786969129590709 ], [ -77.598396221230317, 38.786967803585142 ], [ -77.598395655393006, 38.78696648122704 ], [ -77.598395079287741, 38.786965151582855 ], [ -77.598394513450486, 38.786963829224774 ], [ -77.598393941937701, 38.786962500516786 ], [ -77.598393374994771, 38.78696117454659 ], [ -77.598392809202807, 38.786959848585234 ], [ -77.598392242259905, 38.786958522615066 ], [ -77.598391675362265, 38.78695719304163 ], [ -77.598391108419435, 38.786955867071434 ], [ -77.598390542661448, 38.786954538407656 ], [ -77.598389980322395, 38.786953212472824 ], [ -77.598389418028603, 38.786951882934758 ], [ -77.598388855689592, 38.786950556999962 ], [ -77.598388293339298, 38.786949231965927 ], [ -77.598387731045534, 38.786947902427869 ], [ -77.598387168751785, 38.786946572889846 ], [ -77.598386611050572, 38.786945244287928 ], [ -77.59838604880207, 38.786943911146651 ], [ -77.59838549567074, 38.786942585282596 ], [ -77.598384933410969, 38.786941253042073 ], [ -77.598384380234393, 38.786939930781259 ], [ -77.598383822544562, 38.786938601278564 ], [ -77.598383268341451, 38.786937269100001 ], [ -77.598382710651677, 38.786935939597299 ], [ -77.598382157565609, 38.786934610129983 ], [ -77.598381599909771, 38.786933277924831 ], [ -77.598381050276572, 38.786931948484082 ], [ -77.598380497224525, 38.786930616314343 ], [ -77.59837994759134, 38.786929286873558 ], [ -77.598379394505443, 38.786927957406228 ], [ -77.598378846057187, 38.786926625271867 ], [ -77.598378301073026, 38.786925292263255 ], [ -77.59837774797586, 38.786923963696687 ], [ -77.598377202991813, 38.786922630688096 ], [ -77.598376649939851, 38.786921298518308 ], [ -77.598376104955832, 38.786919965509668 ], [ -77.598375559915326, 38.786918637005044 ], [ -77.598375016082258, 38.786917304005243 ], [ -77.598374466483193, 38.786915971862015 ], [ -77.598373926103008, 38.78691463888876 ], [ -77.5983733822587, 38.786913306789756 ], [ -77.598372841833338, 38.786911977419727 ], [ -77.598372296883369, 38.786910641708623 ], [ -77.598371756537091, 38.786909306032939 ], [ -77.598371216156991, 38.786907973059648 ], [ -77.598370680369342, 38.78690664102259 ], [ -77.598370136581693, 38.786905304419513 ], [ -77.598369600794157, 38.786903972382412 ], [ -77.598369060414058, 38.786902639409121 ], [ -77.59836852467177, 38.786901303768815 ], [ -77.598367984280429, 38.786899971696307 ], [ -77.598367452002265, 38.786898635181743 ], [ -77.598366916260005, 38.786897299541394 ], [ -77.59836638512148, 38.786895963936459 ], [ -77.598365849345313, 38.786894630998503 ], [ -77.598365318206831, 38.786893295393575 ], [ -77.598364787068405, 38.786891959788591 ], [ -77.598364251337514, 38.786890623247459 ], [ -77.5983637236519, 38.786889287669041 ], [ -77.598363192513489, 38.786887952064092 ], [ -77.598362664827917, 38.786886616485653 ], [ -77.598362129097112, 38.786885279944443 ], [ -77.598361607166282, 38.786883944410292 ], [ -77.598361084129721, 38.786882605264005 ], [ -77.598360552991451, 38.786881269659062 ], [ -77.598360025317277, 38.786879933179783 ], [ -77.598359503386533, 38.786878597645575 ], [ -77.598358980350042, 38.786877258499317 ], [ -77.598358453815607, 38.78687592292971 ], [ -77.59835792157169, 38.786874583712617 ], [ -77.598357407708818, 38.786873247339535 ], [ -77.598356885868611, 38.786871904598875 ], [ -77.598356362787001, 38.786870569055765 ], [ -77.598355840901604, 38.786869229918331 ], [ -77.598355322469033, 38.786867890807443 ], [ -77.598354808640238, 38.786866551731926 ], [ -77.598354285603918, 38.786865212585582 ], [ -77.598353771741245, 38.7868638762125 ], [ -77.598353253342623, 38.786862534399141 ], [ -77.598352739479978, 38.78686119802601 ], [ -77.598352221092753, 38.786859855311874 ], [ -77.598351707264015, 38.786858516236308 ], [ -77.598351189982523, 38.786857177134216 ], [ -77.598350679606682, 38.786855838085245 ], [ -77.598350165823277, 38.786854495406445 ], [ -77.598349656598387, 38.786853156366284 ], [ -77.598349138211233, 38.786851813652135 ], [ -77.598348633544987, 38.786850478250564 ], [ -77.598348119761567, 38.786849135571799 ], [ -77.598347615140554, 38.786847796567002 ], [ -77.598347109459013, 38.786846450346907 ], [ -77.598346595630474, 38.786845111271333 ], [ -77.598346091054736, 38.786843768663317 ], [ -77.598345585282772, 38.786842429649681 ], [ -77.598345080707077, 38.786841087041644 ], [ -77.598344571527576, 38.786839744398243 ], [ -77.598344070404693, 38.78683840181673 ], [ -77.598343565783779, 38.786837062811941 ], [ -77.598343064694831, 38.786835717528049 ], [ -77.598342560073959, 38.786834378523203 ], [ -77.598342058996323, 38.786833032338521 ], [ -77.598341558979271, 38.786831693369074 ], [ -77.598341057901706, 38.786830347184392 ], [ -77.598340556778936, 38.786829004602829 ], [ -77.598340061410838, 38.786827662065562 ], [ -77.598339560288153, 38.786826319484042 ], [ -77.598339063803081, 38.786824974235536 ], [ -77.598338568480258, 38.786823628095007 ], [ -77.598338071961379, 38.786822285548894 ], [ -77.598337580091396, 38.786820939434939 ], [ -77.598337078968754, 38.786819596853384 ], [ -77.598336591691307, 38.786818251675612 ], [ -77.598336095172428, 38.786816909129527 ], [ -77.598335603302587, 38.786815563015523 ], [ -77.598335111432689, 38.786814216901519 ], [ -77.598334619551579, 38.786812871688369 ], [ -77.598334128787442, 38.786811529186423 ], [ -77.598333640415689, 38.786810179495767 ], [ -77.598333148500643, 38.786808836985024 ], [ -77.598332661223353, 38.786807491807181 ], [ -77.59833217856108, 38.786806145764025 ], [ -77.598331686691338, 38.786804799650014 ], [ -77.598331204029122, 38.78680345360678 ], [ -77.598330715646185, 38.786802104816921 ], [ -77.598330232938778, 38.78680076237692 ], [ -77.598329745718047, 38.786799412695046 ], [ -77.598329266497402, 38.786798067579191 ], [ -77.59832877927677, 38.786796717897346 ], [ -77.598328301207076, 38.786795372790323 ], [ -77.598327817394008, 38.786794026738214 ], [ -77.598327339426177, 38.786792673523941 ], [ -77.59832685670753, 38.786791331984745 ], [ -77.598326377543529, 38.786789982364802 ], [ -77.598325902971965, 38.78678863368107 ], [ -77.598325424958915, 38.786787284069959 ], [ -77.598324950353458, 38.786785938088684 ], [ -77.598324467725419, 38.786784589342986 ], [ -77.598323997723739, 38.786783243397053 ], [ -77.598323523197479, 38.786781891110074 ], [ -77.598323045139296, 38.786780545102239 ], [ -77.598322570613078, 38.786779192815246 ], [ -77.59832210521526, 38.786777846904691 ], [ -77.59832162605143, 38.786776497284727 ], [ -77.59832115608377, 38.78677514863638 ], [ -77.598320686161344, 38.786773796384793 ], [ -77.59832021615982, 38.786772450438839 ], [ -77.598319747388416, 38.786771098196112 ], [ -77.598319277432125, 38.786769748646954 ], [ -77.598318812079597, 38.786768399133152 ], [ -77.598318345564863, 38.786767050511294 ], [ -77.598317876793516, 38.786765698268518 ], [ -77.598317406882529, 38.78676434511609 ], [ -77.598316944971558, 38.786762996529696 ], [ -77.598316479664405, 38.786761643412646 ], [ -77.598316018904399, 38.786760294835027 ], [ -77.598315553585962, 38.786758942618782 ], [ -77.598315092837282, 38.786757593140379 ], [ -77.598314630971643, 38.786756240950687 ], [ -77.598314170268281, 38.786754887869016 ], [ -77.598313709553636, 38.786753535688206 ], [ -77.598313247688026, 38.786752183498535 ], [ -77.598312791543236, 38.786750834055454 ], [ -77.598312330828605, 38.786749481874608 ], [ -77.598311878170563, 38.786748129755658 ], [ -77.598311417467315, 38.786746776674015 ], [ -77.598310960205524, 38.786745424519701 ], [ -77.598310504094727, 38.786744072374255 ], [ -77.59831005152715, 38.786742713048831 ], [ -77.598309598835286, 38.786741363632338 ], [ -77.598309147328266, 38.786740011522284 ], [ -77.598308694681648, 38.786738658502543 ], [ -77.59830824671792, 38.78673729921249 ], [ -77.598307790607166, 38.786735947067065 ], [ -77.598307337949308, 38.786734594948108 ], [ -77.598306885302762, 38.786733241928339 ], [ -77.598306437203433, 38.786731893448035 ], [ -77.59830599384351, 38.786730534193417 ], [ -77.598305546940352, 38.786729182118698 ], [ -77.598305098931533, 38.786727826431907 ], [ -77.598304655492512, 38.786726473482936 ], [ -77.59830420752894, 38.786725114192905 ], [ -77.598303764078665, 38.786723762144753 ], [ -77.598303316069902, 38.78672240645794 ], [ -77.598302877268594, 38.786721050841891 ], [ -77.598302433874892, 38.786719694289715 ], [ -77.598301990469906, 38.786718338638288 ], [ -77.598301545914012, 38.786716982978042 ], [ -77.598301111716566, 38.78671562739742 ], [ -77.598300672915343, 38.786714271781378 ], [ -77.5983002295104, 38.786712916129957 ], [ -77.598299794162045, 38.786711560540489 ], [ -77.598299355372205, 38.786710204023628 ], [ -77.59829891657111, 38.786708848407592 ], [ -77.598298481222784, 38.786707492818088 ], [ -77.5982980470706, 38.786706133634212 ], [ -77.598297608269561, 38.786704778018191 ], [ -77.598297177525012, 38.786703422464093 ], [ -77.59829674682571, 38.786702063306755 ], [ -77.598296308069919, 38.786700704087487 ], [ -77.59829587847635, 38.786699348542228 ], [ -77.598295447777119, 38.786697989384884 ], [ -77.598295017032655, 38.786696633830765 ], [ -77.598294587484403, 38.786695274682288 ], [ -77.598294156739982, 38.786693919128162 ], [ -77.598293727236964, 38.786692556376387 ], [ -77.598293301096291, 38.786691200857689 ], [ -77.598292870397174, 38.786689841700323 ], [ -77.598292448860306, 38.786688486217002 ], [ -77.598292022810114, 38.786687123491802 ], [ -77.598291596669569, 38.786685767973083 ], [ -77.598291175223139, 38.786684405283246 ], [ -77.598290750278721, 38.78668304617014 ], [ -77.598290328741953, 38.786681690686791 ], [ -77.598289902691889, 38.786680327961584 ], [ -77.598289485804088, 38.786678968910351 ], [ -77.59828906431251, 38.786677609823776 ], [ -77.598288642821004, 38.786676250737209 ], [ -77.598288224816244, 38.786674888974716 ], [ -77.598287803290859, 38.786673532590584 ], [ -77.598287386482255, 38.786672167233675 ], [ -77.598286969549321, 38.786670811785726 ], [ -77.598286557310573, 38.786669449166702 ], [ -77.598286135819166, 38.786668090080113 ], [ -77.598285722429452, 38.786666727452186 ], [ -77.598285310190818, 38.786665364833155 ], [ -77.598284893337095, 38.786664003079522 ], [ -77.598284484505996, 38.786662644090235 ], [ -77.59828406761838, 38.786661285039017 ], [ -77.598283658832543, 38.786659922446496 ], [ -77.598283246548689, 38.786658563430706 ], [ -77.598282837808085, 38.786657197234938 ], [ -77.598282430082776, 38.786655841857723 ], [ -77.598282013274385, 38.786654476500857 ], [ -77.598281613696116, 38.786653113979135 ], [ -77.598281204910379, 38.786651751386586 ], [ -77.598280797230331, 38.786650392406166 ], [ -77.598280388523747, 38.786649023507955 ], [ -77.59827998890033, 38.786647664589452 ], [ -77.598279581265544, 38.786646302005799 ], [ -77.598279177083612, 38.786644939448664 ], [ -77.598278777494158, 38.786643577827682 ], [ -77.598278373357445, 38.786642211667349 ], [ -77.598277969130322, 38.786640852713454 ], [ -77.598277569586131, 38.786639487489232 ], [ -77.598277170007975, 38.786638124967503 ], [ -77.59827677047511, 38.786636758842512 ], [ -77.598276370896983, 38.786635396320754 ], [ -77.598275975956568, 38.786634031131996 ], [ -77.59827557637847, 38.78663266861021 ], [ -77.598275181404176, 38.786631306123851 ], [ -77.598274781814865, 38.786629944502906 ], [ -77.598274391489525, 38.786628578448664 ], [ -77.598273996594358, 38.786627209656658 ], [ -77.598273601620122, 38.786625847170257 ], [ -77.59827321009864, 38.786624484710472 ], [ -77.598272815158353, 38.786623119521664 ], [ -77.598272424833098, 38.786621753467422 ], [ -77.598272037960641, 38.786620387439733 ], [ -77.598271643065559, 38.78661901864772 ], [ -77.598271252695142, 38.786617656196739 ], [ -77.598270865811429, 38.786616291069841 ], [ -77.59827047548626, 38.786614925015634 ], [ -77.598270089753512, 38.786613559897582 ], [ -77.598269702881154, 38.786612193869928 ], [ -77.59826931600881, 38.78661082784221 ], [ -77.59826893027612, 38.786609462724201 ], [ -77.598268543403748, 38.786608096696497 ], [ -77.598268162274834, 38.786606731613865 ], [ -77.598267775402519, 38.786605365586169 ], [ -77.598267397816898, 38.786603993323624 ], [ -77.598267016699296, 38.786602627340166 ], [ -77.598266634374241, 38.786601265851886 ], [ -77.598266256754684, 38.78659989629174 ], [ -77.59826587447489, 38.786598531200248 ], [ -77.598265496855362, 38.786597161640096 ], [ -77.59826511572652, 38.786595796557464 ], [ -77.598264738107062, 38.78659442699729 ], [ -77.598264365034765, 38.786593061976596 ], [ -77.598263987415308, 38.786591692416444 ], [ -77.598263614433463, 38.786590320189241 ], [ -77.598263236723653, 38.786588957835569 ], [ -77.598262863696618, 38.786587589211592 ], [ -77.598262486031985, 38.78658622325468 ], [ -77.598262116503037, 38.786584851054037 ], [ -77.598261748034602, 38.786583486068722 ], [ -77.59826137501895, 38.786582116543933 ], [ -77.598261006595777, 38.786580747955384 ], [ -77.598260633580153, 38.786579378430595 ], [ -77.598260263960881, 38.786578013436383 ], [ -77.598259895582927, 38.786576641244579 ], [ -77.598259531774787, 38.786575271790596 ], [ -77.598259166804468, 38.786573903228572 ], [ -77.59825879838138, 38.786572534639994 ], [ -77.598258433422359, 38.786571165177122 ], [ -77.598258065044504, 38.786569792985311 ], [ -77.598257705794978, 38.786568427169968 ], [ -77.598257340869921, 38.786567055004703 ], [ -77.598256977050596, 38.786565686451517 ], [ -77.598256616695423, 38.786564317024059 ], [ -77.598256251770408, 38.786562944858773 ], [ -77.598255897203842, 38.786561572773152 ], [ -77.598255532233637, 38.786560204211078 ], [ -77.598255176482226, 38.786558834819019 ], [ -77.598254820764723, 38.786557462724524 ], [ -77.598254461549246, 38.786556094206716 ], [ -77.598254105831799, 38.7865547221122 ], [ -77.598253745476669, 38.786553352684756 ], [ -77.598253394362956, 38.786551980625646 ], [ -77.598253035237974, 38.786550604901358 ], [ -77.598252687497933, 38.786549239174448 ], [ -77.59825233293148, 38.786547867088821 ], [ -77.598251977214105, 38.786546494994319 ], [ -77.598251626100463, 38.786545122935188 ], [ -77.598251274952915, 38.78654375357852 ], [ -77.598250923839316, 38.786542381519382 ], [ -77.598250576178486, 38.786541009486825 ], [ -77.598250225064902, 38.786539637427666 ], [ -77.598249878600299, 38.786538261800771 ], [ -77.598249527452822, 38.786536892444069 ], [ -77.598249185546706, 38.786535520455722 ], [ -77.598248834433178, 38.786534148396591 ], [ -77.598248491421387, 38.786532772796193 ], [ -77.598248149470123, 38.786531404411086 ], [ -77.598247801854669, 38.786530028775275 ], [ -77.598247459914674, 38.786528659489328 ], [ -77.598247118053919, 38.786527283897755 ], [ -77.598246775042199, 38.786525908297364 ], [ -77.598246433136168, 38.786524536309024 ], [ -77.59824609463783, 38.786523167950435 ], [ -77.598245757380752, 38.786521792394225 ], [ -77.598245414369146, 38.786520416793863 ], [ -77.598245077066906, 38.786519044840887 ], [ -77.59824473865902, 38.78651766927586 ], [ -77.598244400217155, 38.786516296413247 ], [ -77.598244066413031, 38.786514920883604 ], [ -77.598243729156053, 38.786513545327409 ], [ -77.598243395306724, 38.786512173400993 ], [ -77.598243061547791, 38.786510794268096 ], [ -77.598242727653272, 38.786509425944928 ], [ -77.598242398452911, 38.786508050450657 ], [ -77.598242065754533, 38.786506678533073 ], [ -77.598241736599363, 38.786505299435589 ], [ -77.598241402795324, 38.786503923905933 ], [ -77.598241078153507, 38.786502552050308 ], [ -77.59824074434944, 38.786501176520652 ], [ -77.598240415149164, 38.786499801026395 ], [ -77.598240090552594, 38.786498425567501 ], [ -77.598239761307127, 38.786497053676456 ], [ -77.59823944020863, 38.786495674640918 ], [ -77.598239107510352, 38.786494302723362 ], [ -77.598238786457031, 38.786492920084541 ], [ -77.598238461815313, 38.786491548228938 ], [ -77.598238137218829, 38.786490172770058 ], [ -77.598237816075141, 38.786488797337704 ], [ -77.598237491478699, 38.786487421878839 ], [ -77.598237171531196, 38.786486042852133 ], [ -77.598236851493283, 38.786484671031829 ], [ -77.598236530394843, 38.786483291996284 ], [ -77.598236215051102, 38.786481913004948 ], [ -77.598235893907514, 38.786480537572601 ], [ -77.598235578518526, 38.786479162184506 ], [ -77.598235257374981, 38.786477786752151 ], [ -77.59823494663496, 38.786476407796222 ], [ -77.598234630095135, 38.786475032399267 ], [ -77.598234313600571, 38.786473653399085 ], [ -77.598234002815389, 38.786472278046382 ], [ -77.598233686309484, 38.786470899946998 ], [ -77.598233374418612, 38.786469520982209 ], [ -77.598233067086312, 38.786468145656094 ], [ -77.598232751742685, 38.786466766664667 ], [ -77.598232444410399, 38.786465391338545 ], [ -77.598232132519584, 38.786464012373735 ], [ -77.598231825232489, 38.786462633444323 ], [ -77.598231517934153, 38.786461255415766 ], [ -77.598231207194303, 38.78645987645978 ], [ -77.598230903314871, 38.786458501160169 ], [ -77.598230592620268, 38.786457118600964 ], [ -77.59823028989176, 38.786455743310171 ], [ -77.598229986057532, 38.786454364407319 ], [ -77.598229678770579, 38.786452985477901 ], [ -77.598229380679754, 38.786451607520092 ], [ -77.598229073392758, 38.78645022859066 ], [ -77.59822877531326, 38.786448849732039 ], [ -77.598228477233775, 38.786447470873433 ], [ -77.598228173399633, 38.786446091970575 ], [ -77.598227875399303, 38.7864447068063 ], [ -77.598227572625689, 38.786443335118719 ], [ -77.598227278044206, 38.786441952683433 ], [ -77.598226971908275, 38.78644057376286 ], [ -77.598226681874024, 38.786439195866961 ], [ -77.598226387292655, 38.786437813431661 ], [ -77.598226089168037, 38.786436438176239 ], [ -77.598225795737577, 38.786435055749784 ], [ -77.598225501111003, 38.786433676917667 ], [ -77.598225206563527, 38.786432291779896 ], [ -77.598224917691638, 38.786430912992053 ], [ -77.59822461846133, 38.786429534124572 ], [ -77.598224334181864, 38.786428156272933 ], [ -77.598224039555276, 38.786426777440845 ], [ -77.598223754181419, 38.7864253950763 ], [ -77.598223464158607, 38.786424016279625 ], [ -77.598223179924432, 38.786422634824746 ], [ -77.598222889946868, 38.786421252424802 ], [ -77.598222599969347, 38.786419870024865 ], [ -77.598222314584206, 38.78641848856109 ], [ -77.598222029165171, 38.786417109799785 ], [ -77.598221744942364, 38.786415727444115 ], [ -77.59822146296483, 38.786414349610141 ], [ -77.598221178741994, 38.786412967254464 ], [ -77.598220896854912, 38.786411582214022 ], [ -77.59822061603964, 38.786410203488124 ], [ -77.598220335269659, 38.786408821158915 ], [ -77.598220054454401, 38.786407442433017 ], [ -77.598219773718355, 38.786406057401443 ], [ -77.598219497506847, 38.786404678710902 ], [ -77.598219221374549, 38.786403293714748 ], [ -77.598218940604553, 38.786401911385553 ], [ -77.598218667845856, 38.786400532721551 ], [ -77.598218391713559, 38.786399147725383 ], [ -77.598218115502164, 38.786397769034856 ], [ -77.598217838218929, 38.786396384029807 ], [ -77.598217562097943, 38.786394998132785 ], [ -77.598217293943037, 38.786393619504203 ], [ -77.598217022414502, 38.786392234543392 ], [ -77.59821674965589, 38.786390855879425 ], [ -77.598216478127398, 38.786389470918614 ], [ -77.598216205414005, 38.78638808865135 ], [ -77.598215938489233, 38.786386703725945 ], [ -77.598215670334412, 38.78638532509737 ], [ -77.598215398862465, 38.786383935632543 ], [ -77.598215135345299, 38.786382554336917 ], [ -77.598214867235683, 38.786381172105038 ], [ -77.598214600310953, 38.786379787179634 ], [ -77.598214336759881, 38.786378408586408 ], [ -77.598214073287977, 38.786377023687557 ], [ -77.598213809782138, 38.786375641491105 ], [ -77.598213541717797, 38.786374255656042 ], [ -77.598213282849613, 38.786372870792597 ], [ -77.598213023947537, 38.786371488631531 ], [ -77.598212761626627, 38.786370103741454 ], [ -77.598212501528366, 38.786368725174796 ], [ -77.598212239252717, 38.786367336681558 ], [ -77.598211983837345, 38.786365951844644 ], [ -77.598211724980573, 38.78636456608033 ], [ -77.59821146611246, 38.786363181216842 ], [ -77.598211211814146, 38.786361799091196 ], [ -77.598210957515846, 38.786360416965493 ], [ -77.598210698692981, 38.786359028498786 ], [ -77.598210447881414, 38.786357643697244 ], [ -77.598210189024655, 38.786356257932972 ], [ -77.598209939318835, 38.786354876743474 ], [ -77.598209689714736, 38.78635348744676 ], [ -77.598209434209039, 38.786352109816285 ], [ -77.598209184638918, 38.786350717817086 ], [ -77.59820893494441, 38.78634933572684 ], [ -77.598208684144197, 38.786347950024499 ], [ -77.598208439132605, 38.78634656166394 ], [ -77.598208188275876, 38.786345180465617 ], [ -77.598207943275611, 38.786343791204246 ], [ -77.598207692418924, 38.786342410005936 ], [ -77.598207450860073, 38.786341021671944 ], [ -77.598207205814603, 38.786339636013871 ], [ -77.59820695960687, 38.786338251247663 ], [ -77.598206718059416, 38.786336862012874 ], [ -77.598206477606382, 38.786335477290969 ], [ -77.598206231398663, 38.786334092524775 ], [ -77.598205989806019, 38.786332706893212 ], [ -77.598205748247253, 38.786331318559199 ], [ -77.598205511258328, 38.786329932963035 ], [ -77.598205274258106, 38.786328548267676 ], [ -77.598205033850292, 38.786327159942495 ], [ -77.598204796861395, 38.786325774346317 ], [ -77.598204555302715, 38.786324386012275 ], [ -77.598204322906241, 38.786323001352351 ], [ -77.598204085917331, 38.786321615756172 ], [ -77.598203849007618, 38.786320223854304 ], [ -77.598203616565939, 38.786318842797542 ], [ -77.598203383075102, 38.786317453624697 ], [ -77.598203150678671, 38.78631606896468 ], [ -77.598202918327488, 38.786314680701473 ], [ -77.598202685987602, 38.786313291537432 ], [ -77.598202458194891, 38.786311906912843 ], [ -77.598202229251285, 38.786310522279422 ], [ -77.598201992352898, 38.786309129476763 ], [ -77.598201769209197, 38.786307741284325 ], [ -77.598201544869312, 38.786306356686282 ], [ -77.598201312518185, 38.78630496842306 ], [ -77.598201088234845, 38.786303579320965 ], [ -77.598200860442191, 38.786302194696354 ], [ -77.598200636192786, 38.786300802891859 ], [ -77.598200417618898, 38.786299417437228 ], [ -77.598200188720568, 38.786298029200559 ], [ -77.598199970225849, 38.786296637440294 ], [ -77.598199745886035, 38.78629525284223 ], [ -77.598199526206471, 38.786293863775526 ], [ -77.598199307666547, 38.786292475618481 ], [ -77.598199083372009, 38.786291087417183 ], [ -77.598198868284825, 38.786289699286705 ], [ -77.598198648605305, 38.786288310219973 ], [ -77.598198430065409, 38.786286922062963 ], [ -77.598198214978282, 38.786285533932471 ], [ -77.598197995287521, 38.786284145766544 ], [ -77.598197780211706, 38.786282756735268 ], [ -77.598197569728342, 38.786281368640125 ], [ -77.598197350082771, 38.786279976871022 ], [ -77.598197139599463, 38.786278588775914 ], [ -77.598196929116057, 38.7862772006808 ], [ -77.598196714040341, 38.78627581164946 ], [ -77.598196508160726, 38.786274423589788 ], [ -77.598196293118903, 38.786273031856034 ], [ -77.598196086088322, 38.786271643787479 ], [ -77.598195875605043, 38.786270255692344 ], [ -77.598195665133062, 38.786268866696439 ], [ -77.598195459298722, 38.786267475033476 ], [ -77.598195253419092, 38.786266086973782 ], [ -77.598195046433858, 38.786264695301945 ], [ -77.598194840554299, 38.786263307242265 ], [ -77.598194634674755, 38.786261919182529 ], [ -77.598194427689478, 38.786260527510748 ], [ -77.598194231028657, 38.78625913862102 ], [ -77.598194028647114, 38.786257746984553 ], [ -77.598193827416537, 38.786256355357033 ], [ -77.598193629593553, 38.786254967359227 ], [ -77.598193423804489, 38.786253572093088 ], [ -77.598193225936228, 38.786252187698544 ], [ -77.598193020101988, 38.786250796035553 ], [ -77.598192826927914, 38.78624940446992 ], [ -77.598192633719961, 38.786248015606752 ], [ -77.598192431338489, 38.786246623970342 ], [ -77.598192238119225, 38.786245236007957 ], [ -77.598192046096088, 38.78624384445115 ], [ -77.598191852876838, 38.786242456488779 ], [ -77.5981916550991, 38.786241064887768 ], [ -77.598191466528846, 38.786239673357557 ], [ -77.598191268751137, 38.786238281756496 ], [ -77.598191080192137, 38.78623688932548 ], [ -77.59819088697293, 38.786235501363102 ], [ -77.598190698402689, 38.786234109832854 ], [ -77.598190509832392, 38.786232718302607 ], [ -77.598190316658417, 38.786231326737017 ], [ -77.598190132691883, 38.786229935242162 ], [ -77.598189948680101, 38.786228547350582 ], [ -77.598189760155066, 38.786227152217094 ], [ -77.598189575037665, 38.786225760713414 ], [ -77.598189391025898, 38.786224372821806 ], [ -77.598189202500947, 38.78622297768834 ], [ -77.598189023092871, 38.786221589832138 ], [ -77.598188834567935, 38.786220194698672 ], [ -77.598188654020277, 38.786218805932805 ], [ -77.598188474657519, 38.78621741447337 ], [ -77.598188289585337, 38.786216019366428 ], [ -77.598188114781038, 38.786214631545619 ], [ -77.598187934312548, 38.786213236474076 ], [ -77.598187754983755, 38.786211842312184 ], [ -77.598187579039887, 38.786210453581724 ], [ -77.598187399722349, 38.786209058519063 ], [ -77.598187223767184, 38.786207670689414 ], [ -77.598187049053408, 38.786206275662138 ], [ -77.598186873098228, 38.786204887832419 ], [ -77.598186697188297, 38.786203496399558 ], [ -77.598186525972523, 38.786202097795559 ], [ -77.598186351168323, 38.786200709974729 ], [ -77.598186179907344, 38.786199314973992 ], [ -77.598186013204838, 38.786197923611887 ], [ -77.598185837340196, 38.786196528575758 ], [ -77.598185670637704, 38.78619513721366 ], [ -77.598185503935227, 38.786193745851534 ], [ -77.598185332674234, 38.786192350850783 ], [ -77.598185165971785, 38.786190959488692 ], [ -77.598184995816581, 38.786189568100014 ], [ -77.598184829159365, 38.786188173134633 ], [ -77.598184665909699, 38.786186781799096 ], [ -77.598184499252483, 38.786185386833765 ], [ -77.598184337153739, 38.786183995507024 ], [ -77.598184175088932, 38.786182601477876 ], [ -77.598173260154766, 38.786183215747712 ], [ -77.598171434479042, 38.786183317925676 ], [ -77.59787288508798, 38.786200124590742 ], [ -77.59560314910965, 38.786327870164925 ], [ -77.595582666635082, 38.78623558311714 ], [ -77.595328202458845, 38.784856987331295 ], [ -77.594856971610469, 38.782303883281003 ], [ -77.594703284431404, 38.781471176564636 ], [ -77.594702281369507, 38.781465740924276 ], [ -77.594702520035625, 38.781465433759244 ], [ -77.594705932595843, 38.781461052017292 ], [ -77.59556274664854, 38.780360720109556 ], [ -77.595566397762596, 38.780356031174598 ], [ -77.59575672838946, 38.780110443386555 ], [ -77.597724629596797, 38.777567402525349 ], [ -77.597912770872426, 38.777330839356551 ], [ -77.59797496517254, 38.777252637056719 ], [ -77.597970634836059, 38.777248931695766 ], [ -77.597773126548219, 38.777095362648964 ], [ -77.597578741167112, 38.776937859317208 ], [ -77.597387557049231, 38.776776485189878 ], [ -77.597199651260624, 38.776611305316678 ], [ -77.597015099545871, 38.776442386281389 ], [ -77.596833976297518, 38.77626979617505 ], [ -77.596644671824265, 38.776070637724885 ], [ -77.596460635104066, 38.775866601557773 ], [ -77.596281991772244, 38.775657826961947 ], [ -77.596108863782234, 38.775444456460363 ], [ -77.596007870648236, 38.775519667750252 ], [ -77.595979229451487, 38.775537748686375 ], [ -77.595931572202872, 38.77556783431676 ], [ -77.595856868671291, 38.775463343529573 ], [ -77.594734298121267, 38.776144801064397 ], [ -77.593915329003991, 38.775345212092319 ], [ -77.593905738390134, 38.775335847939317 ], [ -77.591860979659302, 38.775900172253728 ], [ -77.591817165023429, 38.77591226443257 ], [ -77.591944500438046, 38.773481849758781 ], [ -77.593064347475917, 38.772002280476016 ], [ -77.593331789699647, 38.771827536549893 ], [ -77.59327352262342, 38.771745855664555 ], [ -77.593008595877023, 38.771578781287531 ], [ -77.593257508139175, 38.771371799711197 ], [ -77.593309455020872, 38.771178992981092 ], [ -77.593029881293532, 38.770670288388644 ], [ -77.593029845301771, 38.770670222344698 ], [ -77.593029153426528, 38.770668965645818 ], [ -77.592971644643356, 38.770564323846862 ], [ -77.592958968300934, 38.770546030353806 ], [ -77.592952894128601, 38.770548608586843 ], [ -77.592682771016641, 38.77048589919611 ], [ -77.592447973836926, 38.770185818225208 ], [ -77.592513609904458, 38.770012473535658 ], [ -77.592572000546014, 38.76998767232071 ], [ -77.59140464566147, 38.768461210705084 ], [ -77.590999233100035, 38.768656888894334 ], [ -77.590553724992645, 38.768202704856463 ], [ -77.590942776474989, 38.767971877112579 ], [ -77.590705778797584, 38.767719241875731 ], [ -77.589983687622023, 38.766953438005821 ], [ -77.589889648418904, 38.766849241669405 ], [ -77.589750715308, 38.766744297658271 ], [ -77.589373060619295, 38.76703828465525 ], [ -77.589104334917408, 38.767247473601515 ], [ -77.58890621752137, 38.767401698072177 ], [ -77.588707102066181, 38.767556700938023 ], [ -77.588518480624074, 38.767703529200126 ], [ -77.58833956060613, 38.767842806475223 ], [ -77.588162127551286, 38.767980924773482 ], [ -77.587950302111992, 38.768146007683605 ], [ -77.58777838022597, 38.768280091701051 ], [ -77.587772510849078, 38.768284667652736 ], [ -77.587597815867596, 38.768420947846778 ], [ -77.587555596764389, 38.768453869716787 ], [ -77.587389245831048, 38.768583566794675 ], [ -77.587213888112259, 38.768720358377415 ], [ -77.587004433062518, 38.768883570654303 ], [ -77.586795861439626, 38.769046102052585 ], [ -77.586632576897955, 38.769158500355076 ], [ -77.586628964071949, 38.769161352388508 ], [ -77.586447213629597, 38.769304814643483 ], [ -77.586443699590646, 38.769307589062642 ], [ -77.586261849617941, 38.769451127733475 ], [ -77.586259088829209, 38.769453307116933 ], [ -77.586128719102916, 38.769556210769387 ], [ -77.586063291259222, 38.769606035876201 ], [ -77.585876913424059, 38.769747972899857 ], [ -77.585686227204278, 38.769893188641284 ], [ -77.585498245430927, 38.770036344989535 ], [ -77.585310089854033, 38.770179625807927 ], [ -77.585033980161356, 38.770389799218314 ], [ -77.584819234381115, 38.770553816775937 ], [ -77.584626294670514, 38.770470042521382 ], [ -77.584269386646326, 38.770314217467458 ], [ -77.584267957241948, 38.770313595495352 ], [ -77.583978339174223, 38.770183509368444 ], [ -77.583701831390854, 38.770065281694741 ], [ -77.583425894991677, 38.769941754231084 ], [ -77.583150457279231, 38.76981944171613 ], [ -77.582894031430911, 38.769705775420896 ], [ -77.582631107714278, 38.769587621692722 ], [ -77.583166430970238, 38.768773989956323 ], [ -77.583184983054721, 38.768745791809998 ], [ -77.583279316880706, 38.768602413337703 ], [ -77.583282539327712, 38.76859751601517 ], [ -77.583346044826811, 38.768500991898016 ], [ -77.58334606006089, 38.768500970395486 ], [ -77.583476588683922, 38.768302575684444 ], [ -77.58364571506101, 38.768045513179707 ], [ -77.58379241254616, 38.767831392235728 ], [ -77.584030070073197, 38.767484499879721 ], [ -77.584105216476999, 38.76737481314143 ], [ -77.584143941038818, 38.767318288658906 ], [ -77.585186103380352, 38.76573511426222 ], [ -77.585132232781163, 38.765713062448704 ], [ -77.584992623139101, 38.765655914581394 ], [ -77.5849871203596, 38.765653661732436 ], [ -77.584963833984858, 38.76564412957174 ], [ -77.584435672696571, 38.765427926738411 ], [ -77.584221435510884, 38.765340227659159 ], [ -77.584216126434654, 38.765337948358436 ], [ -77.582288316844867, 38.764510161968893 ], [ -77.581775081779668, 38.764289774606276 ], [ -77.581067555666493, 38.763985950733577 ], [ -77.581064032059444, 38.763984437533061 ], [ -77.580379177642158, 38.763690261895476 ], [ -77.580370255983624, 38.763686429759758 ], [ -77.581189649137286, 38.761284806617738 ], [ -77.58121234083103, 38.761218293427227 ], [ -77.581214581087934, 38.761211725394908 ], [ -77.581213766423375, 38.761210826217919 ], [ -77.581212812329653, 38.761209672795026 ], [ -77.581212631009478, 38.761209455157847 ], [ -77.581211853599271, 38.761208522038537 ], [ -77.581210899471088, 38.761207371318086 ], [ -77.581209945342849, 38.761206220597643 ], [ -77.581208991249255, 38.761205067174743 ], [ -77.581208037121087, 38.761203916454271 ], [ -77.58120708302755, 38.761202763031385 ], [ -77.581206128899495, 38.761201612310884 ], [ -77.581205174771441, 38.761200461590384 ], [ -77.581204220678003, 38.761199308167484 ], [ -77.581203266549977, 38.761198157446948 ], [ -77.58120231242205, 38.761197006726462 ], [ -77.581201358328642, 38.761195853303491 ], [ -77.581200408802871, 38.761194702619022 ], [ -77.581199450119016, 38.761193548259143 ], [ -77.581198495979635, 38.761192398439434 ], [ -77.581197541897922, 38.761191244115629 ], [ -77.581196587770123, 38.761190093395093 ], [ -77.581195633676941, 38.761188939972094 ], [ -77.581194688753428, 38.761187789323614 ], [ -77.5811937300697, 38.761186634963757 ], [ -77.581192775930575, 38.761185485143926 ], [ -77.581191821848975, 38.761184330820122 ], [ -77.581190871172979, 38.761183180126515 ], [ -77.581189917079953, 38.761182026703494 ], [ -77.581188967600596, 38.761180872415665 ], [ -77.581188013507685, 38.761179718992629 ], [ -77.581187059380184, 38.761178568271994 ], [ -77.581186109900926, 38.76117741398415 ], [ -77.581185155808086, 38.761176260561072 ], [ -77.581184201680685, 38.761175109840401 ], [ -77.581183252190016, 38.761173956453348 ], [ -77.581182298108786, 38.761172802129416 ], [ -77.581181348618088, 38.761171648742369 ], [ -77.581180397942447, 38.761170498048699 ], [ -77.58117944389582, 38.761169341022324 ], [ -77.581178494370718, 38.761168190337663 ], [ -77.581177540289659, 38.761167036013717 ], [ -77.581176590799132, 38.761165882626592 ], [ -77.581175641320215, 38.761164728338706 ], [ -77.581174691795241, 38.761163577653996 ], [ -77.58117373770277, 38.761162424230825 ], [ -77.581172787073385, 38.761161269933844 ], [ -77.581171837583042, 38.761160116546719 ], [ -77.581170888104282, 38.76115896225874 ], [ -77.581169934011882, 38.761157808835542 ], [ -77.581168984533164, 38.761156654547541 ], [ -77.581168035042964, 38.761155501160388 ], [ -77.58116708441375, 38.761154346863378 ], [ -77.581166134923606, 38.761153193476183 ], [ -77.581165185398945, 38.761152042791466 ], [ -77.581164235966398, 38.761150884900189 ], [ -77.581163286476354, 38.761149731512958 ], [ -77.581162335847353, 38.761148577215948 ], [ -77.581161386357351, 38.761147423828682 ], [ -77.581160436878861, 38.761146269540646 ], [ -77.581159487435002, 38.761145112550167 ], [ -77.581158537956625, 38.761143958262124 ], [ -77.581157591918284, 38.761142804901887 ], [ -77.58115664243995, 38.761141650613844 ], [ -77.581155692950134, 38.761140497226542 ], [ -77.581154743471899, 38.761139342938463 ], [ -77.581153792877657, 38.761138185938897 ], [ -77.581152848001551, 38.761137031686843 ], [ -77.581151898511848, 38.761135878299555 ], [ -77.581150949079785, 38.761134720408187 ], [ -77.581150003041685, 38.761133567047906 ], [ -77.581149053563607, 38.761132412759743 ], [ -77.581148108676118, 38.761131259408508 ], [ -77.581147158093657, 38.761130101508051 ], [ -77.58114620860411, 38.761128948120728 ], [ -77.581145263762792, 38.761127791166189 ], [ -77.581144314330928, 38.761126633274749 ], [ -77.581143368258537, 38.761125482616869 ], [ -77.581142418815233, 38.761124325626241 ], [ -77.581141473927971, 38.761123172274907 ], [ -77.581140523345667, 38.761122014374408 ], [ -77.581139578458448, 38.761120861023088 ], [ -77.581138633628854, 38.761119703167687 ], [ -77.581137682989066, 38.761118549771268 ], [ -77.581136738159529, 38.761117391915825 ], [ -77.581135793272452, 38.761116238564469 ], [ -77.58113484728095, 38.761115081600799 ], [ -77.581133897803355, 38.761113927312543 ], [ -77.581132952962449, 38.761112770357897 ], [ -77.581132006936429, 38.761111616096656 ], [ -77.581131062095551, 38.76111045914201 ], [ -77.581130112664155, 38.761109301250471 ], [ -77.581129166626766, 38.761108147889985 ], [ -77.581128221797513, 38.761106990034534 ], [ -77.581127275806267, 38.761105833070808 ], [ -77.581126330919417, 38.761104679719359 ], [ -77.58112538609025, 38.761103521863852 ], [ -77.581124440099089, 38.761102364900076 ], [ -77.581123495223906, 38.76110121064783 ], [ -77.581122549232802, 38.761100053684061 ], [ -77.581121604392237, 38.761098896729358 ], [ -77.581120659563226, 38.761097738873787 ], [ -77.581119713526078, 38.761096585513229 ], [ -77.581118773299266, 38.761095427693768 ], [ -77.581117827308262, 38.761094270729956 ], [ -77.581116882467839, 38.761093113775196 ], [ -77.581115937638984, 38.761091955919589 ], [ -77.581114991648121, 38.761090798955784 ], [ -77.581114051409884, 38.761089642037057 ], [ -77.581113105430617, 38.761088484172404 ], [ -77.581112160544279, 38.761087330820821 ], [ -77.58111121916707, 38.761086172992258 ], [ -77.581110274326861, 38.761085016037413 ], [ -77.581109328336183, 38.761083859073523 ], [ -77.581108388109655, 38.761082701253976 ], [ -77.581107438667445, 38.761081544263014 ], [ -77.581106501881024, 38.76108038737128 ], [ -77.58110555245041, 38.76107922947952 ], [ -77.581104615664046, 38.761078072587772 ], [ -77.581103666221992, 38.761076915596838 ], [ -77.581102724891167, 38.761075754164935 ], [ -77.581101788104903, 38.761074597273122 ], [ -77.581100838662863, 38.761073440282118 ], [ -77.581099901888209, 38.76107228248955 ], [ -77.581098952446254, 38.761071125498539 ], [ -77.581098012208514, 38.761069968579683 ], [ -77.581097075433959, 38.761068810787066 ], [ -77.581096126038148, 38.761067650192793 ], [ -77.581095189252068, 38.761066493300916 ], [ -77.581094247875484, 38.761065335472232 ], [ -77.581093303035829, 38.761064178517238 ], [ -77.581092361693848, 38.761063017986032 ], [ -77.581091421456335, 38.761061861067162 ], [ -77.581090480079851, 38.7610607032384 ], [ -77.581089539842395, 38.76105954631943 ], [ -77.581088598500529, 38.76105838578826 ], [ -77.581087657124144, 38.761057227959455 ], [ -77.581086716886759, 38.761056071040493 ], [ -77.581085775545006, 38.761054910509287 ], [ -77.581084835319203, 38.761053752689492 ], [ -77.581083893931421, 38.76105259576147 ], [ -77.581082952543667, 38.761051438833469 ], [ -77.581082012317978, 38.761050281013681 ], [ -77.581081071022425, 38.76104911687915 ], [ -77.581080130785267, 38.761047959960109 ], [ -77.581079189443699, 38.761046799428868 ], [ -77.581078252658187, 38.761045642536871 ], [ -77.581077312478683, 38.761044481113757 ], [ -77.581076371091171, 38.761043324185678 ], [ -77.581075430900228, 38.761042163663411 ], [ -77.581074489512744, 38.761041006735311 ], [ -77.581073552784957, 38.761039845339255 ], [ -77.581072612594113, 38.76103868481691 ], [ -77.581071671206715, 38.761037527888824 ], [ -77.581070734467474, 38.76103636739353 ], [ -77.581069794242197, 38.761035209573613 ], [ -77.581068857503112, 38.76103404907834 ], [ -77.581067916161842, 38.761032888546964 ], [ -77.58106698052724, 38.761031731663863 ], [ -77.581066039186098, 38.761030571132459 ], [ -77.581065102458581, 38.761029409736338 ], [ -77.581064162314078, 38.761028245610696 ], [ -77.581063225529036, 38.761027088718599 ], [ -77.58106228414195, 38.761025931790414 ], [ -77.581061348553533, 38.761024771304115 ], [ -77.581060411826172, 38.761023609907916 ], [ -77.581059470439172, 38.761022452979688 ], [ -77.581058533700357, 38.761021292484294 ], [ -77.58105759811211, 38.761020131997945 ], [ -77.581056656782764, 38.761018970565651 ], [ -77.581055724646134, 38.761017810106296 ], [ -77.581054784455873, 38.761016649583823 ], [ -77.5810538477172, 38.761015489088379 ], [ -77.581052910932499, 38.761014332196204 ], [ -77.581051974205408, 38.761013170799984 ], [ -77.581051034015246, 38.761012010277426 ], [ -77.581050097276702, 38.761010849781975 ], [ -77.581049160584257, 38.76100968568327 ], [ -77.581048223799669, 38.761008528791059 ], [ -77.581047288211792, 38.761007368304575 ], [ -77.581046351473361, 38.761006207809075 ], [ -77.581045419348541, 38.761005046448844 ], [ -77.58104447800811, 38.761003885917297 ], [ -77.581043541315836, 38.761002721818542 ], [ -77.581042605728044, 38.761001561332051 ], [ -77.581041673591855, 38.761000400872582 ], [ -77.581040736853623, 38.760999240377025 ], [ -77.58103980011542, 38.76099807988151 ], [ -77.581038863388727, 38.760996918485134 ], [ -77.581037927847149, 38.76099575439536 ], [ -77.581036991062959, 38.760994597503007 ], [ -77.581036058973055, 38.760993433440269 ], [ -77.581035122234994, 38.760992272944669 ], [ -77.581034190099018, 38.760991112485179 ], [ -77.581033253361028, 38.760989951989579 ], [ -77.58103231781962, 38.760988787899734 ], [ -77.581031385695326, 38.760987626539382 ], [ -77.581030448957392, 38.760986466043775 ], [ -77.581029521469716, 38.760985302017019 ], [ -77.581028580129797, 38.760984141485359 ], [ -77.581027643345891, 38.760982984592935 ], [ -77.581026711302314, 38.760981816926858 ], [ -77.581025780317177, 38.760980656476292 ], [ -77.581024843579442, 38.760979495980585 ], [ -77.581023911489865, 38.760978331917741 ], [ -77.581022974752202, 38.760977171422105 ], [ -77.581022042662752, 38.76097600735924 ], [ -77.581021110538714, 38.760974845998817 ], [ -77.581020173801122, 38.760973685503089 ], [ -77.581019241711729, 38.760972521440195 ], [ -77.581018309576336, 38.760971360980541 ], [ -77.581017377486972, 38.760970196917604 ], [ -77.581016441900019, 38.760969036430922 ], [ -77.581015509810712, 38.760967872368006 ], [ -77.581014577721504, 38.760966708305084 ], [ -77.581013645586197, 38.760965547845373 ], [ -77.581012713497003, 38.760964383782451 ], [ -77.581011781361767, 38.760963223322733 ], [ -77.581010849318744, 38.76096205565652 ], [ -77.58100991718355, 38.760960895196796 ], [ -77.581008980446327, 38.760959734701018 ], [ -77.581008048357276, 38.760958570638067 ], [ -77.581007120870382, 38.760957406611141 ], [ -77.58100618873533, 38.760956246151366 ], [ -77.581005256646378, 38.760955082088365 ], [ -77.581004324557469, 38.760953918025372 ], [ -77.581003392434027, 38.760952756664793 ], [ -77.581002460345147, 38.760951592601728 ], [ -77.581001528244784, 38.760950429439568 ], [ -77.581000596156031, 38.760949265376503 ], [ -77.580999668669321, 38.760948101349534 ], [ -77.580998736546022, 38.760946939988905 ], [ -77.580997804457354, 38.760945775925833 ], [ -77.580996872368672, 38.760944611862783 ], [ -77.580995944836005, 38.760943451438962 ], [ -77.580995012781969, 38.760942284673462 ], [ -77.580954919758497, 38.760891375795282 ], [ -77.580376374091259, 38.760156731811051 ], [ -77.580072624998706, 38.759800076627336 ], [ -77.579936203085197, 38.759639823152014 ], [ -77.579849214918099, 38.759542530504554 ], [ -77.579760067917306, 38.759446446971374 ], [ -77.579668791746187, 38.759351592600446 ], [ -77.57957541819529, 38.759258000969638 ], [ -77.579479972244286, 38.759165698396252 ], [ -77.579382483474078, 38.759074711233829 ], [ -77.578585293829974, 38.758346506615112 ], [ -77.577824318770297, 38.758730806099599 ], [ -77.576588702578334, 38.759355752874029 ], [ -77.576144835545833, 38.759580244735666 ], [ -77.575980439406948, 38.759663388070507 ], [ -77.575979193237075, 38.759664018790637 ], [ -77.574968796730957, 38.760666351730869 ], [ -77.57477624920088, 38.760856996625925 ], [ -77.574773675810945, 38.76085954388909 ], [ -77.574752601425516, 38.760880410940196 ], [ -77.574454901715285, 38.761568410659578 ], [ -77.574317344772936, 38.761832652001644 ], [ -77.574241504961492, 38.76196883622886 ], [ -77.574234770511808, 38.761981139823696 ], [ -77.574227157135724, 38.761993608550561 ], [ -77.574219984327144, 38.762005908683378 ], [ -77.57421237555964, 38.762018376544745 ], [ -77.574204757573582, 38.762030845233731 ], [ -77.574197146403222, 38.762043141903796 ], [ -77.574189533025631, 38.762055609727241 ], [ -77.574181921850041, 38.76206790639624 ], [ -77.574174308455639, 38.762080375119488 ], [ -77.574166697321218, 38.762092668184202 ], [ -77.574159086091385, 38.762104968454871 ], [ -77.574151474905364, 38.76211726512178 ], [ -77.574143425361939, 38.762129558326691 ], [ -77.574135814124219, 38.762141858595726 ], [ -77.574127764668205, 38.762154144593055 ], [ -77.574120153471668, 38.762166441257776 ], [ -77.574112103917386, 38.762178734460427 ], [ -77.574104058962504, 38.762191027698819 ], [ -77.574096445360638, 38.762203153171662 ], [ -77.574088395798199, 38.762215446372579 ], [ -77.574080350835146, 38.762227739609237 ], [ -77.574072298881546, 38.762239860717919 ], [ -77.574064249310865, 38.762252153917089 ], [ -77.574056201895942, 38.762264279564981 ], [ -77.574048154582769, 38.762276397104998 ], [ -77.57403966425089, 38.762288515650269 ], [ -77.574031621487919, 38.762300636828705 ], [ -77.574023571903481, 38.762312930024891 ], [ -77.574015086165346, 38.762325048604687 ], [ -77.574007038780408, 38.762337170645758 ], [ -77.573998555253297, 38.76234911716957 ], [ -77.573990507874484, 38.762361238308657 ], [ -77.573982022125065, 38.762373356885917 ], [ -77.573973536430813, 38.762385470958499 ], [ -77.573965052845978, 38.76239742108298 ], [ -77.573956567088032, 38.762409539658286 ], [ -77.573948083543982, 38.762421486178248 ], [ -77.573939599997161, 38.762433432697527 ], [ -77.573931114242185, 38.762445550370117 ], [ -77.573922630689694, 38.762457496888146 ], [ -77.573914147134374, 38.76246944340555 ], [ -77.573905225219249, 38.762481386459896 ], [ -77.573896741658203, 38.762493332975971 ], [ -77.573888258094357, 38.762505279491386 ], [ -77.573879336124122, 38.762517226146947 ], [ -77.573870847998762, 38.762529169021469 ], [ -77.573861932876667, 38.762540940954814 ], [ -77.573853010944006, 38.762552884005046 ], [ -77.573836065897709, 38.762575060985654 ], [ -77.573442610273545, 38.763033272594939 ], [ -77.573433694841071, 38.763044701249605 ], [ -77.573424336632442, 38.763056468747145 ], [ -77.573414980627206, 38.763068065089989 ], [ -77.573406060761357, 38.763079836950993 ], [ -77.573397140904248, 38.763091607910447 ], [ -77.573387782671873, 38.763103376305736 ], [ -77.573378862808852, 38.763115147263775 ], [ -77.573369942931251, 38.763126919121895 ], [ -77.57336102084416, 38.763138862133182 ], [ -77.573352539333342, 38.763150636553512 ], [ -77.57334361724034, 38.763162579563428 ], [ -77.573335133505566, 38.763174526037091 ], [ -77.573326211406766, 38.763186469045564 ], [ -77.573317727666208, 38.763198415517934 ], [ -77.573309243922907, 38.76321036198965 ], [ -77.573300757958378, 38.763222480515346 ], [ -77.573292274209422, 38.763234426985768 ], [ -77.573283788239138, 38.763246545510221 ], [ -77.573275740639289, 38.763258666597899 ], [ -77.573267254663406, 38.763270785121087 ], [ -77.573259207058058, 38.763282906207543 ], [ -77.573251162890045, 38.763295028221549 ], [ -77.573243111827608, 38.763307149279576 ], [ -77.573227469458047, 38.76333053827058 ], [ -77.573031801733492, 38.763648173728534 ], [ -77.572952978711982, 38.763776129909658 ], [ -77.572945371569546, 38.763788083285363 ], [ -77.572936887694738, 38.76380002972865 ], [ -77.572928403817045, 38.763811976171247 ], [ -77.572919481571546, 38.763823919147171 ], [ -77.57291055932302, 38.763835862122349 ], [ -77.572902077644528, 38.763847637409128 ], [ -77.572893155436702, 38.763859576779744 ], [ -77.572883797021817, 38.763871345132848 ], [ -77.572874879188774, 38.763882944896729 ], [ -77.572865520779473, 38.763894712347529 ], [ -77.572856164574958, 38.763906308643712 ], [ -77.572846808367458, 38.76391790493912 ], [ -77.572837452156918, 38.763929501233783 ], [ -77.572828098151277, 38.763940926373785 ], [ -77.572818303568866, 38.763952519200473 ], [ -77.572808514654596, 38.763963939998952 ], [ -77.572798721041849, 38.763975189588166 ], [ -77.572788928658056, 38.763986611258495 ], [ -77.572778700124687, 38.763997857406729 ], [ -77.572768471588077, 38.764009103554123 ], [ -77.572758683634277, 38.764020181112564 ], [ -77.572748020165164, 38.764031424719548 ], [ -77.572737785784796, 38.764042498745816 ], [ -77.572727562895366, 38.764053573762979 ], [ -77.572716900404302, 38.764064473230484 ], [ -77.572706237910054, 38.764075372697008 ], [ -77.572695575412581, 38.764086272162565 ], [ -77.572684912876937, 38.764097174329507 ], [ -77.572673814260995, 38.764107895569062 ], [ -77.57266315396204, 38.764118623877778 ], [ -77.57265205525816, 38.764129351420856 ], [ -77.572640958852304, 38.764139900602558 ], [ -77.572629862396724, 38.764150453386456 ], [ -77.572618327570737, 38.764161002702103 ], [ -77.572607231108535, 38.764171555483827 ], [ -77.572595698484349, 38.764181933643378 ], [ -77.572584165868463, 38.764192310901031 ], [ -77.57257263545776, 38.764202517003625 ], [ -77.572561102870083, 38.764212891556504 ], [ -77.572549134038837, 38.76422309779268 ], [ -77.572537167470927, 38.764233128369703 ], [ -77.572525198679401, 38.764243331000124 ], [ -77.572513234301809, 38.764253191321714 ], [ -77.572501267723894, 38.764263221894993 ], [ -77.572489303351361, 38.764273081313306 ], [ -77.572476900607697, 38.764282937262628 ], [ -77.572464936228542, 38.764292796678376 ], [ -77.572452535686921, 38.764302481471283 ], [ -77.572440135153613, 38.764312165362043 ], [ -77.572427296237279, 38.764321846684453 ], [ -77.572414897906171, 38.764331359418712 ], [ -77.572402061203533, 38.764340868683668 ], [ -77.572389229146339, 38.764350374380392 ], [ -77.572364000523777, 38.76436854146673 ], [ -77.572351168237532, 38.764377707517617 ], [ -77.57233833372733, 38.764387045621753 ], [ -77.5723259353732, 38.764396558346469 ], [ -77.572313098647143, 38.764406067601556 ], [ -77.572300700286391, 38.764415580323558 ], [ -77.572288299713136, 38.764425264198032 ], [ -77.57227589912489, 38.764434948972017 ], [ -77.572263496324013, 38.764444804898417 ], [ -77.572251529679306, 38.764454835445861 ], [ -77.57223956301965, 38.764464866892844 ], [ -77.57222759635664, 38.76447489833857 ], [ -77.572215627480915, 38.764485100936881 ], [ -77.572204096970907, 38.76449530700264 ], [ -77.57219256424824, 38.764505684220985 ], [ -77.572181031510524, 38.764516062339027 ], [ -77.572169937150434, 38.764526443023968 ], [ -77.572158839415422, 38.764536995753296 ], [ -77.572147302237127, 38.764547717076319 ], [ -77.572139769737163, 38.764555298014635 ], [ -77.572136641805983, 38.76455844443533 ], [ -77.572125542990506, 38.764569169225126 ], [ -77.572114880331668, 38.764580068636683 ], [ -77.572104214217902, 38.764590968019931 ], [ -77.572093555004372, 38.764601867456825 ], [ -77.572083328495978, 38.76461294148833 ], [ -77.572073101972762, 38.764624016419781 ], [ -77.572061985424668, 38.764636113136135 ], [ -77.571982712515506, 38.764731765982269 ], [ -77.570927441898021, 38.766224583816729 ], [ -77.570893757029395, 38.766272103414799 ], [ -77.570899012433131, 38.766285183800463 ], [ -77.570910684958235, 38.766314233056129 ], [ -77.570915901366277, 38.766327214933604 ], [ -77.57096857387846, 38.766458302586628 ], [ -77.570993265714961, 38.766519759498756 ], [ -77.571012355485536, 38.76656726841378 ], [ -77.571012771272024, 38.766568307744258 ], [ -77.571012793620483, 38.766568359272668 ], [ -77.571013090262426, 38.766569090451938 ], [ -77.571274922215522, 38.767714952999754 ], [ -77.571480875676642, 38.768486994764139 ], [ -77.571466645956747, 38.768525964960659 ], [ -77.570720851864536, 38.769675870174183 ], [ -77.57065884893089, 38.76977146794821 ], [ -77.570658696269902, 38.769771704576058 ], [ -77.570958514310817, 38.76983764699667 ], [ -77.571466164380567, 38.769949758839495 ], [ -77.571832092957706, 38.770030569324646 ], [ -77.571679032137126, 38.770312800777965 ], [ -77.571519288321781, 38.770607347568721 ], [ -77.571416482021547, 38.770796906357113 ], [ -77.571313677526888, 38.770986461462577 ], [ -77.571210870142039, 38.771176020055002 ], [ -77.571108063388792, 38.771365576757013 ], [ -77.571005253768547, 38.771555135144382 ], [ -77.570902447058003, 38.771744693461194 ], [ -77.570805724256317, 38.771923028731074 ], [ -77.570706974375781, 38.772105102805682 ], [ -77.570608223971533, 38.772287178591547 ], [ -77.570471074003805, 38.772540048047354 ], [ -77.570631680570926, 38.77258879843896 ], [ -77.570788645155943, 38.772638693622312 ], [ -77.571545490859407, 38.772890248449812 ], [ -77.571468593877668, 38.773032034025476 ], [ -77.573210701553677, 38.773611034240282 ], [ -77.571826377677809, 38.776175466021549 ], [ -77.57182598506121, 38.776176191741563 ], [ -77.571790468859362, 38.776241683483654 ], [ -77.568977153371563, 38.775306806300755 ], [ -77.568971325188429, 38.775305311383619 ], [ -77.568931820721332, 38.775295172534662 ], [ -77.568341597088434, 38.775161727503168 ], [ -77.567784926155426, 38.775035864213365 ], [ -77.567630276584467, 38.775000575341167 ], [ -77.567567514773017, 38.775076466329644 ], [ -77.567476615745832, 38.775186383051754 ], [ -77.56734354984728, 38.775347287717466 ], [ -77.56701720340125, 38.775877968636657 ], [ -77.566751277064711, 38.776333052988406 ], [ -77.566449274629903, 38.776830068398844 ], [ -77.566448821522343, 38.776830927853688 ], [ -77.566351276926497, 38.777015326715969 ], [ -77.566182697885665, 38.777323583123064 ], [ -77.56604495090825, 38.777575459688151 ], [ -77.566031899104985, 38.777601271019442 ], [ -77.566004858225369, 38.777657175395198 ], [ -77.565980013133782, 38.777713441396074 ], [ -77.565956470978051, 38.777770404253971 ], [ -77.565935555036432, 38.777827730365601 ], [ -77.565926678536457, 38.777854523586612 ], [ -77.565816227431185, 38.777832100605032 ], [ -77.565802777217357, 38.77785481865164 ], [ -77.565018627928467, 38.777699698661692 ], [ -77.564288595020685, 38.77755527905267 ], [ -77.563912353712553, 38.777480421634145 ], [ -77.563203077778013, 38.777339299641575 ], [ -77.563018429744801, 38.777302229959702 ], [ -77.562430284205391, 38.777184155650971 ], [ -77.562427358020599, 38.777183584509864 ], [ -77.562313285075888, 38.777161318442339 ], [ -77.562275850888767, 38.77715400741986 ], [ -77.561951796983536, 38.777090746525694 ], [ -77.560599616047455, 38.776838375381338 ], [ -77.560568846381628, 38.776832256834403 ], [ -77.560532027255348, 38.776824934863733 ], [ -77.560524252631325, 38.776816334750549 ], [ -77.560427998577936, 38.776709859198746 ], [ -77.559860116753867, 38.77608040214561 ], [ -77.559408838734953, 38.775574360307751 ], [ -77.558602923600233, 38.7755891133951 ], [ -77.559221146192797, 38.774780131553726 ], [ -77.558285649008695, 38.774303928382054 ], [ -77.557352646052365, 38.773828987197952 ], [ -77.556497895518916, 38.773408173492392 ], [ -77.555545736607144, 38.772923297753373 ], [ -77.555538187054822, 38.77291945316378 ], [ -77.556107329062641, 38.77223083158971 ], [ -77.55612054563089, 38.772214841563823 ], [ -77.556403132646693, 38.771872924550848 ], [ -77.556415509370012, 38.771858307914762 ], [ -77.556809215552803, 38.771381441551497 ], [ -77.556855955403904, 38.771324889510431 ], [ -77.557308427778835, 38.770791720178075 ], [ -77.557355072944702, 38.77073530861739 ], [ -77.55779349647473, 38.770205086633297 ], [ -77.557878957096094, 38.770103184894424 ], [ -77.557923211780164, 38.770050415165372 ], [ -77.558141825825416, 38.769789735001403 ], [ -77.558166903079922, 38.769759831887058 ], [ -77.558955153464197, 38.76881988824266 ], [ -77.558985317571, 38.768783920363433 ], [ -77.559011055789625, 38.768753227776472 ], [ -77.560137144856313, 38.767477213401989 ], [ -77.560137282832528, 38.767477046039225 ], [ -77.560137493219287, 38.767476797274782 ], [ -77.560215572635329, 38.76738365899778 ], [ -77.560178496098047, 38.76738081858845 ], [ -77.55840342343653, 38.767240827291836 ], [ -77.558082396285741, 38.767220098473743 ], [ -77.557403033631161, 38.767167998634669 ], [ -77.556175122402479, 38.767073858177397 ], [ -77.556027528735129, 38.767062488976066 ], [ -77.555987229271608, 38.767059387958845 ], [ -77.555178998638766, 38.766997399792828 ], [ -77.555178568676638, 38.766997368400375 ], [ -77.55332820834208, 38.766855426770228 ], [ -77.55326473687856, 38.766850834127673 ], [ -77.553260351013932, 38.766850516733363 ], [ -77.55326032571233, 38.766850515628171 ], [ -77.553117423497639, 38.766840179736292 ], [ -77.55301113956456, 38.766832491669625 ], [ -77.552952187355515, 38.766828226347513 ], [ -77.552938376793293, 38.766827225611749 ], [ -77.552927272024519, 38.766826542225004 ], [ -77.552927232939339, 38.766826539206583 ], [ -77.552927097262341, 38.766826530903515 ], [ -77.552927061617197, 38.766826528813802 ], [ -77.552927031725062, 38.766826526770586 ], [ -77.552925025323205, 38.766826403357562 ], [ -77.552924929701376, 38.766826673757002 ], [ -77.552924761067175, 38.766827157981638 ], [ -77.552614543235379, 38.767720971924973 ], [ -77.552614534860396, 38.76772099618168 ], [ -77.5526115219877, 38.767729829515211 ], [ -77.552204844370422, 38.768901367916904 ], [ -77.552204532208307, 38.768902263593624 ], [ -77.551948357488726, 38.769630965189457 ], [ -77.550238029071721, 38.769267343038955 ], [ -77.550237041041711, 38.769267132333241 ], [ -77.550237172826087, 38.76926752259061 ], [ -77.549964630005292, 38.769209527290812 ], [ -77.54996363392236, 38.769209316517482 ], [ -77.549963528497273, 38.769208934581478 ], [ -77.549571572967068, 38.769125532940791 ], [ -77.547866210889424, 38.76857358152899 ], [ -77.54768151475605, 38.768496300406476 ], [ -77.547680989160241, 38.768338483134286 ], [ -77.547672166206041, 38.768178092156688 ], [ -77.547660663229152, 38.768029421778621 ], [ -77.547659769472688, 38.768017843318979 ], [ -77.547648390572121, 38.767903841599406 ], [ -77.547644871690125, 38.767868575991244 ], [ -77.547643791376075, 38.767857789711556 ], [ -77.547640207916103, 38.767828439810003 ], [ -77.547625607757993, 38.767708995689752 ], [ -77.547624263548599, 38.767697977535775 ], [ -77.54762004545222, 38.767668845901952 ], [ -77.54760387124557, 38.767557122343774 ], [ -77.547601163459547, 38.767538458859157 ], [ -77.547574520451633, 38.767379278962835 ], [ -77.547570807041751, 38.767359738837705 ], [ -77.547544329265122, 38.767220489153104 ], [ -77.547535752247796, 38.767180241895275 ], [ -77.54751060314544, 38.767062133678834 ], [ -77.547497552748396, 38.767006816703329 ], [ -77.547473350687326, 38.766904260354622 ], [ -77.547454728256952, 38.766832378241034 ], [ -77.547432583817937, 38.76674692603072 ], [ -77.547406452235336, 38.76665773420482 ], [ -77.547349914223929, 38.766464772511767 ], [ -77.547344105455863, 38.766449485633679 ], [ -77.547344068763564, 38.766449388938902 ], [ -77.547344044310037, 38.766449323875158 ], [ -77.54728725742109, 38.766272036741903 ], [ -77.54722568641445, 38.766098980080528 ], [ -77.547178406676039, 38.765974254973649 ], [ -77.547135796829778, 38.765867053432288 ], [ -77.547086431904447, 38.765748260001622 ], [ -77.547035270776092, 38.765630602401593 ], [ -77.546985995098325, 38.765521938506353 ], [ -77.546937012781797, 38.765417976986214 ], [ -77.546886538137258, 38.765314709620114 ], [ -77.546883774039443, 38.765309250197284 ], [ -77.54683471086733, 38.765212361866986 ], [ -77.546780995863699, 38.765109895137151 ], [ -77.546725319326825, 38.765007234953814 ], [ -77.546590626759809, 38.76477244444218 ], [ -77.546585384567607, 38.764763306290476 ], [ -77.546597082873419, 38.764748624784858 ], [ -77.546756024764832, 38.764549142499909 ], [ -77.546832454710426, 38.764453215757683 ], [ -77.546908095768202, 38.764358278051759 ], [ -77.546983771644875, 38.76426330274176 ], [ -77.547059336190358, 38.764168464316072 ], [ -77.547134716816515, 38.764073856779966 ], [ -77.547209759082847, 38.763979672573178 ], [ -77.547286892145692, 38.76388286926128 ], [ -77.54736119927064, 38.763789598806653 ], [ -77.547469503521882, 38.763653668308635 ], [ -77.54747090887318, 38.763651904043506 ], [ -77.54736055125764, 38.763605565863898 ], [ -77.547357216728699, 38.76360416579373 ], [ -77.547264304330795, 38.763565149465279 ], [ -77.547262761607243, 38.763564516206785 ], [ -77.547108975502994, 38.763501323936133 ], [ -77.547045740560691, 38.763474629738937 ], [ -77.547182985498821, 38.763252778536796 ], [ -77.547270194444096, 38.763119503818977 ], [ -77.54739133290721, 38.762946559660222 ], [ -77.547517890149734, 38.762777540508473 ], [ -77.547649739090332, 38.762612616082876 ], [ -77.547786747333987, 38.762451951990862 ], [ -77.547928777305074, 38.762295709561897 ], [ -77.548075686385403, 38.762144045685488 ], [ -77.548227327057504, 38.761997112653596 ], [ -77.548064618131505, 38.761876124616521 ], [ -77.547902803199051, 38.761675441492805 ], [ -77.547183556545264, 38.761089656754095 ], [ -77.547086846780545, 38.761013071383772 ], [ -77.546904546559944, 38.760847833075253 ], [ -77.546818024794575, 38.760760602318392 ], [ -77.546696655014443, 38.760615167190664 ], [ -77.546577256159182, 38.760459020882507 ], [ -77.546464637791544, 38.760273610540651 ], [ -77.546037143881179, 38.759430322046015 ], [ -77.546115706193945, 38.759348168971059 ], [ -77.546117917286011, 38.759345857219721 ], [ -77.546191036266165, 38.759269396771487 ], [ -77.546208931525058, 38.759250683706576 ], [ -77.546449975798126, 38.758419429659227 ], [ -77.546379839031104, 38.758397814061468 ], [ -77.546823601716042, 38.756811052698815 ], [ -77.546922694124248, 38.756809455575365 ], [ -77.546982352161265, 38.756574652854049 ], [ -77.547364788105256, 38.755069065699892 ], [ -77.547463811059387, 38.754679215019536 ], [ -77.547935206970607, 38.753409258681359 ], [ -77.549037626614776, 38.752828579546268 ], [ -77.549418814269501, 38.752628132915454 ], [ -77.54926422480348, 38.752264307882776 ], [ -77.549105338822145, 38.751895512591496 ], [ -77.549105442075003, 38.751895447662839 ], [ -77.548470546293828, 38.750420507023989 ], [ -77.5481712527572, 38.749728077451124 ], [ -77.548102101466085, 38.749568087904663 ], [ -77.547807372727704, 38.748886194356785 ], [ -77.547616403813421, 38.74844224005669 ], [ -77.5474916449528, 38.748152202819128 ], [ -77.547518825578663, 38.748113094571913 ], [ -77.547569770843992, 38.748038979161485 ], [ -77.547379887323089, 38.747990452141785 ], [ -77.547164414518846, 38.747611874884235 ], [ -77.547158305335628, 38.747601144071211 ], [ -77.54715813108642, 38.747600837247298 ], [ -77.547086564885575, 38.747300758810233 ], [ -77.547027203222058, 38.747051858265792 ], [ -77.54661219296861, 38.746470288528442 ], [ -77.545893274695786, 38.745665097278504 ], [ -77.545796977927893, 38.745557241465228 ], [ -77.545796771627906, 38.74555701005449 ], [ -77.545700919305489, 38.74539818801761 ], [ -77.545515280735785, 38.745090596757258 ], [ -77.545549420965543, 38.744664954324676 ], [ -77.545338698546374, 38.744500491130161 ], [ -77.544532367750108, 38.744534503738365 ], [ -77.543901906270364, 38.744831876326046 ], [ -77.543639905766057, 38.745277055206536 ], [ -77.543114812076595, 38.745670386652669 ], [ -77.542645703783421, 38.745899929375675 ], [ -77.542356999531847, 38.74597231139672 ], [ -77.542144521389673, 38.746012231554801 ], [ -77.541874235380263, 38.746027979559386 ], [ -77.54160139361683, 38.745993203842247 ], [ -77.541699629465199, 38.745918316276494 ], [ -77.541342323446429, 38.74552933035411 ], [ -77.541132070658705, 38.74479197582356 ], [ -77.540929914874326, 38.744077743065844 ], [ -77.540509157782978, 38.743232523139056 ], [ -77.539490384343964, 38.741285415208083 ], [ -77.539396724271086, 38.741107069461464 ], [ -77.538724690055133, 38.741336066702772 ], [ -77.536795004512271, 38.74199362010156 ], [ -77.536275929219499, 38.742170447102986 ], [ -77.535977771665046, 38.742456109747785 ], [ -77.532436713391377, 38.742324223494116 ], [ -77.532436623710993, 38.74232422005111 ], [ -77.531882857731759, 38.742303978139368 ], [ -77.531235298060068, 38.742455132240167 ], [ -77.529965700898714, 38.742485154466145 ], [ -77.529827970784538, 38.742487772343544 ], [ -77.529690523092995, 38.742496968523177 ], [ -77.529553671838897, 38.742512721995332 ], [ -77.529417729674464, 38.742534996769422 ], [ -77.529283007174968, 38.742563741956189 ], [ -77.529149812129234, 38.742598891884001 ], [ -77.529018448836453, 38.742640366248864 ], [ -77.528889217410949, 38.742688070297888 ], [ -77.528762413096558, 38.742741895045768 ], [ -77.528638325592112, 38.742801717523768 ], [ -77.528517238389583, 38.74286740106065 ], [ -77.52839942812642, 38.742938795594931 ], [ -77.528285163953512, 38.743015738017704 ], [ -77.528174706920325, 38.743098052545285 ], [ -77.528068309378469, 38.743185551120796 ], [ -77.527966214405168, 38.743278033843836 ], [ -77.527992762462603, 38.743337842881679 ], [ -77.528151457892108, 38.743695354192106 ], [ -77.528151483592509, 38.743695410261637 ], [ -77.528222503752517, 38.743855404255335 ], [ -77.528253180469605, 38.744062311972485 ], [ -77.528328476758631, 38.744282341024011 ], [ -77.528414023502492, 38.744694906405144 ], [ -77.528598643366223, 38.745093455656026 ], [ -77.528641923985319, 38.745186887280788 ], [ -77.528760817239387, 38.745333395455411 ], [ -77.528791838771653, 38.745547043708243 ], [ -77.528868111422042, 38.745683023754616 ], [ -77.529068481465359, 38.74585494373332 ], [ -77.529331393749572, 38.745940068728984 ], [ -77.529723387692655, 38.746370392762365 ], [ -77.529790689819677, 38.746491195971124 ], [ -77.529800879202156, 38.746667379220369 ], [ -77.529919894619553, 38.747007241158393 ], [ -77.529981001089695, 38.747412073904414 ], [ -77.530059049400961, 38.748169830066601 ], [ -77.530225678688126, 38.748399660217551 ], [ -77.530426381951116, 38.748487282412398 ], [ -77.5307253723592, 38.74852893729215 ], [ -77.530960563199415, 38.748563918932724 ], [ -77.531184616194267, 38.748578117783097 ], [ -77.532009458532201, 38.748662793701669 ], [ -77.532274857786192, 38.748746135155237 ], [ -77.532274882996191, 38.748746142570624 ], [ -77.532523011645594, 38.748824065163056 ], [ -77.532595047693363, 38.748839179548852 ], [ -77.532665798897028, 38.748859474967432 ], [ -77.532734893142432, 38.74888484467553 ], [ -77.532801967030096, 38.748915155241825 ], [ -77.532866667786621, 38.748950247248636 ], [ -77.532928655119974, 38.74898993613045 ], [ -77.533056586968968, 38.749041201768783 ], [ -77.533060284142067, 38.749042683628112 ], [ -77.533101367036252, 38.748995531105201 ], [ -77.533125031903168, 38.748840359234805 ], [ -77.533124584742893, 38.74843429088429 ], [ -77.533066237685887, 38.748298906685704 ], [ -77.533013953893189, 38.748136734402216 ], [ -77.533007746046451, 38.748039070652069 ], [ -77.533023786141044, 38.74786496724478 ], [ -77.533298676808869, 38.747357670634472 ], [ -77.533314145213453, 38.747311058152107 ], [ -77.533565230821949, 38.74712980074483 ], [ -77.533607547147156, 38.746975468989547 ], [ -77.533678633234075, 38.746831636631399 ], [ -77.533766396286637, 38.746613444646059 ], [ -77.533800454054841, 38.746522039883118 ], [ -77.533806292403099, 38.746506374354105 ], [ -77.533829300978624, 38.746444629220591 ], [ -77.533965787184314, 38.746498950044071 ], [ -77.534166714389627, 38.746578918106017 ], [ -77.534363838399372, 38.746657372494667 ], [ -77.534471357049568, 38.746703199068101 ], [ -77.534594679917859, 38.746763182847438 ], [ -77.53471299661372, 38.746829061357865 ], [ -77.534731295881414, 38.746840656285642 ], [ -77.534825853910618, 38.746900575925366 ], [ -77.534932806942265, 38.746977444522166 ], [ -77.534939524776419, 38.746982802575694 ], [ -77.535000510232194, 38.747031430265494 ], [ -77.535065298426602, 38.747087561360374 ], [ -77.535127065792494, 38.747145744147559 ], [ -77.53518569849534, 38.747205888505057 ], [ -77.5352058741869, 38.747228461955828 ], [ -77.53524110264128, 38.747267875645662 ], [ -77.535293180570036, 38.747331610174832 ], [ -77.53534183836129, 38.747396975106959 ], [ -77.535356622032225, 38.7474188690177 ], [ -77.535387003816169, 38.747463863544922 ], [ -77.535428586438911, 38.74753216033276 ], [ -77.535466524466031, 38.747601752352502 ], [ -77.535500747148291, 38.747672510195777 ], [ -77.535507287531985, 38.747687929901737 ], [ -77.53553120198319, 38.747744316315796 ], [ -77.535553236418252, 38.747804494495185 ], [ -77.535557833052977, 38.747817050434591 ], [ -77.535580587974636, 38.747890585996764 ], [ -77.535599438508811, 38.747964797545983 ], [ -77.535607147835336, 38.748003453178981 ], [ -77.535614347285744, 38.748039554145123 ], [ -77.535626385338674, 38.748221282595232 ], [ -77.535633510845841, 38.748328846596223 ], [ -77.535642201988694, 38.748460090332863 ], [ -77.535723374409457, 38.749567969625772 ], [ -77.535722470164316, 38.749608193135302 ], [ -77.535716577084983, 38.749725296032054 ], [ -77.535705833015015, 38.749842187850291 ], [ -77.535690255642891, 38.749958748913599 ], [ -77.535669859338952, 38.750074849607699 ], [ -77.535644662954809, 38.75019036936375 ], [ -77.535614689847051, 38.750305194856615 ], [ -77.535579983243139, 38.750419189500477 ], [ -77.535540570969431, 38.750532249915963 ], [ -77.535491913020877, 38.750655195585828 ], [ -77.535437687428242, 38.750776707124615 ], [ -77.535377974542214, 38.750896624824414 ], [ -77.535312840693308, 38.751014805077851 ], [ -77.53526209041479, 38.751099605209987 ], [ -77.53520855616631, 38.751183352670459 ], [ -77.534633621642698, 38.75209929957299 ], [ -77.534608668420589, 38.752139052946184 ], [ -77.534545902913749, 38.752233280915199 ], [ -77.534486040572631, 38.752328662498414 ], [ -77.534430866238196, 38.75242208444952 ], [ -77.534378478882374, 38.752516489697229 ], [ -77.534328911462907, 38.752611823561267 ], [ -77.534309866074921, 38.752651039042391 ], [ -77.534282191210195, 38.752708029512164 ], [ -77.534268081367813, 38.752739372971966 ], [ -77.534233876401174, 38.75281535482209 ], [ -77.534189105197029, 38.752923609310933 ], [ -77.534147902629513, 38.753032729224365 ], [ -77.534110298405039, 38.753142645440867 ], [ -77.534094213706197, 38.753193455632406 ], [ -77.533891104973662, 38.753927765727525 ], [ -77.533882823204962, 38.753951839994343 ], [ -77.533831296103656, 38.754101687602166 ], [ -77.533804792123703, 38.754178749904071 ], [ -77.533724848597828, 38.754387753775504 ], [ -77.533638120412263, 38.754595091740896 ], [ -77.533544663364268, 38.754800631812508 ], [ -77.533444539065982, 38.755004237544931 ], [ -77.53338788927995, 38.755113010886831 ], [ -77.533338698849818, 38.755182133717391 ], [ -77.533045037783538, 38.755594785169848 ], [ -77.532660086207713, 38.756135708781784 ], [ -77.532623823204858, 38.756191414456687 ], [ -77.532562299330692, 38.756297567875535 ], [ -77.532508882071582, 38.756406379168077 ], [ -77.532463760694498, 38.756517466120556 ], [ -77.532427078452628, 38.756630446137933 ], [ -77.532404215020392, 38.756720565261745 ], [ -77.532386720496859, 38.756811425092103 ], [ -77.532374647136038, 38.756902820655661 ], [ -77.532372096150752, 38.756938131369729 ], [ -77.532368019448299, 38.756994556659421 ], [ -77.532366840061627, 38.757086439430779 ], [ -77.532371124501594, 38.757178257384787 ], [ -77.532380856867817, 38.757269825703517 ], [ -77.532396023839453, 38.757360938868715 ], [ -77.532398430360175, 38.757371232671723 ], [ -77.532421619603696, 38.757470440020342 ], [ -77.532455058114238, 38.757578639210791 ], [ -77.532616149367698, 38.757994564904678 ], [ -77.532645173962536, 38.758039213682892 ], [ -77.532729880588889, 38.758169527804867 ], [ -77.532733519018578, 38.758181907450968 ], [ -77.532811843932819, 38.758453371553479 ], [ -77.532844982709122, 38.758564342020023 ], [ -77.532902378829505, 38.758762524822622 ], [ -77.532957567462944, 38.758961204696959 ], [ -77.532968456210511, 38.758999051499025 ], [ -77.533012945694423, 38.759146156283911 ], [ -77.533059631703296, 38.759292932312107 ], [ -77.533108078082748, 38.759439214721802 ], [ -77.533110590365837, 38.75944798864645 ], [ -77.533135115922477, 38.759514952567052 ], [ -77.533161399502504, 38.759581586832269 ], [ -77.53318944340046, 38.759647721188522 ], [ -77.533219249922738, 38.759713184481278 ], [ -77.533250814481434, 38.759778318114876 ], [ -77.533284580023533, 38.759842783395662 ], [ -77.533301278218914, 38.759872443774036 ], [ -77.533388678978824, 38.760023502199722 ], [ -77.533477841537149, 38.760173889486232 ], [ -77.533568326373612, 38.760323775881602 ], [ -77.533634855049911, 38.760429528459447 ], [ -77.533754195104535, 38.760617581571282 ], [ -77.533875306418082, 38.760804793283562 ], [ -77.534002445773154, 38.761000454570549 ], [ -77.534129142735935, 38.761195779627094 ], [ -77.534206804916977, 38.761321017364416 ], [ -77.534283595215712, 38.761446594712119 ], [ -77.534286670707658, 38.761451319168529 ], [ -77.534437368107234, 38.761683152545871 ], [ -77.534590695605687, 38.761919706490168 ], [ -77.534610461022211, 38.761949560384863 ], [ -77.534704567902551, 38.762091237749217 ], [ -77.534800435487327, 38.762232414206906 ], [ -77.534898068381196, 38.762372747447216 ], [ -77.534918240151697, 38.76240534968921 ], [ -77.535018678193566, 38.762565099703565 ], [ -77.535120008371223, 38.762723998401292 ], [ -77.535223980665194, 38.762882060179741 ], [ -77.535245456280947, 38.762915188405913 ], [ -77.535381192850281, 38.763123797229504 ], [ -77.535518691713435, 38.763331905058422 ], [ -77.535527422426625, 38.763345672438561 ], [ -77.5356088500303, 38.76347406446294 ], [ -77.535712813014896, 38.763632980647159 ], [ -77.535774901700393, 38.76372689260922 ], [ -77.535817657741177, 38.763791564339343 ], [ -77.535956760687668, 38.764010668630512 ], [ -77.536007503484626, 38.764089963678053 ], [ -77.536296322175943, 38.764533048018883 ], [ -77.536297827128195, 38.764535205443046 ], [ -77.536298469142153, 38.764536412527065 ], [ -77.536299328617091, 38.764537706984456 ], [ -77.536300189203303, 38.764538918567673 ], [ -77.536300830163384, 38.764540118435804 ], [ -77.536301690749667, 38.764541330019 ], [ -77.536302551372245, 38.764542538899789 ], [ -77.536303192250884, 38.764543830659576 ], [ -77.53630405287349, 38.764545039540323 ], [ -77.536304913508232, 38.7645462475203 ], [ -77.536305554371765, 38.764547454594869 ], [ -77.536306413847043, 38.764548749052139 ], [ -77.536307274481828, 38.764549957032102 ], [ -77.536307916495986, 38.764551164116114 ], [ -77.536308777130898, 38.76455237209602 ], [ -77.536309641205406, 38.764553581005096 ], [ -77.536310277482045, 38.764554872727011 ], [ -77.536311133502622, 38.764556081569879 ], [ -77.536311780131257, 38.764557287790929 ], [ -77.536312640754204, 38.76455849667164 ], [ -77.536313500229681, 38.76455979112886 ], [ -77.536314141105635, 38.764560997302567 ], [ -77.53631500172861, 38.764562206183257 ], [ -77.536315861216252, 38.764563499739666 ], [ -77.536316503230765, 38.764564706823634 ], [ -77.536317363865891, 38.764565914803462 ], [ -77.536318004729878, 38.764567121877953 ], [ -77.536318864205555, 38.76456841633518 ], [ -77.536319724840794, 38.764569624314987 ], [ -77.536320366855392, 38.76457083139892 ], [ -77.536321226379471, 38.764572122252865 ], [ -77.53632186720732, 38.764573332029791 ], [ -77.536322727842659, 38.764574540009598 ], [ -77.53632358731852, 38.764575834466747 ], [ -77.536324229333232, 38.764577041550666 ], [ -77.53632508996867, 38.764578249530487 ], [ -77.536325730832885, 38.764579456604913 ], [ -77.536326590320925, 38.764580750161251 ], [ -77.536327232335751, 38.764581957245149 ], [ -77.536328092971289, 38.764583165224906 ], [ -77.536328732688105, 38.764584457875891 ], [ -77.536329593311663, 38.764585666756467 ], [ -77.536330453947286, 38.764586874736217 ], [ -77.536331094814813, 38.764588167396653 ], [ -77.536331955450478, 38.76458937537641 ], [ -77.536332595167437, 38.764590668027331 ], [ -77.536333455791137, 38.764591876907858 ], [ -77.536334097818198, 38.764593083090894 ], [ -77.536334957246211, 38.76459438115122 ], [ -77.536335598207302, 38.764595581019172 ], [ -77.536336458794835, 38.764596792602077 ], [ -77.536337099662546, 38.76459808526247 ], [ -77.536337960298425, 38.764599293242185 ], [ -77.53633860116301, 38.764600500316526 ], [ -77.536339460651575, 38.764601793872792 ], [ -77.536340102666742, 38.764603000956583 ], [ -77.536340962143314, 38.764604295413648 ], [ -77.536341603020063, 38.764605501587155 ], [ -77.536342463644033, 38.764606710467632 ], [ -77.536343104524022, 38.764608002227213 ], [ -77.536343965148063, 38.764609211107633 ], [ -77.536344604865405, 38.76461050375854 ], [ -77.536345465501611, 38.764611711738205 ], [ -77.536346107516977, 38.764612918821925 ], [ -77.536346967005841, 38.764614212378156 ], [ -77.536347607870695, 38.764615419452426 ], [ -77.53634846734748, 38.764616713909419 ], [ -77.536349109375081, 38.764617920092391 ], [ -77.536349968851923, 38.764619214549327 ], [ -77.536350609728942, 38.764620420722842 ], [ -77.53635125174452, 38.764621627806527 ], [ -77.536352111221447, 38.76462292226352 ], [ -77.536352752098594, 38.764624128437021 ], [ -77.536353611575578, 38.764625422893936 ], [ -77.536354253603335, 38.764626629076879 ], [ -77.53635511308039, 38.764627923533787 ], [ -77.5363557539455, 38.76462913060805 ], [ -77.536356394813851, 38.764630423268279 ], [ -77.53635725545044, 38.764631631247859 ], [ -77.536357895168237, 38.764632923898645 ], [ -77.53635875580494, 38.764634131878204 ], [ -77.536359396673319, 38.76463542453844 ], [ -77.536360037538586, 38.764636631612696 ], [ -77.536360897076293, 38.764637921565523 ], [ -77.536361543646152, 38.764639132290263 ], [ -77.536362399680684, 38.764640340231985 ], [ -77.536363034796352, 38.764641632844892 ], [ -77.536363681414542, 38.764642839966399 ], [ -77.536364540904088, 38.764644133522445 ], [ -77.536365181769497, 38.764645340596658 ], [ -77.536366041247021, 38.764646635053531 ], [ -77.536366682127735, 38.764647926812913 ], [ -77.536367322993215, 38.764649133887104 ], [ -77.5363681824346, 38.764650431046341 ], [ -77.536368824547296, 38.764651630923574 ], [ -77.536369459614875, 38.764652927139664 ], [ -77.536370324854303, 38.764654135156952 ], [ -77.53637096572308, 38.764655427817111 ], [ -77.536371606588702, 38.764656634891296 ], [ -77.536372466078546, 38.764657928447271 ], [ -77.536373108094779, 38.764659135530906 ], [ -77.536373747813144, 38.764660428181635 ], [ -77.536374608450402, 38.764661636161009 ], [ -77.53637524931932, 38.764662928821203 ], [ -77.536375890148904, 38.764664138597787 ], [ -77.536376749675085, 38.764665429451284 ], [ -77.536377390544132, 38.764666722111421 ], [ -77.536378031422046, 38.764667928284759 ], [ -77.536378890900025, 38.764669222741489 ], [ -77.536379532916527, 38.764670429825053 ], [ -77.536380172647114, 38.764671721574921 ], [ -77.536381033272534, 38.764672930455092 ], [ -77.536381674141722, 38.764674223115243 ], [ -77.536382313872409, 38.76467551486509 ], [ -77.536382955888953, 38.764676721948668 ], [ -77.536383815367174, 38.764678016405334 ], [ -77.536384456245273, 38.764679222578643 ], [ -77.536385097114589, 38.764680515238723 ], [ -77.536385956592824, 38.764681809695411 ], [ -77.53638659742272, 38.764683019471882 ], [ -77.536387238340424, 38.764684308528771 ], [ -77.536387879218623, 38.76468551470203 ], [ -77.536388738696985, 38.764686809158732 ], [ -77.53638937956643, 38.76468810181877 ], [ -77.536390020444742, 38.764689307992036 ], [ -77.536390665916528, 38.764690600689917 ], [ -77.536391520792719, 38.764691895108705 ], [ -77.536392157068789, 38.764693101244156 ], [ -77.536392802540647, 38.764694393942015 ], [ -77.536393443406993, 38.764695601016051 ], [ -77.536394302897648, 38.764696894571898 ], [ -77.536394943767277, 38.764698187231929 ], [ -77.536395584633695, 38.764699394305957 ], [ -77.536396225515389, 38.764700686065176 ], [ -77.536396865234551, 38.764701978715749 ], [ -77.53639772586061, 38.764703187595792 ], [ -77.536398366742404, 38.764704479355004 ], [ -77.536399006461636, 38.764705772005584 ], [ -77.536399648478721, 38.764706979089041 ], [ -77.536400288210018, 38.764708270838781 ], [ -77.53640114768892, 38.764709565295334 ], [ -77.53640178970609, 38.764710772378756 ], [ -77.536402429437473, 38.764712064128496 ], [ -77.536403070307387, 38.764713356788533 ], [ -77.53640371117406, 38.764714563862547 ], [ -77.53640435205611, 38.764715855621702 ], [ -77.536405211535126, 38.764717150078184 ], [ -77.53640585240187, 38.764718357152184 ], [ -77.536406493283977, 38.764719648911331 ], [ -77.536407133003451, 38.764720941561883 ], [ -77.536407773873464, 38.764722234221814 ], [ -77.536408419354728, 38.76472344043281 ], [ -77.536409274183313, 38.764724738454653 ], [ -77.536409910499444, 38.764726027473628 ], [ -77.536410555980751, 38.764727233684539 ], [ -77.536411196850906, 38.76472852634452 ], [ -77.536411836570537, 38.764729818994986 ], [ -77.536412477489094, 38.764731108051699 ], [ -77.536413118319857, 38.764732317828035 ], [ -77.53641375919014, 38.764733610487944 ], [ -77.536414618669554, 38.764734904944433 ], [ -77.53641525954869, 38.764736111117507 ], [ -77.536415900419058, 38.764737403777445 ], [ -77.536416540138845, 38.764738696427912 ], [ -77.536417181021278, 38.76473998818701 ], [ -77.536417821888421, 38.764741195260903 ], [ -77.536418462758888, 38.764742487920785 ], [ -77.536419102478774, 38.764743780571251 ], [ -77.536419747963635, 38.76474507236815 ], [ -77.536420602840991, 38.764746366786731 ], [ -77.536421240220307, 38.764747576534631 ], [ -77.536421884590908, 38.76474886561968 ], [ -77.536422524310893, 38.764750158270083 ], [ -77.536423165181475, 38.764751450929985 ], [ -77.536423806060952, 38.764752657103024 ], [ -77.536424446979893, 38.764753946159672 ], [ -77.536425086651647, 38.764755242413315 ], [ -77.536425727522371, 38.764756535073147 ], [ -77.536426367254577, 38.764757826822731 ], [ -77.5364270092726, 38.764759033906046 ], [ -77.536427648992827, 38.764760326556427 ], [ -77.536428289875658, 38.764761618315454 ], [ -77.536428929595871, 38.764762910965842 ], [ -77.536429570466723, 38.764764203625681 ], [ -77.536430211346399, 38.764765409798663 ], [ -77.536430852217222, 38.764766702458537 ], [ -77.536431491937606, 38.764767995108876 ], [ -77.536432132808486, 38.764769287768743 ], [ -77.53643277254092, 38.76477057951827 ], [ -77.536433414559212, 38.764771786601536 ], [ -77.536434054279624, 38.764773079251874 ], [ -77.536434695162697, 38.76477437101088 ], [ -77.53643533488318, 38.764775663661226 ], [ -77.536435975754216, 38.764776956321008 ], [ -77.536436615474713, 38.764778248971339 ], [ -77.536437257505227, 38.764779455153771 ], [ -77.53643789717745, 38.764780751407343 ], [ -77.536438538096874, 38.764782040463878 ], [ -77.536439177829592, 38.764783332213383 ], [ -77.536439818700757, 38.764784624873165 ], [ -77.536440458469698, 38.764785913920264 ], [ -77.536441099292659, 38.764787210183236 ], [ -77.536441740172705, 38.76478841635619 ], [ -77.536442385646311, 38.764789709053765 ], [ -77.536443020764736, 38.764791001666246 ], [ -77.536443661648107, 38.764792293425202 ], [ -77.536444301368874, 38.764793586075484 ], [ -77.53644494224028, 38.764794878735231 ], [ -77.536445581961118, 38.764796171385491 ], [ -77.536446222844589, 38.764797463144426 ], [ -77.536446863712797, 38.764798670218148 ], [ -77.536447504584245, 38.764799962877852 ], [ -77.536448144317205, 38.764801254627358 ], [ -77.536448789791066, 38.764802547324855 ], [ -77.536449206300375, 38.764803838140821 ], [ -77.536449846021341, 38.764805130791117 ], [ -77.536450486905025, 38.764806422549995 ], [ -77.536451126626048, 38.764807715200234 ], [ -77.536451767497624, 38.764809007859967 ], [ -77.536452407218761, 38.764810300510185 ], [ -77.536453049249744, 38.764811506692531 ], [ -77.536453693573165, 38.764812799380586 ], [ -77.536454329842613, 38.764814092002453 ], [ -77.536454969575843, 38.764815383751866 ], [ -77.536455390687621, 38.764816674605633 ], [ -77.536456031559453, 38.76481796726533 ], [ -77.536456671280675, 38.764819259915527 ], [ -77.536457312164544, 38.764820551674369 ], [ -77.536457951885808, 38.76482184432458 ], [ -77.536458592757725, 38.764823136984248 ], [ -77.536459232479032, 38.764824429634409 ], [ -77.536459653603032, 38.764825719587378 ], [ -77.536460294426689, 38.764827015850244 ], [ -77.53646093419637, 38.764828304897193 ], [ -77.536461570466045, 38.764829597519032 ], [ -77.536462214801887, 38.764830889306246 ], [ -77.53646285682116, 38.764832096389348 ], [ -77.536463496542638, 38.764833389039481 ], [ -77.536463917666822, 38.764834678992415 ], [ -77.536464558538896, 38.764835971652055 ], [ -77.53646519826043, 38.764837264302201 ], [ -77.536465839132603, 38.764838556961791 ], [ -77.536466475414528, 38.764839848682819 ], [ -77.536466899978393, 38.764841139564901 ], [ -77.536467540850637, 38.764842432224469 ], [ -77.536468180572271, 38.764843724874652 ], [ -77.53646882145658, 38.76484501663343 ], [ -77.536469461178257, 38.764846309283534 ], [ -77.536469882290561, 38.764847600137273 ], [ -77.536470523162848, 38.764848892796849 ], [ -77.536471162896703, 38.764850184546177 ], [ -77.536471803769075, 38.764851477205752 ], [ -77.536472443490894, 38.764852769855871 ], [ -77.536472861151481, 38.764854060681195 ], [ -77.536473505487749, 38.764855352468345 ], [ -77.536474145209624, 38.764856645118456 ], [ -77.536474786082067, 38.764857937777975 ], [ -77.536475207194513, 38.764859228631686 ], [ -77.53647584691646, 38.76486052128179 ], [ -77.536476487801039, 38.764861813040518 ], [ -77.536477127523028, 38.764863105690615 ], [ -77.536477548635546, 38.764864396544283 ], [ -77.536478189508131, 38.764865689203837 ], [ -77.53647882808292, 38.764867067430437 ], [ -77.53647946896767, 38.764868359189201 ], [ -77.53647989008023, 38.764869650042854 ], [ -77.536480529802333, 38.764870942692887 ], [ -77.53648117067506, 38.764872235352442 ], [ -77.536481591799756, 38.764873525305283 ], [ -77.53648223152193, 38.764874817955352 ], [ -77.536482872394743, 38.764876110614871 ], [ -77.536483512116959, 38.764877403264897 ], [ -77.536483933241698, 38.764878693217732 ], [ -77.536484574114525, 38.764879985877265 ], [ -77.536485213836869, 38.76488127852727 ], [ -77.536485634949599, 38.764882569380916 ], [ -77.536486275834548, 38.764883861139644 ], [ -77.536486915556964, 38.764885153789635 ], [ -77.536487336669737, 38.764886444643274 ], [ -77.536487977542691, 38.764887737302772 ], [ -77.536488616117865, 38.764889115529336 ], [ -77.536489041845115, 38.764890405519992 ], [ -77.536489678115842, 38.764891698141597 ], [ -77.536490317838329, 38.764892990791637 ], [ -77.536490738951272, 38.764894281645226 ], [ -77.53649137983642, 38.764895573403869 ], [ -77.536985942135132, 38.76603886469551 ], [ -77.536024376025679, 38.766293913218206 ], [ -77.535839847154975, 38.766342860215403 ], [ -77.535055521761393, 38.766550888524201 ], [ -77.534936608680667, 38.766582428943572 ], [ -77.534848678805403, 38.766605753065981 ], [ -77.534835496258509, 38.766609249078122 ], [ -77.534846130835504, 38.76662530875462 ], [ -77.532086961572517, 38.767349864058296 ], [ -77.531917663624967, 38.767386212565377 ], [ -77.531746252996314, 38.767415879389773 ], [ -77.531573162244982, 38.767438791517378 ], [ -77.531398821436056, 38.767454890330676 ], [ -77.531223670737006, 38.767464136216987 ], [ -77.531048148947164, 38.767466505771033 ], [ -77.530802823669404, 38.7674631872856 ], [ -77.530557794608072, 38.767453180614623 ], [ -77.530313359731934, 38.767436496331605 ], [ -77.53006981573661, 38.767413154011031 ], [ -77.529827458020321, 38.76738318402991 ], [ -77.529586581906671, 38.767346622172589 ], [ -77.529347479180473, 38.767303510502622 ], [ -77.529110440279041, 38.767253905489348 ], [ -77.528875753323646, 38.767197864485972 ], [ -77.528643701684189, 38.76713545561951 ], [ -77.528328616513576, 38.767053386079759 ], [ -77.526919407660486, 38.766688573781146 ], [ -77.526582788697638, 38.766611897410037 ], [ -77.526244091436141, 38.766541054188629 ], [ -77.525903479871673, 38.766476079696687 ], [ -77.525561121510492, 38.766417005040275 ], [ -77.525217181604518, 38.76636385770508 ], [ -77.524871827705098, 38.766316665197778 ], [ -77.524525227435177, 38.766275449622022 ], [ -77.522419177713999, 38.765997944529488 ], [ -77.522280258248855, 38.765976426666121 ], [ -77.522143036767091, 38.765949029970102 ], [ -77.522007920706258, 38.765915835323305 ], [ -77.521875309214408, 38.765876940657314 ], [ -77.521745593149802, 38.765832460953632 ], [ -77.521619157394014, 38.765782527361715 ], [ -77.521496372772717, 38.765727288933185 ], [ -77.521377606484407, 38.76566690730332 ], [ -77.521263205918444, 38.765601561961475 ], [ -77.521153511384398, 38.765531444951321 ], [ -77.521031019881718, 38.765463699386729 ], [ -77.520011281744985, 38.764884850388995 ], [ -77.519771194112707, 38.764770765318119 ], [ -77.519526845696362, 38.764662367578367 ], [ -77.519278457251005, 38.764559751783764 ], [ -77.519026250665391, 38.764463013460052 ], [ -77.518770454862619, 38.764372238283457 ], [ -77.518511297672518, 38.764287507418189 ], [ -77.518249012735239, 38.7642088975742 ], [ -77.517983837225003, 38.764136479186725 ], [ -77.517716007235862, 38.764070317278268 ], [ -77.517445763534639, 38.764010471507106 ], [ -77.516045832760284, 38.763668455694081 ], [ -77.515899465977796, 38.763629503621324 ], [ -77.515755611132462, 38.763585185925017 ], [ -77.5156145879359, 38.76353560169531 ], [ -77.515476710195983, 38.763480860784952 ], [ -77.515342286930107, 38.763421086521362 ], [ -77.515211617824491, 38.76335641116377 ], [ -77.515084993184672, 38.763286979506447 ], [ -77.514962695135111, 38.7632129452847 ], [ -77.515979612416231, 38.761733428975205 ], [ -77.516082634803865, 38.761588045606089 ], [ -77.516179543805194, 38.761440108126635 ], [ -77.516270236044434, 38.761289773342995 ], [ -77.516354613864607, 38.761137200811341 ], [ -77.516432587590984, 38.760982555559671 ], [ -77.516504075654325, 38.76082599907933 ], [ -77.516569000978905, 38.760667701006959 ], [ -77.516763256240324, 38.760815751154304 ], [ -77.518481582952148, 38.762354602040283 ], [ -77.519497890677499, 38.761631335318825 ], [ -77.519500807096676, 38.761629262395424 ], [ -77.520373506966365, 38.761006610362735 ], [ -77.520922335321714, 38.760081059107804 ], [ -77.51837214362088, 38.75915480961222 ], [ -77.517842465045803, 38.758962416315285 ], [ -77.517711958726196, 38.758918591108781 ], [ -77.518023131227125, 38.758267040274099 ], [ -77.518273267495246, 38.757891372541152 ], [ -77.518147513529541, 38.757841239789755 ], [ -77.515715813273061, 38.757746839487424 ], [ -77.514997901962815, 38.757719003668825 ], [ -77.514507766941207, 38.757036326640851 ], [ -77.514523913019431, 38.756517019950934 ], [ -77.514602708519504, 38.756082544150395 ], [ -77.514441703985995, 38.755848767978904 ], [ -77.514554541753114, 38.754701781700888 ], [ -77.514736209423234, 38.754777388553279 ], [ -77.516290821430601, 38.755424348090216 ], [ -77.516470054608163, 38.755618524725861 ], [ -77.519070460395298, 38.756695897506305 ], [ -77.520152366899154, 38.755087127606068 ], [ -77.520530735711802, 38.754267551676605 ], [ -77.519849641119308, 38.754135449241559 ], [ -77.519700954670938, 38.754101668827744 ], [ -77.519554679152051, 38.754061952478445 ], [ -77.519411203216521, 38.754016403453981 ], [ -77.519270906066296, 38.753965142955543 ], [ -77.51913415633723, 38.753908307412821 ], [ -77.519001316749538, 38.753846044919442 ], [ -77.518872737131417, 38.753778520579523 ], [ -77.518730316832617, 38.753692628733134 ], [ -77.518593267178417, 38.753601537477401 ], [ -77.518461897166944, 38.75350545212244 ], [ -77.5183365041146, 38.753404590493794 ], [ -77.518217370266527, 38.753299178399516 ], [ -77.518104762722572, 38.753189455034573 ], [ -77.517998939251029, 38.753075668524964 ], [ -77.517900135659232, 38.752958074019794 ], [ -77.517808574934776, 38.752836938272239 ], [ -77.517724465031691, 38.752712533314352 ], [ -77.517647995345314, 38.752585141832846 ], [ -77.517579339099782, 38.752455050882659 ], [ -77.517518649884764, 38.752322552758436 ], [ -77.517466065082573, 38.752187946825138 ], [ -77.517421703592305, 38.752051537696765 ], [ -77.517385665867195, 38.751913632534212 ], [ -77.51735803158995, 38.751774542826958 ], [ -77.517248235271794, 38.751398614355857 ], [ -77.517204044161332, 38.751293567206297 ], [ -77.517152293993348, 38.751190659386658 ], [ -77.517093153991141, 38.75109022203857 ], [ -77.517026814142312, 38.750992581972227 ], [ -77.516953489910804, 38.750898053597936 ], [ -77.516873419861867, 38.750806944311606 ], [ -77.516783692545303, 38.750716533258142 ], [ -77.516687321371563, 38.7506304168977 ], [ -77.516595873296936, 38.750559523885158 ], [ -77.516555829056983, 38.750529808388976 ], [ -77.516501698248007, 38.750490855690735 ], [ -77.51635312813616, 38.750390632505422 ], [ -77.516198748720115, 38.750295945114431 ], [ -77.516038897701037, 38.750206999935294 ], [ -77.515873922149169, 38.750123990852721 ], [ -77.515704181967479, 38.75004709834667 ], [ -77.515530046416558, 38.749976491265464 ], [ -77.515351894200649, 38.74991232052016 ], [ -77.515170113345235, 38.749854728093091 ], [ -77.514985100170207, 38.749803838019886 ], [ -77.511880190738239, 38.748861783554531 ], [ -77.511780058240561, 38.749000176118244 ], [ -77.511718218083033, 38.74908460435455 ], [ -77.511222940685954, 38.749803176181608 ], [ -77.511341255569093, 38.749866928787192 ], [ -77.510829022475264, 38.750440354378476 ], [ -77.509144584434324, 38.752325934807324 ], [ -77.508896579398481, 38.752603614266981 ], [ -77.50804316824852, 38.753551010680582 ], [ -77.5078240733489, 38.753807596230011 ], [ -77.507826343046275, 38.753808784820137 ], [ -77.505736823128217, 38.756232118940311 ], [ -77.505736672392146, 38.756232286132111 ], [ -77.50342950866235, 38.759002303202067 ], [ -77.503185536774382, 38.759295202292272 ], [ -77.503006190824408, 38.759500772123843 ], [ -77.50365614937806, 38.75991472997714 ], [ -77.503961815161517, 38.76011316048082 ], [ -77.50427186489857, 38.760307390420309 ], [ -77.504586195985894, 38.760497349520357 ], [ -77.504904714808106, 38.760682982898274 ], [ -77.505227327784027, 38.760864232969311 ], [ -77.505553928561014, 38.761041050149331 ], [ -77.506165872069133, 38.761354774001546 ], [ -77.506567902718359, 38.761563225214829 ], [ -77.506569287379392, 38.761564027043967 ], [ -77.506568833612874, 38.761565471860479 ], [ -77.506846446165326, 38.761690469831308 ], [ -77.506867823865065, 38.761699571708029 ], [ -77.506939903679523, 38.761824214828998 ], [ -77.507151284276262, 38.761915340877252 ], [ -77.507574400103181, 38.76208994159537 ], [ -77.508025780438956, 38.762262887087019 ], [ -77.508524178265617, 38.762444493346003 ], [ -77.510797253255873, 38.76322876190126 ], [ -77.510753060554833, 38.76330013376095 ], [ -77.510665948261732, 38.763450098137817 ], [ -77.512052445893787, 38.763915824758925 ], [ -77.514424064196291, 38.765908663431979 ], [ -77.515320865432614, 38.766662189441554 ], [ -77.515456706492415, 38.766776327248508 ], [ -77.515505551185399, 38.766817367357895 ], [ -77.515595235128288, 38.766892720802559 ], [ -77.515088543725312, 38.767258952074386 ], [ -77.512611232201621, 38.767582442347098 ], [ -77.512590902125737, 38.767562994446664 ], [ -77.512558046196887, 38.767532655403265 ], [ -77.51252451665124, 38.767502768338133 ], [ -77.512504823144951, 38.767485821295132 ], [ -77.51103930818141, 38.767213282770797 ], [ -77.509528110068089, 38.767183838984977 ], [ -77.508837954448396, 38.767785052982497 ], [ -77.508232922298376, 38.768312101327417 ], [ -77.508175576898054, 38.768357840940169 ], [ -77.508232971688187, 38.76844874894865 ], [ -77.508286526604167, 38.768541970721394 ], [ -77.508330526256813, 38.768626226680439 ], [ -77.508371250518763, 38.768712113644263 ], [ -77.50840047290103, 38.768779717330695 ], [ -77.508427598486023, 38.768848189286139 ], [ -77.508462792430848, 38.768947932470184 ], [ -77.508493366109789, 38.769049187428934 ], [ -77.508519254938392, 38.769151740269315 ], [ -77.508565704799125, 38.769387313890981 ], [ -77.508593221060437, 38.769491954499237 ], [ -77.50862589165726, 38.769595102129536 ], [ -77.508663636227126, 38.76969650306139 ], [ -77.508706361926656, 38.769795907870787 ], [ -77.50875396366007, 38.769893072043764 ], [ -77.508806324337527, 38.769987756577819 ], [ -77.508806535653761, 38.769988121429549 ], [ -77.508868719242713, 38.770088804446175 ], [ -77.508935563101559, 38.770186455698635 ], [ -77.509006919690748, 38.770280859648516 ], [ -77.509082631510125, 38.770371807924903 ], [ -77.509162531446563, 38.770459099784368 ], [ -77.509368789162991, 38.77066786087606 ], [ -77.50950097085888, 38.770801644078958 ], [ -77.509521811153547, 38.770822738262254 ], [ -77.509696780824228, 38.770999827956764 ], [ -77.510658121557952, 38.771972711581348 ], [ -77.510659315599327, 38.771973918959716 ], [ -77.511082867801491, 38.772402546367807 ], [ -77.511488198842216, 38.772815058115995 ], [ -77.511648527325889, 38.772978223944165 ], [ -77.512552463679782, 38.773898146707808 ], [ -77.513033937695766, 38.774386798858878 ], [ -77.513557153088371, 38.774917802062127 ], [ -77.513609224885599, 38.774970648433467 ], [ -77.513749585078756, 38.775113095421936 ], [ -77.513846287833076, 38.775211236162782 ], [ -77.514180366181677, 38.775548874341276 ], [ -77.5145173769248, 38.775883585622239 ], [ -77.514857294420537, 38.776215344538727 ], [ -77.51487039277157, 38.776228014087195 ], [ -77.515093860494332, 38.776440473115535 ], [ -77.515102425468243, 38.776448615354042 ], [ -77.515160217156932, 38.776503559497307 ], [ -77.515211904718072, 38.776552700074092 ], [ -77.515222648719714, 38.776562915565705 ], [ -77.515281030009689, 38.77652991465952 ], [ -77.515575115359866, 38.776352145947598 ], [ -77.515729966781805, 38.776160125947428 ], [ -77.516019687324615, 38.775984481665844 ], [ -77.516059854286297, 38.776025081926555 ], [ -77.516242659886132, 38.776209846108053 ], [ -77.516610343304649, 38.776581469333827 ], [ -77.51705350438192, 38.776312792479338 ], [ -77.517763686995252, 38.776874643395381 ], [ -77.517941109291854, 38.777014110921627 ], [ -77.518200327937194, 38.777217943417952 ], [ -77.518748717162325, 38.777767308226544 ], [ -77.518750098117081, 38.77776647563384 ], [ -77.519346091330334, 38.777407107255321 ], [ -77.519347137671573, 38.777408106999609 ], [ -77.519489322796275, 38.777543915295603 ], [ -77.520421715201195, 38.776961788789706 ], [ -77.520556696304027, 38.777001037065361 ], [ -77.520654106638958, 38.776939692688572 ], [ -77.52212919041132, 38.775992284789787 ], [ -77.523256194859769, 38.777067463520417 ], [ -77.523261809749911, 38.777072823816873 ], [ -77.523700747084533, 38.776266210248544 ], [ -77.524713191076202, 38.774441500044105 ], [ -77.526869247510504, 38.776026235586372 ], [ -77.526879466894258, 38.77603374833884 ], [ -77.526883544232149, 38.776036740740501 ], [ -77.526947153629109, 38.776082716443462 ], [ -77.527853241173773, 38.775235142837133 ], [ -77.528157637783323, 38.774946443256304 ], [ -77.528165627136602, 38.774938866197282 ], [ -77.528251319394883, 38.774857592258215 ], [ -77.530531286012845, 38.776418284395902 ], [ -77.530601928339465, 38.776476667614439 ], [ -77.53066863071858, 38.776537822734589 ], [ -77.530731211127716, 38.776601592402287 ], [ -77.53078835867818, 38.776666015334577 ], [ -77.530829627376306, 38.776711414170357 ], [ -77.530896107547633, 38.776782249325009 ], [ -77.530907003963776, 38.776792935792187 ], [ -77.530912591368391, 38.776798411707539 ], [ -77.530967206505906, 38.77685196674625 ], [ -77.531041841128243, 38.776919381797931 ], [ -77.531198332551725, 38.777039794802931 ], [ -77.532260336223217, 38.77785693534917 ], [ -77.53233264178651, 38.777917651033064 ], [ -77.532402418587694, 38.777985228704118 ], [ -77.532465954073601, 38.77805639899195 ], [ -77.532522990959976, 38.778130866089846 ], [ -77.532573257896004, 38.778208267407621 ], [ -77.53258233263243, 38.7782250413998 ], [ -77.532596679588607, 38.778251571514211 ], [ -77.532737740682194, 38.77836588932135 ], [ -77.533290357789284, 38.778798043078652 ], [ -77.532688702235731, 38.779346718248114 ], [ -77.532675259846869, 38.779359246134973 ], [ -77.533571726263972, 38.779946616243116 ], [ -77.533463056990115, 38.780787421949675 ], [ -77.533394618866325, 38.78131693789647 ], [ -77.534028731727787, 38.781511182467405 ], [ -77.534079930050524, 38.781553328517674 ], [ -77.534072051794169, 38.781558797873089 ], [ -77.534033563362954, 38.781583880904584 ], [ -77.533993339474378, 38.78160757665465 ], [ -77.533952257072613, 38.78162989234486 ], [ -77.533909873072943, 38.781651167568135 ], [ -77.533866632876013, 38.781670890676182 ], [ -77.533835759857681, 38.781684022849646 ], [ -77.532301479785914, 38.782425306757169 ], [ -77.531738253309825, 38.782739885622192 ], [ -77.531817520046218, 38.782802045478867 ], [ -77.532206551548228, 38.783107119703871 ], [ -77.532540842422975, 38.78336970948596 ], [ -77.532124837989656, 38.783586119735332 ], [ -77.5320750280097, 38.783612031220564 ], [ -77.532028718566622, 38.783636121123251 ], [ -77.532057822734245, 38.783665522609844 ], [ -77.532066705037806, 38.783674494120895 ], [ -77.532106901532373, 38.783718075438465 ], [ -77.532145773387725, 38.783762331396581 ], [ -77.532182877482626, 38.783807602484224 ], [ -77.532218218437933, 38.783853545497735 ], [ -77.532251791628809, 38.783900503644091 ], [ -77.532257390246542, 38.783908101197227 ], [ -77.532260930053013, 38.783913622301299 ], [ -77.532294757374117, 38.783966414067393 ], [ -77.53232692504119, 38.784019714652523 ], [ -77.532357338833251, 38.784073682740235 ], [ -77.532385548730218, 38.784128145249746 ], [ -77.532394523559603, 38.784145552639153 ], [ -77.53242579594972, 38.78420055842161 ], [ -77.532455742527631, 38.78425641091566 ], [ -77.532483929427514, 38.784312592128501 ], [ -77.532509476198328, 38.784369438042077 ], [ -77.532524790416559, 38.784404575203261 ], [ -77.532545103111445, 38.784459318471185 ], [ -77.532563654942379, 38.784514562525807 ], [ -77.532580450538859, 38.784569963261767 ], [ -77.532595482959465, 38.784626035938281 ], [ -77.532600462948352, 38.784647358108806 ], [ -77.532620135801054, 38.7847492925072 ], [ -77.532638497839045, 38.784851216088107 ], [ -77.532650257612772, 38.784922364472038 ], [ -77.532663773682941, 38.784993356167568 ], [ -77.532670765994155, 38.785027738180041 ], [ -77.532680707626994, 38.785071068845255 ], [ -77.532692410180502, 38.785113898716489 ], [ -77.532706314426065, 38.785156404401441 ], [ -77.532721968075165, 38.785198581268347 ], [ -77.532739823447358, 38.785240432145791 ], [ -77.532744935208825, 38.785251630163259 ], [ -77.532769709490381, 38.785300746206126 ], [ -77.532796244707413, 38.785349362349869 ], [ -77.53282454548274, 38.785397135387896 ], [ -77.532838731680869, 38.785418704630793 ], [ -77.532842583487664, 38.785425426485979 ], [ -77.532876111576329, 38.785475820093289 ], [ -77.532911400665597, 38.785525710192118 ], [ -77.532948893837244, 38.785574759893429 ], [ -77.532988154901716, 38.785622794427603 ], [ -77.532995489239852, 38.7856317792249 ], [ -77.53308065254221, 38.785723266057133 ], [ -77.533166696438485, 38.785814423145794 ], [ -77.533209925081295, 38.785860942558294 ], [ -77.533254480775781, 38.785906617936931 ], [ -77.533301240555488, 38.785951453806099 ], [ -77.53331206681014, 38.785961325020878 ], [ -77.533348831228494, 38.785999728035989 ], [ -77.533384266339965, 38.786038807471201 ], [ -77.533417931366287, 38.786078729064634 ], [ -77.533433456460401, 38.786098250704683 ], [ -77.533466194895809, 38.786142283566981 ], [ -77.5334976052103, 38.786187161331242 ], [ -77.533527255711604, 38.786232716477286 ], [ -77.533554697635836, 38.786278938101439 ], [ -77.533580379825906, 38.786325830804508 ], [ -77.533604298814339, 38.786373395459982 ], [ -77.533616662157783, 38.786399758590825 ], [ -77.53363663703486, 38.78644711596688 ], [ -77.533655291769406, 38.786494809309026 ], [ -77.533671308564237, 38.786542998031067 ], [ -77.533685564527332, 38.78659168125229 ], [ -77.533698061836205, 38.78664069682911 ], [ -77.533703425417542, 38.78666579777552 ], [ -77.533715073452171, 38.786745355002438 ], [ -77.533728034733215, 38.786824750973445 ], [ -77.533728881732685, 38.786827331825208 ], [ -77.533731983586264, 38.786857562784867 ], [ -77.533733331427044, 38.78688777929419 ], [ -77.53373248674869, 38.786917977740721 ], [ -77.533729888040696, 38.786948162637735 ], [ -77.533724660630142, 38.78697815290537 ], [ -77.533723257419183, 38.786984662966702 ], [ -77.533665219705796, 38.787180265355914 ], [ -77.533602904836712, 38.78737454743932 ], [ -77.533536342806144, 38.787567415702469 ], [ -77.533495563759146, 38.787665413673786 ], [ -77.53345060746048, 38.787761567011046 ], [ -77.533401557115269, 38.787855697753585 ], [ -77.533348503505948, 38.787947631684176 ], [ -77.533241400214266, 38.788112106521062 ], [ -77.533138447951231, 38.788279211035039 ], [ -77.533039711247227, 38.788448840485145 ], [ -77.53294525199037, 38.788620888547761 ], [ -77.532921749210203, 38.788673766385621 ], [ -77.532903974613134, 38.788728834617032 ], [ -77.532892127844235, 38.788785474713066 ], [ -77.532886341966986, 38.78884305048954 ], [ -77.53288668196862, 38.788900915252654 ], [ -77.532893144030226, 38.788958419062723 ], [ -77.532905655569621, 38.789014916034262 ], [ -77.532924076056631, 38.78906977159069 ], [ -77.532948198591484, 38.789122369591837 ], [ -77.532977752228732, 38.789172119254516 ], [ -77.533012405020571, 38.789218461788217 ], [ -77.533207297571749, 38.789531740267556 ], [ -77.533260707520967, 38.789609062680654 ], [ -77.533309155387684, 38.789689587102124 ], [ -77.533352449851222, 38.789772995540964 ], [ -77.533390419941725, 38.78985895861716 ], [ -77.533422915715263, 38.789947136862466 ], [ -77.533464413011316, 38.790068621318561 ], [ -77.533500930004593, 38.790191694499448 ], [ -77.533532406143721, 38.790316152328927 ], [ -77.533533366626415, 38.790319455735911 ], [ -77.533568457277553, 38.790440017744096 ], [ -77.533604930910045, 38.790565429866675 ], [ -77.533640077554395, 38.790691004013617 ], [ -77.533669456539883, 38.790789241464104 ], [ -77.533669688737049, 38.790789950583658 ], [ -77.533701473681148, 38.79088698712475 ], [ -77.533709334459829, 38.790909769879889 ], [ -77.533772543535861, 38.791083713224587 ], [ -77.533840327837567, 38.791255925195422 ], [ -77.533912640006633, 38.791426285474422 ], [ -77.533933776032953, 38.791473872116562 ], [ -77.533958046437277, 38.791534689290714 ], [ -77.533984923203661, 38.791594400433944 ], [ -77.533921254166131, 38.791614342709266 ], [ -77.533902244389026, 38.791620590638409 ], [ -77.533888699039366, 38.791624612403034 ], [ -77.533624734319162, 38.791702985648236 ], [ -77.533779848385294, 38.79242128786418 ], [ -77.534102073694854, 38.793913403469425 ], [ -77.534317305248081, 38.794910022457756 ], [ -77.534332373394889, 38.794979799525585 ], [ -77.53435212771042, 38.795071270080719 ], [ -77.534320277589785, 38.795098349273793 ], [ -77.534204056871005, 38.795195559830148 ], [ -77.534189963519964, 38.795207070799208 ], [ -77.534086093147138, 38.795291898263407 ], [ -77.533966393344031, 38.79538684931115 ], [ -77.533940682466238, 38.795407063658011 ], [ -77.533786404501626, 38.795529185551331 ], [ -77.533630827607439, 38.795650098346094 ], [ -77.533477939249522, 38.795766743005956 ], [ -77.533397304339289, 38.795826832527773 ], [ -77.533314927762646, 38.795885877914081 ], [ -77.533230811821056, 38.795943879180186 ], [ -77.533146280252396, 38.796000504891325 ], [ -77.533060003577404, 38.796056085528441 ], [ -77.53297242956792, 38.79611028243756 ], [ -77.532964909367848, 38.796115025838937 ], [ -77.532850436374673, 38.796179809893346 ], [ -77.532735541896216, 38.796243392165479 ], [ -77.532618911503974, 38.796305583436542 ], [ -77.532501419860694, 38.796366573797819 ], [ -77.532450629350677, 38.796392584560209 ], [ -77.532361847426344, 38.79643870440286 ], [ -77.532271761271801, 38.796483612520909 ], [ -77.532180824431578, 38.796527140581517 ], [ -77.532088584517624, 38.796569456921709 ], [ -77.531995488185217, 38.796610221080748 ], [ -77.531920936280244, 38.79664187065837 ], [ -77.531827855941529, 38.796681433918693 ], [ -77.53173435313289, 38.79671979181915 ], [ -77.531639554193404, 38.796756594804997 ], [ -77.531543900005673, 38.796791845611921 ], [ -77.531447384796508, 38.796825887432824 ], [ -77.531350013136375, 38.796858381565229 ], [ -77.531296708527194, 38.796875615232771 ], [ -77.531183506788295, 38.796911064083183 ], [ -77.531069886057963, 38.796944964322172 ], [ -77.530955405426027, 38.796977657350624 ], [ -77.530840075325884, 38.797008626136119 ], [ -77.530723881913175, 38.797038214705147 ], [ -77.530607710409669, 38.797066087127831 ], [ -77.530549632152983, 38.7970795080439 ], [ -77.530386451744789, 38.797112826870389 ], [ -77.530222426426661, 38.797144422273014 ], [ -77.530058413744129, 38.797174644581425 ], [ -77.529893545791097, 38.797203315447227 ], [ -77.529784524013664, 38.797221464221607 ], [ -77.529404657611664, 38.797288171251004 ], [ -77.529024798607423, 38.797354362702961 ], [ -77.528767606713046, 38.797399086660853 ], [ -77.528509554800834, 38.797442257892428 ], [ -77.52825196088078, 38.797483888210991 ], [ -77.52822207092774, 38.797488617173379 ], [ -77.528036133989801, 38.797518311799692 ], [ -77.527856321774706, 38.797549086616947 ], [ -77.527851855595131, 38.797549809063163 ], [ -77.527826544556973, 38.79755390289953 ], [ -77.52760690592865, 38.797589402218208 ], [ -77.527516649249918, 38.797603971113276 ], [ -77.527514827493235, 38.797604264118412 ], [ -77.527467294148181, 38.797611936708158 ], [ -77.526512072349405, 38.797767397121532 ], [ -77.52568911347764, 38.79790472408542 ], [ -77.525639062694168, 38.79791132548042 ], [ -77.525330821892936, 38.797951984580934 ], [ -77.525265071208665, 38.79780725379603 ], [ -77.525227333675062, 38.797719536745781 ], [ -77.525227248746006, 38.797719347752086 ], [ -77.52522706677577, 38.797718929123469 ], [ -77.524974068554528, 38.797162016498937 ], [ -77.524973795744998, 38.797161420538465 ], [ -77.524525144402006, 38.796178418739167 ], [ -77.524270809025822, 38.795618535539077 ], [ -77.524270553102468, 38.795617968545962 ], [ -77.523665854203102, 38.794286730794816 ], [ -77.523226047254809, 38.794430081890795 ], [ -77.522490687189773, 38.794669758852876 ], [ -77.520232837186157, 38.79540403615902 ], [ -77.520005617192325, 38.795477927273197 ], [ -77.519824237019947, 38.795536910904822 ], [ -77.51982458525741, 38.795538809309484 ], [ -77.519825807273122, 38.795545684383015 ], [ -77.519826593080424, 38.795552383739597 ], [ -77.519827815096519, 38.795559258813086 ], [ -77.519829037112814, 38.795566133886517 ], [ -77.519829822957561, 38.795572830540657 ], [ -77.519831044925141, 38.795579709217265 ], [ -77.519831828385904, 38.795586580626164 ], [ -77.519833052750528, 38.795593283647172 ], [ -77.519833836248466, 38.795600152353629 ], [ -77.519834619672807, 38.795607026464864 ], [ -77.519835841678344, 38.795613902438951 ], [ -77.519836627487365, 38.795620601795378 ], [ -77.519837410899925, 38.79562747680739 ], [ -77.519838194410937, 38.795634344612957 ], [ -77.519838543920699, 38.795641212395779 ], [ -77.519839322778537, 38.795648083766039 ], [ -77.519840106240864, 38.79565495517479 ], [ -77.519840892038388, 38.7956616554319 ], [ -77.519841236944217, 38.795668523176211 ], [ -77.519842020406927, 38.795675394584883 ], [ -77.51984236531294, 38.795682262329144 ], [ -77.51984271021901, 38.795689130073356 ], [ -77.519843493682103, 38.795696001482057 ], [ -77.519843838588343, 38.795702869226226 ], [ -77.519844178890395, 38.795709736931911 ], [ -77.519844877989996, 38.795723129254768 ], [ -77.519850011799491, 38.79582906219936 ], [ -77.51985035669469, 38.795835930844106 ], [ -77.51985070160228, 38.795842798588076 ], [ -77.519851046509913, 38.795849666332046 ], [ -77.51985139141766, 38.795856534075988 ], [ -77.519851736325421, 38.795863401819886 ], [ -77.519852081233267, 38.795870269563835 ], [ -77.519852428488548, 38.795876965255367 ], [ -77.519852773396593, 38.795883832999237 ], [ -77.519853118304596, 38.795890700743151 ], [ -77.51985390177083, 38.795897572151404 ], [ -77.519854246679046, 38.795904439895281 ], [ -77.519854591587361, 38.795911307639109 ], [ -77.519855375053965, 38.795918179047376 ], [ -77.519855719962393, 38.79592504679119 ], [ -77.519856064870964, 38.795931914535032 ], [ -77.519856848337938, 38.795938785943193 ], [ -77.519857193246608, 38.795945653686964 ], [ -77.519857976713865, 38.795952525095124 ], [ -77.51985832395782, 38.795959221687298 ], [ -77.51985910742529, 38.795966093095466 ], [ -77.519859452334373, 38.795972960839173 ], [ -77.519860235802099, 38.795979832247305 ], [ -77.519861019269996, 38.795986703655366 ], [ -77.519861364228504, 38.795993567795904 ], [ -77.519862147647501, 38.796000442807149 ], [ -77.519862933463216, 38.796007142162786 ], [ -77.519863716931653, 38.796014013570847 ], [ -77.519864061792205, 38.796020884917667 ], [ -77.519864845310096, 38.79602775272248 ], [ -77.519865628815793, 38.796034621428063 ], [ -77.519866412247978, 38.796041495538432 ], [ -77.519867198101366, 38.796048192191599 ], [ -77.519867981570656, 38.796055063599518 ], [ -77.519868765040144, 38.796061935007479 ], [ -77.519869548460576, 38.796068810018575 ], [ -77.519870331979504, 38.796075677823268 ], [ -77.51987111778449, 38.796082378079525 ], [ -77.519871901254575, 38.796089249487416 ], [ -77.519872684724774, 38.796096120895243 ], [ -77.51987390675454, 38.796102995967416 ], [ -77.519874692572429, 38.796109695322826 ], [ -77.519875476043154, 38.796116566730596 ], [ -77.519876259513978, 38.796123438138409 ], [ -77.519877481544569, 38.79613031321044 ], [ -77.519878271955065, 38.796137013505081 ], [ -77.519879050822169, 38.796143884874319 ], [ -77.5198802728533, 38.796150759946357 ], [ -77.519881056325033, 38.796157631354021 ], [ -77.519882280703996, 38.796164334373614 ], [ -77.519883064175986, 38.796171205781299 ], [ -77.519884290812328, 38.796178080891679 ], [ -77.519885072015413, 38.796184781109247 ], [ -77.519886294047865, 38.796191656181122 ], [ -77.519887077520579, 38.79619852758875 ], [ -77.519888301888486, 38.796205231508964 ], [ -77.519889523921606, 38.796212106580818 ], [ -77.519890314346441, 38.796218805974434 ], [ -77.519891531775698, 38.796225681007719 ], [ -77.51989275380943, 38.796232556079495 ], [ -77.519893978178459, 38.796239259999624 ], [ -77.519895200212716, 38.796246135071343 ], [ -77.519895983686837, 38.796253006478764 ], [ -77.519897208117982, 38.796259705894869 ], [ -77.519898430103666, 38.796266584569707 ], [ -77.519899654473818, 38.796273288489729 ], [ -77.519900876509183, 38.796280163561363 ], [ -77.519902100892025, 38.796286866580559 ], [ -77.519903322927874, 38.796293741652065 ], [ -77.519904547298935, 38.79630044557203 ], [ -77.519905773939527, 38.796307320682004 ], [ -77.519907432279666, 38.796314027326808 ], [ -77.519908654316481, 38.796320902398293 ], [ -77.519909878688509, 38.796327606318115 ], [ -77.519911100725722, 38.796334481389522 ], [ -77.519912325110511, 38.796341184408526 ], [ -77.519913985746001, 38.796348060441701 ], [ -77.519915210082118, 38.796354767063818 ], [ -77.519916432120311, 38.796361642135103 ], [ -77.519918090462753, 38.796368348779744 ], [ -77.51991931944076, 38.796375052737893 ], [ -77.519920980040823, 38.796381931473256 ], [ -77.519922204427289, 38.796388634492089 ], [ -77.519923865027963, 38.796395513227402 ], [ -77.519924700010634, 38.796398609391126 ], [ -77.519926752351168, 38.796408923829894 ], [ -77.519927974391393, 38.796415798900973 ], [ -77.519929637328175, 38.796422506484625 ], [ -77.519931300265256, 38.796429214068169 ], [ -77.51993252230632, 38.796436089139199 ], [ -77.519934185256304, 38.796442795821939 ], [ -77.519935848157417, 38.796449506107834 ], [ -77.519937508797653, 38.79645638214047 ], [ -77.519939171748504, 38.796463088823081 ], [ -77.519940396125818, 38.796469792742414 ], [ -77.51994205907728, 38.796476499424969 ], [ -77.519943722065946, 38.796483203405131 ], [ -77.5199453826217, 38.796490085743194 ], [ -77.519947045574128, 38.79649679242565 ], [ -77.519948708514562, 38.796503500008846 ], [ -77.519950371467573, 38.796510206691295 ], [ -77.519952034408604, 38.796516914274427 ], [ -77.51995369501509, 38.796523793009158 ], [ -77.519955357969067, 38.796530499691443 ], [ -77.519957459473119, 38.796537210938482 ], [ -77.51995912242775, 38.796543917620738 ], [ -77.519960785370401, 38.796550625203714 ], [ -77.519962448374827, 38.796557328282667 ], [ -77.519964549831144, 38.796564043132776 ], [ -77.519966212787068, 38.796570749814869 ], [ -77.519967875731012, 38.796577457397689 ], [ -77.519969977249886, 38.796584167743674 ], [ -77.51997164019447, 38.796590875326444 ], [ -77.519973303151673, 38.796597582008381 ], [ -77.519975404659348, 38.796604293255044 ], [ -77.519977067617219, 38.796610999936902 ], [ -77.519979169125648, 38.796617711183458 ], [ -77.519980832084173, 38.796624417865296 ], [ -77.51998293359334, 38.796631129111738 ], [ -77.519985035115184, 38.796637839457361 ], [ -77.519986698111595, 38.796644543436678 ], [ -77.519988799585036, 38.796651257385385 ], [ -77.519990901095724, 38.796657968631699 ], [ -77.519992564043989, 38.79666467621405 ], [ -77.519994665567708, 38.796671386559431 ], [ -77.519996764822309, 38.796677925714761 ], [ -77.519998870938835, 38.796684636999359 ], [ -77.520000972512889, 38.796691343741429 ], [ -77.520003069372407, 38.796698058552188 ], [ -77.520004736939356, 38.796704765271969 ], [ -77.520006840800207, 38.796711304465539 ], [ -77.520008942314348, 38.79671801571142 ], [ -77.520011043841166, 38.79672472605646 ], [ -77.520013147703125, 38.796731265249861 ], [ -77.520015687781694, 38.796737980159371 ], [ -77.520017789309719, 38.796744690504291 ], [ -77.520019893222042, 38.796751226094365 ], [ -77.520021994689458, 38.79675794094311 ], [ -77.520024096218663, 38.79676465128788 ], [ -77.520026200082995, 38.796771190480989 ], [ -77.520028740164179, 38.796777905390179 ], [ -77.52003084169462, 38.796784615734751 ], [ -77.520032945560132, 38.796791154927753 ], [ -77.520035485642737, 38.79679786983673 ], [ -77.520037589509059, 38.796804409029619 ], [ -77.520039690991922, 38.796811122977189 ], [ -77.520042233471941, 38.796817662230502 ], [ -77.520044334992477, 38.796824373475559 ], [ -77.520046877424278, 38.796830916331956 ], [ -77.520048978957945, 38.796837626676101 ], [ -77.520051521390585, 38.796844169532363 ], [ -77.520053625259735, 38.796850708724861 ], [ -77.520056165346361, 38.796857423633341 ], [ -77.520058707780365, 38.79686396648939 ], [ -77.520060811650737, 38.796870505681724 ], [ -77.520063351750963, 38.796877219689222 ], [ -77.520065894174081, 38.796883763445905 ], [ -77.52006843660989, 38.796890306301698 ], [ -77.520070538147323, 38.796897016645403 ], [ -77.520073080534928, 38.796903563104301 ], [ -77.520075623021228, 38.79691010235674 ], [ -77.520078165458855, 38.796916645212264 ], [ -77.520080705550129, 38.796923360120104 ], [ -77.520082188437556, 38.796927233766034 ], [ -77.52008324798868, 38.796929902975542 ], [ -77.520085790427714, 38.796936445830873 ], [ -77.520088332867246, 38.796942988686183 ], [ -77.520090875307204, 38.796949531541422 ], [ -77.520093417747617, 38.796956074396597 ], [ -77.520095957853997, 38.796962788403214 ], [ -77.520098500295333, 38.796969331258246 ], [ -77.520101038132793, 38.796975874074739 ], [ -77.520103580575068, 38.796982416929666 ], [ -77.520106561582665, 38.79698896344798 ], [ -77.520109104025892, 38.796995506302721 ], [ -77.520111651074004, 38.797002049195882 ], [ -77.520114188913809, 38.797008592012084 ], [ -77.520117169923466, 38.797015138530043 ], [ -77.520119712368597, 38.797021681384521 ], [ -77.520122695713724, 38.797028056750804 ], [ -77.520125238159878, 38.797034599605183 ], [ -77.520127780606416, 38.797041142459463 ], [ -77.520130758165394, 38.797047688948226 ], [ -77.520133304066178, 38.79705423183119 ], [ -77.520136285079474, 38.797060778348644 ], [ -77.52013882987471, 38.797067149150287 ], [ -77.520141810888973, 38.797073695667592 ], [ -77.520144791903832, 38.797080242184784 ], [ -77.52014733435378, 38.79708678503858 ], [ -77.520150317704136, 38.797093160404025 ], [ -77.520153295267306, 38.797099706892169 ], [ -77.520156280888585, 38.79710625344746 ], [ -77.520158825674983, 38.797112625149431 ], [ -77.520161806692983, 38.797119171666111 ], [ -77.520164787711536, 38.797125718182741 ], [ -77.520167771077283, 38.797132092646947 ], [ -77.520170752096931, 38.797138639163379 ], [ -77.520173735451479, 38.797145014528184 ], [ -77.520176716472193, 38.797151561044437 ], [ -77.520179699840128, 38.797157935508302 ], [ -77.520182680861893, 38.797164482024392 ], [ -77.520185664218602, 38.797170857388871 ], [ -77.520188642983712, 38.797177231814004 ], [ -77.520191628611499, 38.797183778368286 ], [ -77.520194611969757, 38.797190153732487 ], [ -77.520197592994265, 38.797196700248179 ], [ -77.520200576365866, 38.797203074711405 ], [ -77.520203559725786, 38.797209450075364 ], [ -77.520206979367231, 38.797215996650685 ], [ -77.520209962691325, 38.797222374716853 ], [ -77.520212946052865, 38.797228750080528 ], [ -77.520216367993541, 38.797235128206388 ], [ -77.520219351356118, 38.797241503569886 ], [ -77.520222768617145, 38.797248224899448 ], [ -77.520285175775356, 38.797381819891697 ], [ -77.520361139170603, 38.797544434336068 ], [ -77.519077170557381, 38.797718759655076 ], [ -77.518836260312426, 38.797751466520936 ], [ -77.518335131308334, 38.797890885613327 ], [ -77.518292205398708, 38.797899212870234 ], [ -77.518091758200427, 38.797948482041583 ], [ -77.517901328146266, 38.797523865658441 ], [ -77.517410257525867, 38.796428856498821 ], [ -77.517036485271731, 38.795554549488017 ], [ -77.516833312464598, 38.795039682803612 ], [ -77.516673702053623, 38.794642986301753 ], [ -77.516244460225863, 38.793566349889389 ], [ -77.516244383986276, 38.793566369069815 ], [ -77.516145704694452, 38.793590846862529 ], [ -77.516145696933293, 38.793590825175826 ], [ -77.516094867101344, 38.793603356496845 ], [ -77.516092886033761, 38.793603854294552 ], [ -77.515388529913878, 38.793778233410094 ], [ -77.515381268654835, 38.793779974262534 ], [ -77.51537444943709, 38.793781547653801 ], [ -77.515367631426116, 38.793782948982589 ], [ -77.515360809961763, 38.79378435028206 ], [ -77.515353998900153, 38.793785580497136 ], [ -77.515347184385178, 38.793786810682867 ], [ -77.515340371077116, 38.793787868806135 ], [ -77.515333557768798, 38.793788926928997 ], [ -77.515326526936235, 38.793789897639869 ], [ -77.51531686247499, 38.793791018314536 ], [ -77.515310055021118, 38.793791733241726 ], [ -77.515303028892077, 38.793792360747254 ], [ -77.515295998208103, 38.793792984610477 ], [ -77.515288978979456, 38.793793444605406 ], [ -77.51528195520828, 38.793793900057274 ], [ -77.515275151307065, 38.79379427176886 ], [ -77.515268129881676, 38.793794556068285 ], [ -77.515254312756184, 38.793794697731848 ], [ -77.515247297208091, 38.793794553250294 ], [ -77.515240281659985, 38.793794408768356 ], [ -77.515233269643318, 38.793794006657819 ], [ -77.515226257626779, 38.793793604546821 ], [ -77.515219247968702, 38.7937930303831 ], [ -77.515212239483802, 38.793792370643146 ], [ -77.515205452042139, 38.793791541587247 ], [ -77.515193630144324, 38.793790069362828 ], [ -77.515186626364638, 38.793789066417396 ], [ -77.515179842470147, 38.793788062614929 ], [ -77.515173059696977, 38.793786893055611 ], [ -77.515166059437135, 38.793785633381567 ], [ -77.515159279037945, 38.793784374652148 ], [ -77.515152498648675, 38.793783031237645 ], [ -77.515145721781664, 38.79378151487925 ], [ -77.514983723786287, 38.793744887050551 ], [ -77.514943504738653, 38.793735280836444 ], [ -77.514918797078877, 38.79372958145138 ], [ -77.514903061135513, 38.793726016866948 ], [ -77.514407030140333, 38.793612613121709 ], [ -77.514392164383622, 38.793609226950998 ], [ -77.51437392369273, 38.793614043057104 ], [ -77.514241619623846, 38.793648979966306 ], [ -77.514236160591935, 38.793650420577819 ], [ -77.514199361617841, 38.793660123943823 ], [ -77.514157102410593, 38.793671270598793 ], [ -77.514152552093648, 38.793672426951559 ], [ -77.514150276297826, 38.793673009627 ], [ -77.514121978819105, 38.793680521354176 ], [ -77.513493010114047, 38.793847392076771 ], [ -77.513414491633952, 38.793868224517183 ], [ -77.512974517019174, 38.792852738449376 ], [ -77.51297131151685, 38.792845331288326 ], [ -77.512967996507015, 38.792837683565814 ], [ -77.51296652917496, 38.792834303647581 ], [ -77.512965556312693, 38.79283205131474 ], [ -77.512815775087134, 38.792985775713341 ], [ -77.512815743539136, 38.792985809682079 ], [ -77.512815689836984, 38.792985864185113 ], [ -77.512135688135615, 38.793683457241087 ], [ -77.512079795549241, 38.793740795586928 ], [ -77.511874441920853, 38.793951462502392 ], [ -77.511876248505061, 38.793955953400619 ], [ -77.511926584584728, 38.794081091941187 ], [ -77.511991267890224, 38.794241893673082 ], [ -77.511990122857668, 38.794242200245172 ], [ -77.511988974384352, 38.794242505887397 ], [ -77.5110228994332, 38.794500420953327 ], [ -77.5108844594819, 38.794537380745105 ], [ -77.510884420197442, 38.794537391224651 ], [ -77.510681972590774, 38.794592284927745 ], [ -77.510680443438034, 38.794665374802072 ], [ -77.51067924993076, 38.794759341677128 ], [ -77.510684696174309, 38.794853158181525 ], [ -77.510696754966503, 38.794946355732982 ], [ -77.51071536607769, 38.795038468840673 ], [ -77.510740436551529, 38.795129037430193 ], [ -77.51077184116933, 38.795217609141524 ], [ -77.510801801706123, 38.79529917509533 ], [ -77.510835631200948, 38.795379213860095 ], [ -77.510881394369065, 38.79547322496736 ], [ -77.510932028197075, 38.79556470486299 ], [ -77.510987393134528, 38.795653401421816 ], [ -77.511047336591631, 38.795739070189718 ], [ -77.511111693359922, 38.795821475057416 ], [ -77.511195552192191, 38.79591311690973 ], [ -77.511284263727234, 38.79600006974978 ], [ -77.511377566177003, 38.796082076979424 ], [ -77.511475184205594, 38.796158896595003 ], [ -77.51157938653823, 38.796232403712885 ], [ -77.51168689365366, 38.796300986820413 ], [ -77.511797473053591, 38.796364497597587 ], [ -77.511910885595512, 38.796422798693989 ], [ -77.512026886009863, 38.796475764025828 ], [ -77.51214522343048, 38.796523279048593 ], [ -77.5122781375551, 38.796568045893586 ], [ -77.512412741091282, 38.796607442885637 ], [ -77.512548817188033, 38.796641406554812 ], [ -77.512686146622059, 38.796669882184467 ], [ -77.512824508150857, 38.79669282389937 ], [ -77.512963678869198, 38.796710194739624 ], [ -77.512941391324475, 38.796826406326446 ], [ -77.512919794082265, 38.796907202989047 ], [ -77.512907104280998, 38.79694933945909 ], [ -77.512893475288635, 38.796991292348757 ], [ -77.512878909529519, 38.797033052669093 ], [ -77.512863416322332, 38.797074612390048 ], [ -77.512846997089, 38.797115951703432 ], [ -77.512829663475046, 38.797157060796998 ], [ -77.51281141223626, 38.797197924327655 ], [ -77.512792252703861, 38.797238533364549 ], [ -77.51277218846586, 38.797278878027583 ], [ -77.512751228977379, 38.797318940377878 ], [ -77.512729378990059, 38.797358709644051 ], [ -77.512706646684123, 38.797398176885523 ], [ -77.512683036910417, 38.797437324124601 ], [ -77.512658560114332, 38.797476145142383 ], [ -77.512656129804313, 38.797479835498166 ], [ -77.51263321764398, 38.797514625535264 ], [ -77.512607021182617, 38.797552752788469 ], [ -77.51258525142822, 38.797583156035216 ], [ -77.51257997889843, 38.797590518862044 ], [ -77.512552100234544, 38.797627906717814 ], [ -77.512523387578909, 38.797664910068974 ], [ -77.512493861836248, 38.797701515577394 ], [ -77.512463515084335, 38.797737713265875 ], [ -77.512432368252732, 38.797773487994696 ], [ -77.512400434077307, 38.79780883446508 ], [ -77.512367710416115, 38.797843740946568 ], [ -77.512334213594642, 38.797878192260725 ], [ -77.512299954096207, 38.797912179486126 ], [ -77.512264943493363, 38.797945698215024 ], [ -77.512229188952432, 38.79797872958833 ], [ -77.512192704323468, 38.798011271019114 ], [ -77.512155497911806, 38.798043304558703 ], [ -77.512117584706317, 38.798074828530886 ], [ -77.512078971824195, 38.798105827679571 ], [ -77.512039677720225, 38.798136299456765 ], [ -77.511999706083046, 38.798166226775834 ], [ -77.511959071976221, 38.798195602555694 ], [ -77.511917796219038, 38.798224419763876 ], [ -77.511875878935498, 38.798252669391665 ], [ -77.511833337541177, 38.798280340774376 ], [ -77.511790185911678, 38.798307429523618 ], [ -77.511746436883016, 38.798333923134329 ], [ -77.511702104368069, 38.798359814515791 ], [ -77.511657196511848, 38.798385097429737 ], [ -77.51161173639909, 38.798409767565438 ], [ -77.511565731209714, 38.798433805162986 ], [ -77.511526452869404, 38.798453564289886 ], [ -77.511519195809598, 38.79845721755423 ], [ -77.511472151229498, 38.79847998239314 ], [ -77.51142460198777, 38.798502106023612 ], [ -77.511376566626993, 38.798523579592214 ], [ -77.51132805339175, 38.798544389654339 ], [ -77.511279098004763, 38.79856453380782 ], [ -77.511229690156469, 38.798584008361537 ], [ -77.511179857561515, 38.798602807242297 ], [ -77.511129614195468, 38.798620918855626 ], [ -77.511078971570583, 38.798638343297981 ], [ -77.511027948217532, 38.798655072617073 ], [ -77.510976566045869, 38.798671104294307 ], [ -77.510924608239478, 38.798685964429161 ], [ -77.510288909697294, 38.798869459672332 ], [ -77.508299028847645, 38.799443809732203 ], [ -77.508072314695866, 38.7989624703294 ], [ -77.507987799999725, 38.798804241213155 ], [ -77.507885943585521, 38.798652324826797 ], [ -77.507767556587794, 38.798507929788144 ], [ -77.507684663002919, 38.798423951108383 ], [ -77.507633541371646, 38.798372159176878 ], [ -77.507484910602003, 38.798246046733546 ], [ -77.50732280345747, 38.798130549791381 ], [ -77.507219577813885, 38.798066718544703 ], [ -77.507075573841831, 38.797988348351659 ], [ -77.506594589534245, 38.797768528298512 ], [ -77.506370392472434, 38.7976660654599 ], [ -77.506411915003852, 38.797620877486814 ], [ -77.506722097907044, 38.797279532877184 ], [ -77.50500811170204, 38.796690714925127 ], [ -77.502534050788569, 38.797351061448239 ], [ -77.500871105728407, 38.798844431358162 ], [ -77.499289522161206, 38.799287482395769 ], [ -77.499209135946373, 38.799310007475334 ], [ -77.499310250440317, 38.799582371278753 ], [ -77.499321287910377, 38.799612102401845 ], [ -77.499794910289907, 38.800886107590728 ], [ -77.498322410718174, 38.801243197359859 ], [ -77.498322031833297, 38.801243287818536 ], [ -77.49832187816456, 38.801243327046983 ], [ -77.498321494192098, 38.801242626470525 ], [ -77.498307843608259, 38.80121767295504 ], [ -77.497765622692526, 38.800226293073329 ], [ -77.497741108795978, 38.800181472775513 ], [ -77.497027428353491, 38.800968266977286 ], [ -77.496458153164667, 38.801596035286302 ], [ -77.496010557768699, 38.802089611474592 ], [ -77.495564601837458, 38.802581181969359 ], [ -77.4945715226511, 38.803676115842258 ], [ -77.494444991616461, 38.803815590052132 ], [ -77.494213387640045, 38.803423421481064 ], [ -77.49420857694119, 38.803437432502434 ], [ -77.493871094572469, 38.80442001066055 ], [ -77.493681925615789, 38.805134174234553 ], [ -77.493625623891646, 38.80534672383795 ], [ -77.493621965006383, 38.807705633586977 ], [ -77.493423678328355, 38.808018855075453 ], [ -77.493784969362707, 38.808561478417623 ], [ -77.495302185088008, 38.807964633127263 ], [ -77.495643739590406, 38.807821602591545 ], [ -77.495835714872598, 38.807746119739534 ], [ -77.496693566827375, 38.807408811239668 ], [ -77.500688881044013, 38.80583657996484 ], [ -77.501423484437453, 38.805550300742802 ], [ -77.503106362970229, 38.804894447156116 ], [ -77.504701539308499, 38.804277494030266 ], [ -77.50487676788768, 38.804209720170832 ], [ -77.506602896587111, 38.803524498950843 ], [ -77.507258076345195, 38.803264401861867 ], [ -77.5074954715366, 38.803843061414405 ], [ -77.507891835932298, 38.804809194154615 ], [ -77.508407598350615, 38.806066631362633 ], [ -77.508409445141794, 38.806071135253546 ], [ -77.508416269288247, 38.806069050591091 ], [ -77.509124635306819, 38.805852617764693 ], [ -77.509400398471186, 38.805768788960343 ], [ -77.509672104293998, 38.806456539386041 ] ] ] ] } }
]
}
