{
"type": "FeatureCollection",
"name": "northern_va_grid",
"crs": { "type": "name", "properties": { "name": "urn:ogc:def:crs:EPSG::3857" } },
"features": [
{ "type": "Feature", "properties": { "cell_id": "G0000" }, "geometry": { "type": "Polygon", "coordinates": [ [ [ -8636212.73908182606101, 4670455.316649902611971 ], [ -8636212.73908182606101, 4668676.31289414037019 ], [ -8637134.988094195723534, 4670455.316649902611971 ], [ -8636212.73908182606101, 4670455.316649902611971 ] ] ] } },
{ "type": "Feature", "properties": { "cell_id": "G0001" }, "geometry": { "type": "Polygon", "coordinates": [ [ [ -8636212.73908182606101, 4672955.316649902611971 ], [ -8636212.73908182606101, 4670455.316649902611971 ], [ -8637134.988094195723534, 4670455.316649902611971 ], [ -8638431.007016839459538, 4672955.316649902611971 ], [ -8636212.73908182606101, 4672955.316649902611971 ] ] ] } },
{ "type": "Feature", "properties": { "cell_id": "G0002" }, "geometry": { "type": "Polygon", "coordinates": [ [ [ -8638712.73908182606101, 4675455.316649902611971 ], [ -8636212.73908182606101, 4675455.316649902611971 ], [ -8636212.73908182606101, 4672955.316649902611971 ], [ -8638431.007016839459538, 4672955.316649902611971 ], [ -8638712.73908182606101, 4673498.773346529342234 ], [ -8638712.73908182606101, 4675455.316649902611971 ] ] ] } },
{ "type": "Feature", "properties": { "cell_id": "G0003" }, "geometry": { "type": "Polygon", "coordinates": [ [ [ -8638712.73908182606101, 4675455.316649902611971 ], [ -8638712.73908182606101, 4673498.773346529342234 ], [ -8639727.025939485058188, 4675455.316649902611971 ], [ -8638712.73908182606101, 4675455.316649902611971 ] ] ] } },
{ "type": "Feature", "properties": { "cell_id": "G0004" }, "geometry": { "type": "Polygon", "coordinates": [ [ [ -8638712.73908182606101, 4675455.316649902611971 ], [ -8638712.73908182606101, 4677955.316649902611971 ], [ -8636212.73908182606101, 4677955.316649902611971 ], [ -8636212.73908182606101, 4675455.316649902611971 ], [ -8638712.73908182606101, 4675455.316649902611971 ] ] ] } },
{ "type": "Feature", "properties": { "cell_id": "G0005" }, "geometry": { "type": "Polygon", "coordinates": [ [ [ -8638712.73908182606101, 4677955.316649902611971 ], [ -8638712.73908182606101, 4675455.316649902611971 ], [ -8639727.025939485058188, 4675455.316649902611971 ], [ -8639868.582005947828293, 4675728.376062829047441 ], [ -8640578.91167669929564, 4677099.526757620275021 ], [ -8641023.467122968286276, 4677955.316649902611971 ], [ -8638712.73908182606101, 4677955.316649902611971 ] ] ] } },
{ "type": "Feature", "properties": { "cell_id": "G0006" }, "geometry": { "type": "Polygon", "coordinates": [ [ [ -8641212.73908182606101, 4680455.316649902611971 ], [ -8641212.73908182606101, 4678319.752295990474522 ], [ -8642320.960964391008019, 4680455.316649902611971 ], [ -8641212.73908182606101, 4680455.316649902611971 ] ] ] } },
{ "type": "Feature", "properties": { "cell_id": "G0007" }, "geometry": { "type": "Polygon", "coordinates": [ [ [ -8638712.73908182606101, 4677955.316649902611971 ], [ -8638712.73908182606101, 4680455.316649902611971 ], [ -8636212.73908182606101, 4680455.316649902611971 ], [ -8636212.73908182606101, 4677955.316649902611971 ], [ -8638712.73908182606101, 4677955.316649902611971 ] ] ] } },
{ "type": "Feature", "properties": { "cell_id": "G0008" }, "geometry": { "type": "Polygon", "coordinates": [ [ [ -8641212.73908182606101, 4680455.316649902611971 ], [ -8638712.73908182606101, 4680455.316649902611971 ], [ -8638712.73908182606101, 4677955.316649902611971 ], [ -8641023.467122968286276, 4677955.316649902611971 ], [ -8641173.023799063637853, 4678243.220201193355024 ], [ -8641212.73908182606101, 4678319.752295990474522 ], [ -8641212.73908182606101, 4680455.316649902611971 ] ] ] } },
{ "type": "Feature", "properties": { "cell_id": "G0009" }, "geometry": { "type": "Polygon", "coordinates": [ [ [ -8638712.73908182606101, 4680455.316649902611971 ], [ -8638712.73908182606101, 4682955.316649902611971 ], [ -8636212.73908182606101, 4682955.316649902611971 ], [ -8636212.73908182606101, 4680455.316649902611971 ], [ -8638712.73908182606101, 4680455.316649902611971 ] ] ] } },
{ "type": "Feature", "properties": { "cell_id": "G0010" }, "geometry": { "type": "Polygon", "coordinates": [ [ [ -8641212.73908182606101, 4682955.316649902611971 ], [ -8641212.73908182606101, 4680455.316649902611971 ], [ -8642320.960964391008019, 4680455.316649902611971 ], [ -8643108.535785486921668, 4681972.988102193921804 ], [ -8643618.513528048992157, 4682955.316649902611971 ], [ -8641212.73908182606101, 4682955.316649902611971 ] ] ] } },
{ "type": "Feature", "properties": { "cell_id": "G0011" }, "geometry": { "type": "Polygon", "coordinates": [ [ [ -8641212.73908182606101, 4680455.316649902611971 ], [ -8641212.73908182606101, 4682955.316649902611971 ], [ -8638712.73908182606101, 4682955.316649902611971 ], [ -8638712.73908182606101, 4680455.316649902611971 ], [ -8641212.73908182606101, 4680455.316649902611971 ] ] ] } },
{ "type": "Feature", "properties": { "cell_id": "G0012" }, "geometry": { "type": "Polygon", "coordinates": [ [ [ -8638712.73908182606101, 4682955.316649902611971 ], [ -8638712.73908182606101, 4685455.316649902611971 ], [ -8636212.73908182606101, 4685455.316649902611971 ], [ -8636212.73908182606101, 4682955.316649902611971 ], [ -8638712.73908182606101, 4682955.316649902611971 ] ] ] } },
{ "type": "Feature", "properties": { "cell_id": "G0013" }, "geometry": { "type": "MultiPolygon", "coordinates": [ [ [ [ -8616212.73908182606101, 4657046.852646544575691 ], [ -8616248.589810449630022, 4657030.655117229558527 ], [ -8616212.73908182606101, 4657129.387357120402157 ], [ -8616212.73908182606101, 4657046.852646544575691 ] ] ], [ [ [ -8616212.73908182606101, 4657955.316649902611971 ], [ -8616212.73908182606101, 4657347.246743822470307 ], [ -8616473.789140325039625, 4657656.379628248512745 ], [ -8616875.545474678277969, 4657955.316649902611971 ], [ -8616212.73908182606101, 4657955.316649902611971 ] ] ], [ [ [ -8617009.108962507918477, 4657955.316649902611971 ], [ -8617161.854912918061018, 4657913.455880913883448 ], [ -8617172.667703203856945, 4657955.316649902611971 ], [ -8617009.108962507918477, 4657955.316649902611971 ] ] ] ] } },
{ "type": "Feature", "properties": { "cell_id": "G0014" }, "geometry": { "type": "Polygon", "coordinates": [ [ [ -8618712.73908182606101, 4660455.316649902611971 ], [ -8618712.73908182606101, 4659281.58567142765969 ], [ -8618718.88063064403832, 4659279.655484555289149 ], [ -8618734.242720372974873, 4659458.896414223127067 ], [ -8619018.997977823019028, 4659551.294275689870119 ], [ -8619096.031065450981259, 4659496.054775919765234 ], [ -8619358.85638321377337, 4659679.428284254856408 ], [ -8619500.900053467601538, 4659700.35699144937098 ], [ -8619711.739169027656317, 4659942.535145866684616 ], [ -8619823.837896257638931, 4660258.756404123269022 ], [ -8620084.436824204400182, 4660330.943356608971953 ], [ -8620132.466842006891966, 4660455.316649902611971 ], [ -8618712.73908182606101, 4660455.316649902611971 ] ] ] } },
{ "type": "Feature", "properties": { "cell_id": "G0015" }, "geometry": { "type": "Polygon", "coordinates": [ [ [ -8631212.73908182606101, 4660455.316649902611971 ], [ -8628712.73908182606101, 4660455.316649902611971 ], [ -8628712.73908182606101, 4660296.44458394497633 ], [ -8630747.953486274927855, 4658348.763619101606309 ], [ -8630914.264805518090725, 4658444.710326574742794 ], [ -8631212.73908182606101, 4659021.247013952583075 ], [ -8631212.73908182606101, 4660455.316649902611971 ] ] ] } },
{ "type": "Feature", "properties": { "cell_id": "G0016" }, "geometry": { "type": "Polygon", "coordinates": [ [ [ -8628712.73908182606101, 4660455.316649902611971 ], [ -8628546.726925350725651, 4660455.316649902611971 ], [ -8628712.73908182606101, 4660296.44458394497633 ], [ -8628712.73908182606101, 4660455.316649902611971 ] ] ] } },
{ "type": "Feature", "properties": { "cell_id": "G0017" }, "geometry": { "type": "Polygon", "coordinates": [ [ [ -8628712.73908182606101, 4660455.316649902611971 ], [ -8628712.73908182606101, 4662955.316649902611971 ], [ -8626584.480781618505716, 4662955.316649902611971 ], [ -8626910.436680156737566, 4662610.291235014796257 ], [ -8626928.581757156178355, 4662227.350352196022868 ], [ -8627212.891736641526222, 4661731.784328986890614 ], [ -8628546.726925350725651, 4660455.316649902611971 ], [ -8628712.73908182606101, 4660455.316649902611971 ] ] ] } },
{ "type": "Feature", "properties": { "cell_id": "G0018" }, "geometry": { "type": "Polygon", "coordinates": [ [ [ -8623712.73908182606101, 4662955.316649902611971 ], [ -8623712.73908182606101, 4662196.248666298575699 ], [ -8623745.957515377551317, 4662225.926277496851981 ], [ -8623781.134474467486143, 4662434.697744799777865 ], [ -8623947.779752185568213, 4662504.19424011465162 ], [ -8624037.83722023665905, 4662677.510303404182196 ], [ -8624086.457388741895556, 4662955.316649902611971 ], [ -8623712.73908182606101, 4662955.316649902611971 ] ] ] } },
{ "type": "Feature", "properties": { "cell_id": "G0019" }, "geometry": { "type": "Polygon", "coordinates": [ [ [ -8618712.73908182606101, 4660455.316649902611971 ], [ -8616212.73908182606101, 4660455.316649902611971 ], [ -8616212.73908182606101, 4657955.316649902611971 ], [ -8616875.545474678277969, 4657955.316649902611971 ], [ -8616911.497378123924136, 4657982.067578313872218 ], [ -8617009.108962507918477, 4657955.316649902611971 ], [ -8617172.667703203856945, 4657955.316649902611971 ], [ -8617230.650358226150274, 4658179.791412007063627 ], [ -8617484.458797236904502, 4658360.151905279606581 ], [ -8617771.440444501116872, 4658297.089429788291454 ], [ -8617870.737430289387703, 4658536.387249544262886 ], [ -8618190.780966319143772, 4658658.387161494232714 ], [ -8618390.822091273963451, 4659056.284963855519891 ], [ -8618600.881970401853323, 4659041.906276484951377 ], [ -8618463.847677236422896, 4659359.808109457604587 ], [ -8618712.73908182606101, 4659281.58567142765969 ], [ -8618712.73908182606101, 4660455.316649902611971 ] ] ] } },
{ "type": "Feature", "properties": { "cell_id": "G0020" }, "geometry": { "type": "Polygon", "coordinates": [ [ [ -8621212.73908182606101, 4662955.316649902611971 ], [ -8618712.73908182606101, 4662955.316649902611971 ], [ -8618712.73908182606101, 4660455.316649902611971 ], [ -8620132.466842006891966, 4660455.316649902611971 ], [ -8620211.452363200485706, 4660659.848937060683966 ], [ -8620347.484780948609114, 4660753.681515484116971 ], [ -8620599.957386067137122, 4660740.297149695456028 ], [ -8620778.291210317984223, 4660936.650399630889297 ], [ -8621135.404136782512069, 4661084.594170552678406 ], [ -8621212.73908182606101, 4661197.01682186871767 ], [ -8621212.73908182606101, 4662955.316649902611971 ] ] ] } },
{ "type": "Feature", "properties": { "cell_id": "G0021" }, "geometry": { "type": "Polygon", "coordinates": [ [ [ -8623712.73908182606101, 4662955.316649902611971 ], [ -8621212.73908182606101, 4662955.316649902611971 ], [ -8621212.73908182606101, 4661197.01682186871767 ], [ -8621319.749213539063931, 4661352.578615027479827 ], [ -8621317.745462702587247, 4661602.343021163716912 ], [ -8621423.610298447310925, 4661819.930667641572654 ], [ -8621560.199313649907708, 4661870.341031529940665 ], [ -8622662.039633523672819, 4661701.310650336556137 ], [ -8622709.239097619429231, 4661614.446924412623048 ], [ -8622978.298306865617633, 4661603.197413864545524 ], [ -8623261.829049916937947, 4661498.96203117724508 ], [ -8623419.680087860673666, 4661812.810579772107303 ], [ -8623554.376671720296144, 4661879.169990888796747 ], [ -8623587.995157942175865, 4662084.801458329893649 ], [ -8623712.73908182606101, 4662196.248666298575699 ], [ -8623712.73908182606101, 4662955.316649902611971 ] ] ] } },
{ "type": "Feature", "properties": { "cell_id": "G0022" }, "geometry": { "type": "Polygon", "coordinates": [ [ [ -8618712.73908182606101, 4660455.316649902611971 ], [ -8618712.73908182606101, 4662955.316649902611971 ], [ -8616212.73908182606101, 4662955.316649902611971 ], [ -8616212.73908182606101, 4660455.316649902611971 ], [ -8618712.73908182606101, 4660455.316649902611971 ] ] ] } },
{ "type": "Feature", "properties": { "cell_id": "G0023" }, "geometry": { "type": "Polygon", "coordinates": [ [ [ -8621212.73908182606101, 4662955.316649902611971 ], [ -8621212.73908182606101, 4665455.316649902611971 ], [ -8618712.73908182606101, 4665455.316649902611971 ], [ -8618712.73908182606101, 4662955.316649902611971 ], [ -8621212.73908182606101, 4662955.316649902611971 ] ] ] } },
{ "type": "Feature", "properties": { "cell_id": "G0024" }, "geometry": { "type": "Polygon", "coordinates": [ [ [ -8623712.73908182606101, 4662955.316649902611971 ], [ -8623712.73908182606101, 4665455.316649902611971 ], [ -8621212.73908182606101, 4665455.316649902611971 ], [ -8621212.73908182606101, 4662955.316649902611971 ], [ -8623712.73908182606101, 4662955.316649902611971 ] ] ] } },
{ "type": "Feature", "properties": { "cell_id": "G0025" }, "geometry": { "type": "Polygon", "coordinates": [ [ [ -8618712.73908182606101, 4662955.316649902611971 ], [ -8618712.73908182606101, 4665455.316649902611971 ], [ -8616212.73908182606101, 4665455.316649902611971 ], [ -8616212.73908182606101, 4662955.316649902611971 ], [ -8618712.73908182606101, 4662955.316649902611971 ] ] ] } },
{ "type": "Feature", "properties": { "cell_id": "G0026" }, "geometry": { "type": "Polygon", "coordinates": [ [ [ -8621212.73908182606101, 4665455.316649902611971 ], [ -8621212.73908182606101, 4667955.316649902611971 ], [ -8618712.73908182606101, 4667955.316649902611971 ], [ -8618712.73908182606101, 4665455.316649902611971 ], [ -8621212.73908182606101, 4665455.316649902611971 ] ] ] } },
{ "type": "Feature", "properties": { "cell_id": "G0027" }, "geometry": { "type": "Polygon", "coordinates": [ [ [ -8618712.73908182606101, 4665455.316649902611971 ], [ -8618712.73908182606101, 4667955.316649902611971 ], [ -8616212.73908182606101, 4667955.316649902611971 ], [ -8616212.73908182606101, 4665455.316649902611971 ], [ -8618712.73908182606101, 4665455.316649902611971 ] ] ] } },
{ "type": "Feature", "properties": { "cell_id": "G0028" }, "geometry": { "type": "Polygon", "coordinates": [ [ [ -8631212.73908182606101, 4660455.316649902611971 ], [ -8631212.73908182606101, 4659021.247013952583075 ], [ -8631955.159999933093786, 4660455.316649902611971 ], [ -8631212.73908182606101, 4660455.316649902611971 ] ] ] } },
{ "type": "Feature", "properties": { "cell_id": "G0029" }, "geometry": { "type": "Polygon", "coordinates": [ [ [ -8631212.73908182606101, 4660455.316649902611971 ], [ -8631212.73908182606101, 4662955.316649902611971 ], [ -8628712.73908182606101, 4662955.316649902611971 ], [ -8628712.73908182606101, 4660455.316649902611971 ], [ -8631212.73908182606101, 4660455.316649902611971 ] ] ] } },
{ "type": "Feature", "properties": { "cell_id": "G0030" }, "geometry": { "type": "Polygon", "coordinates": [ [ [ -8631212.73908182606101, 4662955.316649902611971 ], [ -8631212.73908182606101, 4660455.316649902611971 ], [ -8631955.159999933093786, 4660455.316649902611971 ], [ -8633249.41534760966897, 4662955.316649902611971 ], [ -8631212.73908182606101, 4662955.316649902611971 ] ] ] } },
{ "type": "Feature", "properties": { "cell_id": "G0031" }, "geometry": { "type": "Polygon", "coordinates": [ [ [ -8631212.73908182606101, 4662955.316649902611971 ], [ -8631212.73908182606101, 4665455.316649902611971 ], [ -8628712.73908182606101, 4665455.316649902611971 ], [ -8628712.73908182606101, 4662955.316649902611971 ], [ -8631212.73908182606101, 4662955.316649902611971 ] ] ] } },
{ "type": "Feature", "properties": { "cell_id": "G0032" }, "geometry": { "type": "Polygon", "coordinates": [ [ [ -8633712.73908182606101, 4665455.316649902611971 ], [ -8633712.73908182606101, 4663850.278635281138122 ], [ -8634142.752677505835891, 4664680.898335737176239 ], [ -8634543.9369344599545, 4665455.316649902611971 ], [ -8633712.73908182606101, 4665455.316649902611971 ] ] ] } },
{ "type": "Feature", "properties": { "cell_id": "G0033" }, "geometry": { "type": "Polygon", "coordinates": [ [ [ -8633712.73908182606101, 4665455.316649902611971 ], [ -8631212.73908182606101, 4665455.316649902611971 ], [ -8631212.73908182606101, 4662955.316649902611971 ], [ -8633249.41534760966897, 4662955.316649902611971 ], [ -8633712.73908182606101, 4663850.278635281138122 ], [ -8633712.73908182606101, 4665455.316649902611971 ] ] ] } },
{ "type": "Feature", "properties": { "cell_id": "G0034" }, "geometry": { "type": "Polygon", "coordinates": [ [ [ -8633712.73908182606101, 4665455.316649902611971 ], [ -8633712.73908182606101, 4667955.316649902611971 ], [ -8631212.73908182606101, 4667955.316649902611971 ], [ -8631212.73908182606101, 4665455.316649902611971 ], [ -8633712.73908182606101, 4665455.316649902611971 ] ] ] } },
{ "type": "Feature", "properties": { "cell_id": "G0035" }, "geometry": { "type": "Polygon", "coordinates": [ [ [ -8631212.73908182606101, 4665455.316649902611971 ], [ -8631212.73908182606101, 4667955.316649902611971 ], [ -8628712.73908182606101, 4667955.316649902611971 ], [ -8628712.73908182606101, 4665455.316649902611971 ], [ -8631212.73908182606101, 4665455.316649902611971 ] ] ] } },
{ "type": "Feature", "properties": { "cell_id": "G0036" }, "geometry": { "type": "Polygon", "coordinates": [ [ [ -8628712.73908182606101, 4662955.316649902611971 ], [ -8628712.73908182606101, 4665455.316649902611971 ], [ -8626212.73908182606101, 4665455.316649902611971 ], [ -8626212.73908182606101, 4663252.033277577720582 ], [ -8626350.054363504052162, 4663203.457801920361817 ], [ -8626584.480781618505716, 4662955.316649902611971 ], [ -8628712.73908182606101, 4662955.316649902611971 ] ] ] } },
{ "type": "Feature", "properties": { "cell_id": "G0037" }, "geometry": { "type": "Polygon", "coordinates": [ [ [ -8626212.73908182606101, 4665455.316649902611971 ], [ -8623712.73908182606101, 4665455.316649902611971 ], [ -8623712.73908182606101, 4662955.316649902611971 ], [ -8624086.457388741895556, 4662955.316649902611971 ], [ -8624100.398774061352015, 4663034.975059975869954 ], [ -8624336.618733525276184, 4663123.844731749966741 ], [ -8624683.156308365985751, 4663437.173454509116709 ], [ -8625030.695758620277047, 4663377.212987876497209 ], [ -8625140.34545705281198, 4663477.764468791894615 ], [ -8625434.785510201007128, 4663262.42029635142535 ], [ -8625600.651551483199, 4663435.891635629348457 ], [ -8625866.927773460745811, 4663374.364518400281668 ], [ -8626212.73908182606101, 4663252.033277577720582 ], [ -8626212.73908182606101, 4665455.316649902611971 ] ] ] } },
{ "type": "Feature", "properties": { "cell_id": "G0038" }, "geometry": { "type": "Polygon", "coordinates": [ [ [ -8626212.73908182606101, 4665455.316649902611971 ], [ -8626212.73908182606101, 4667955.316649902611971 ], [ -8623712.73908182606101, 4667955.316649902611971 ], [ -8623712.73908182606101, 4665455.316649902611971 ], [ -8626212.73908182606101, 4665455.316649902611971 ] ] ] } },
{ "type": "Feature", "properties": { "cell_id": "G0039" }, "geometry": { "type": "Polygon", "coordinates": [ [ [ -8628712.73908182606101, 4665455.316649902611971 ], [ -8628712.73908182606101, 4667955.316649902611971 ], [ -8626212.73908182606101, 4667955.316649902611971 ], [ -8626212.73908182606101, 4665455.316649902611971 ], [ -8628712.73908182606101, 4665455.316649902611971 ] ] ] } },
{ "type": "Feature", "properties": { "cell_id": "G0040" }, "geometry": { "type": "Polygon", "coordinates": [ [ [ -8628712.73908182606101, 4667955.316649902611971 ], [ -8628712.73908182606101, 4670455.316649902611971 ], [ -8626212.73908182606101, 4670455.316649902611971 ], [ -8626212.73908182606101, 4667955.316649902611971 ], [ -8628712.73908182606101, 4667955.316649902611971 ] ] ] } },
{ "type": "Feature", "properties": { "cell_id": "G0041" }, "geometry": { "type": "Polygon", "coordinates": [ [ [ -8626212.73908182606101, 4667955.316649902611971 ], [ -8626212.73908182606101, 4670455.316649902611971 ], [ -8623712.73908182606101, 4670455.316649902611971 ], [ -8623712.73908182606101, 4667955.316649902611971 ], [ -8626212.73908182606101, 4667955.316649902611971 ] ] ] } },
{ "type": "Feature", "properties": { "cell_id": "G0042" }, "geometry": { "type": "Polygon", "coordinates": [ [ [ -8631212.73908182606101, 4670455.316649902611971 ], [ -8631212.73908182606101, 4672955.316649902611971 ], [ -8628712.73908182606101, 4672955.316649902611971 ], [ -8628712.73908182606101, 4670455.316649902611971 ], [ -8631212.73908182606101, 4670455.316649902611971 ] ] ] } },
{ "type": "Feature", "properties": { "cell_id": "G0043" }, "geometry": { "type": "Polygon", "coordinates": [ [ [ -8628712.73908182606101, 4670455.316649902611971 ], [ -8628712.73908182606101, 4672955.316649902611971 ], [ -8626212.73908182606101, 4672955.316649902611971 ], [ -8626212.73908182606101, 4670455.316649902611971 ], [ -8628712.73908182606101, 4670455.316649902611971 ] ] ] } },
{ "type": "Feature", "properties": { "cell_id": "G0044" }, "geometry": { "type": "Polygon", "coordinates": [ [ [ -8626212.73908182606101, 4670455.316649902611971 ], [ -8626212.73908182606101, 4672955.316649902611971 ], [ -8623712.73908182606101, 4672955.316649902611971 ], [ -8623712.73908182606101, 4670455.316649902611971 ], [ -8626212.73908182606101, 4670455.316649902611971 ] ] ] } },
{ "type": "Feature", "properties": { "cell_id": "G0045" }, "geometry": { "type": "Polygon", "coordinates": [ [ [ -8631212.73908182606101, 4672955.316649902611971 ], [ -8631212.73908182606101, 4675455.316649902611971 ], [ -8628712.73908182606101, 4675455.316649902611971 ], [ -8628712.73908182606101, 4672955.316649902611971 ], [ -8631212.73908182606101, 4672955.316649902611971 ] ] ] } },
{ "type": "Feature", "properties": { "cell_id": "G0046" }, "geometry": { "type": "Polygon", "coordinates": [ [ [ -8623712.73908182606101, 4665455.316649902611971 ], [ -8623712.73908182606101, 4667955.316649902611971 ], [ -8621212.73908182606101, 4667955.316649902611971 ], [ -8621212.73908182606101, 4665455.316649902611971 ], [ -8623712.73908182606101, 4665455.316649902611971 ] ] ] } },
{ "type": "Feature", "properties": { "cell_id": "G0047" }, "geometry": { "type": "Polygon", "coordinates": [ [ [ -8623712.73908182606101, 4667955.316649902611971 ], [ -8623712.73908182606101, 4670455.316649902611971 ], [ -8621212.73908182606101, 4670455.316649902611971 ], [ -8621212.73908182606101, 4667955.316649902611971 ], [ -8623712.73908182606101, 4667955.316649902611971 ] ] ] } },
{ "type": "Feature", "properties": { "cell_id": "G0048" }, "geometry": { "type": "Polygon", "coordinates": [ [ [ -8621212.73908182606101, 4667955.316649902611971 ], [ -8621212.73908182606101, 4670455.316649902611971 ], [ -8618712.73908182606101, 4670455.316649902611971 ], [ -8618712.73908182606101, 4667955.316649902611971 ], [ -8621212.73908182606101, 4667955.316649902611971 ] ] ] } },
{ "type": "Feature", "properties": { "cell_id": "G0049" }, "geometry": { "type": "Polygon", "coordinates": [ [ [ -8618712.73908182606101, 4667955.316649902611971 ], [ -8618712.73908182606101, 4670455.316649902611971 ], [ -8616212.73908182606101, 4670455.316649902611971 ], [ -8616212.73908182606101, 4667955.316649902611971 ], [ -8618712.73908182606101, 4667955.316649902611971 ] ] ] } },
{ "type": "Feature", "properties": { "cell_id": "G0050" }, "geometry": { "type": "Polygon", "coordinates": [ [ [ -8621212.73908182606101, 4670455.316649902611971 ], [ -8621212.73908182606101, 4672955.316649902611971 ], [ -8618712.73908182606101, 4672955.316649902611971 ], [ -8618712.73908182606101, 4670455.316649902611971 ], [ -8621212.73908182606101, 4670455.316649902611971 ] ] ] } },
{ "type": "Feature", "properties": { "cell_id": "G0051" }, "geometry": { "type": "Polygon", "coordinates": [ [ [ -8618712.73908182606101, 4670455.316649902611971 ], [ -8618712.73908182606101, 4672955.316649902611971 ], [ -8616212.73908182606101, 4672955.316649902611971 ], [ -8616212.73908182606101, 4670455.316649902611971 ], [ -8618712.73908182606101, 4670455.316649902611971 ] ] ] } },
{ "type": "Feature", "properties": { "cell_id": "G0052" }, "geometry": { "type": "Polygon", "coordinates": [ [ [ -8623712.73908182606101, 4670455.316649902611971 ], [ -8623712.73908182606101, 4672955.316649902611971 ], [ -8621212.73908182606101, 4672955.316649902611971 ], [ -8621212.73908182606101, 4670455.316649902611971 ], [ -8623712.73908182606101, 4670455.316649902611971 ] ] ] } },
{ "type": "Feature", "properties": { "cell_id": "G0053" }, "geometry": { "type": "Polygon", "coordinates": [ [ [ -8621212.73908182606101, 4672955.316649902611971 ], [ -8621212.73908182606101, 4675455.316649902611971 ], [ -8618712.73908182606101, 4675455.316649902611971 ], [ -8618712.73908182606101, 4672955.316649902611971 ], [ -8621212.73908182606101, 4672955.316649902611971 ] ] ] } },
{ "type": "Feature", "properties": { "cell_id": "G0054" }, "geometry": { "type": "Polygon", "coordinates": [ [ [ -8623712.73908182606101, 4672955.316649902611971 ], [ -8623712.73908182606101, 4675455.316649902611971 ], [ -8621212.73908182606101, 4675455.316649902611971 ], [ -8621212.73908182606101, 4672955.316649902611971 ], [ -8623712.73908182606101, 4672955.316649902611971 ] ] ] } },
{ "type": "Feature", "properties": { "cell_id": "G0055" }, "geometry": { "type": "Polygon", "coordinates": [ [ [ -8618712.73908182606101, 4672955.316649902611971 ], [ -8618712.73908182606101, 4675455.316649902611971 ], [ -8616212.73908182606101, 4675455.316649902611971 ], [ -8616212.73908182606101, 4672955.316649902611971 ], [ -8618712.73908182606101, 4672955.316649902611971 ] ] ] } },
{ "type": "Feature", "properties": { "cell_id": "G0056" }, "geometry": { "type": "Polygon", "coordinates": [ [ [ -8633712.73908182606101, 4667955.316649902611971 ], [ -8633712.73908182606101, 4665455.316649902611971 ], [ -8634543.9369344599545, 4665455.316649902611971 ], [ -8635716.364999359473586, 4667718.490614889189601 ], [ -8635839.0847790222615, 4667955.316649902611971 ], [ -8633712.73908182606101, 4667955.316649902611971 ] ] ] } },
{ "type": "Feature", "properties": { "cell_id": "G0057" }, "geometry": { "type": "Polygon", "coordinates": [ [ [ -8636212.73908182606101, 4670455.316649902611971 ], [ -8633712.73908182606101, 4670455.316649902611971 ], [ -8633712.73908182606101, 4667955.316649902611971 ], [ -8635839.0847790222615, 4667955.316649902611971 ], [ -8636108.654884913936257, 4668475.536124809645116 ], [ -8636212.73908182606101, 4668676.31289414037019 ], [ -8636212.73908182606101, 4670455.316649902611971 ] ] ] } },
{ "type": "Feature", "properties": { "cell_id": "G0058" }, "geometry": { "type": "Polygon", "coordinates": [ [ [ -8631212.73908182606101, 4667955.316649902611971 ], [ -8631212.73908182606101, 4670455.316649902611971 ], [ -8628712.73908182606101, 4670455.316649902611971 ], [ -8628712.73908182606101, 4667955.316649902611971 ], [ -8631212.73908182606101, 4667955.316649902611971 ] ] ] } },
{ "type": "Feature", "properties": { "cell_id": "G0059" }, "geometry": { "type": "Polygon", "coordinates": [ [ [ -8633712.73908182606101, 4667955.316649902611971 ], [ -8633712.73908182606101, 4670455.316649902611971 ], [ -8631212.73908182606101, 4670455.316649902611971 ], [ -8631212.73908182606101, 4667955.316649902611971 ], [ -8633712.73908182606101, 4667955.316649902611971 ] ] ] } },
{ "type": "Feature", "properties": { "cell_id": "G0060" }, "geometry": { "type": "Polygon", "coordinates": [ [ [ -8633712.73908182606101, 4670455.316649902611971 ], [ -8633712.73908182606101, 4672955.316649902611971 ], [ -8631212.73908182606101, 4672955.316649902611971 ], [ -8631212.73908182606101, 4670455.316649902611971 ], [ -8633712.73908182606101, 4670455.316649902611971 ] ] ] } },
{ "type": "Feature", "properties": { "cell_id": "G0061" }, "geometry": { "type": "Polygon", "coordinates": [ [ [ -8636212.73908182606101, 4670455.316649902611971 ], [ -8636212.73908182606101, 4672955.316649902611971 ], [ -8633712.73908182606101, 4672955.316649902611971 ], [ -8633712.73908182606101, 4670455.316649902611971 ], [ -8636212.73908182606101, 4670455.316649902611971 ] ] ] } },
{ "type": "Feature", "properties": { "cell_id": "G0062" }, "geometry": { "type": "Polygon", "coordinates": [ [ [ -8633712.73908182606101, 4672955.316649902611971 ], [ -8633712.73908182606101, 4675455.316649902611971 ], [ -8631212.73908182606101, 4675455.316649902611971 ], [ -8631212.73908182606101, 4672955.316649902611971 ], [ -8633712.73908182606101, 4672955.316649902611971 ] ] ] } },
{ "type": "Feature", "properties": { "cell_id": "G0063" }, "geometry": { "type": "Polygon", "coordinates": [ [ [ -8636212.73908182606101, 4672955.316649902611971 ], [ -8636212.73908182606101, 4675455.316649902611971 ], [ -8633712.73908182606101, 4675455.316649902611971 ], [ -8633712.73908182606101, 4672955.316649902611971 ], [ -8636212.73908182606101, 4672955.316649902611971 ] ] ] } },
{ "type": "Feature", "properties": { "cell_id": "G0064" }, "geometry": { "type": "Polygon", "coordinates": [ [ [ -8633712.73908182606101, 4675455.316649902611971 ], [ -8633712.73908182606101, 4677955.316649902611971 ], [ -8631212.73908182606101, 4677955.316649902611971 ], [ -8631212.73908182606101, 4675455.316649902611971 ], [ -8633712.73908182606101, 4675455.316649902611971 ] ] ] } },
{ "type": "Feature", "properties": { "cell_id": "G0065" }, "geometry": { "type": "Polygon", "coordinates": [ [ [ -8636212.73908182606101, 4675455.316649902611971 ], [ -8636212.73908182606101, 4677955.316649902611971 ], [ -8633712.73908182606101, 4677955.316649902611971 ], [ -8633712.73908182606101, 4675455.316649902611971 ], [ -8636212.73908182606101, 4675455.316649902611971 ] ] ] } },
{ "type": "Feature", "properties": { "cell_id": "G0066" }, "geometry": { "type": "Polygon", "coordinates": [ [ [ -8628712.73908182606101, 4672955.316649902611971 ], [ -8628712.73908182606101, 4675455.316649902611971 ], [ -8626212.73908182606101, 4675455.316649902611971 ], [ -8626212.73908182606101, 4672955.316649902611971 ], [ -8628712.73908182606101, 4672955.316649902611971 ] ] ] } },
{ "type": "Feature", "properties": { "cell_id": "G0067" }, "geometry": { "type": "Polygon", "coordinates": [ [ [ -8626212.73908182606101, 4672955.316649902611971 ], [ -8626212.73908182606101, 4675455.316649902611971 ], [ -8623712.73908182606101, 4675455.316649902611971 ], [ -8623712.73908182606101, 4672955.316649902611971 ], [ -8626212.73908182606101, 4672955.316649902611971 ] ] ] } },
{ "type": "Feature", "properties": { "cell_id": "G0068" }, "geometry": { "type": "Polygon", "coordinates": [ [ [ -8631212.73908182606101, 4675455.316649902611971 ], [ -8631212.73908182606101, 4677955.316649902611971 ], [ -8628712.73908182606101, 4677955.316649902611971 ], [ -8628712.73908182606101, 4675455.316649902611971 ], [ -8631212.73908182606101, 4675455.316649902611971 ] ] ] } },
{ "type": "Feature", "properties": { "cell_id": "G0069" }, "geometry": { "type": "Polygon", "coordinates": [ [ [ -8626212.73908182606101, 4675455.316649902611971 ], [ -8626212.73908182606101, 4677955.316649902611971 ], [ -8623712.73908182606101, 4677955.316649902611971 ], [ -8623712.73908182606101, 4675455.316649902611971 ], [ -8626212.73908182606101, 4675455.316649902611971 ] ] ] } },
{ "type": "Feature", "properties": { "cell_id": "G0070" }, "geometry": { "type": "Polygon", "coordinates": [ [ [ -8628712.73908182606101, 4675455.316649902611971 ], [ -8628712.73908182606101, 4677955.316649902611971 ], [ -8626212.73908182606101, 4677955.316649902611971 ], [ -8626212.73908182606101, 4675455.316649902611971 ], [ -8628712.73908182606101, 4675455.316649902611971 ] ] ] } },
{ "type": "Feature", "properties": { "cell_id": "G0071" }, "geometry": { "type": "Polygon", "coordinates": [ [ [ -8626212.73908182606101, 4677955.316649902611971 ], [ -8626212.73908182606101, 4680455.316649902611971 ], [ -8623712.73908182606101, 4680455.316649902611971 ], [ -8623712.73908182606101, 4677955.316649902611971 ], [ -8626212.73908182606101, 4677955.316649902611971 ] ] ] } },
{ "type": "Feature", "properties": { "cell_id": "G0072" }, "geometry": { "type": "Polygon", "coordinates": [ [ [ -8631212.73908182606101, 4677955.316649902611971 ], [ -8631212.73908182606101, 4680455.316649902611971 ], [ -8628712.73908182606101, 4680455.316649902611971 ], [ -8628712.73908182606101, 4677955.316649902611971 ], [ -8631212.73908182606101, 4677955.316649902611971 ] ] ] } },
{ "type": "Feature", "properties": { "cell_id": "G0073" }, "geometry": { "type": "Polygon", "coordinates": [ [ [ -8628712.73908182606101, 4677955.316649902611971 ], [ -8628712.73908182606101, 4680455.316649902611971 ], [ -8626212.73908182606101, 4680455.316649902611971 ], [ -8626212.73908182606101, 4677955.316649902611971 ], [ -8628712.73908182606101, 4677955.316649902611971 ] ] ] } },
{ "type": "Feature", "properties": { "cell_id": "G0074" }, "geometry": { "type": "Polygon", "coordinates": [ [ [ -8628712.73908182606101, 4680455.316649902611971 ], [ -8628712.73908182606101, 4682955.316649902611971 ], [ -8626212.73908182606101, 4682955.316649902611971 ], [ -8626212.73908182606101, 4680455.316649902611971 ], [ -8628712.73908182606101, 4680455.316649902611971 ] ] ] } },
{ "type": "Feature", "properties": { "cell_id": "G0075" }, "geometry": { "type": "Polygon", "coordinates": [ [ [ -8626212.73908182606101, 4680455.316649902611971 ], [ -8626212.73908182606101, 4682955.316649902611971 ], [ -8623712.73908182606101, 4682955.316649902611971 ], [ -8623712.73908182606101, 4680455.316649902611971 ], [ -8626212.73908182606101, 4680455.316649902611971 ] ] ] } },
{ "type": "Feature", "properties": { "cell_id": "G0076" }, "geometry": { "type": "Polygon", "coordinates": [ [ [ -8621212.73908182606101, 4675455.316649902611971 ], [ -8621212.73908182606101, 4677955.316649902611971 ], [ -8618712.73908182606101, 4677955.316649902611971 ], [ -8618712.73908182606101, 4675455.316649902611971 ], [ -8621212.73908182606101, 4675455.316649902611971 ] ] ] } },
{ "type": "Feature", "properties": { "cell_id": "G0077" }, "geometry": { "type": "Polygon", "coordinates": [ [ [ -8623712.73908182606101, 4675455.316649902611971 ], [ -8623712.73908182606101, 4677955.316649902611971 ], [ -8621212.73908182606101, 4677955.316649902611971 ], [ -8621212.73908182606101, 4675455.316649902611971 ], [ -8623712.73908182606101, 4675455.316649902611971 ] ] ] } },
{ "type": "Feature", "properties": { "cell_id": "G0078" }, "geometry": { "type": "Polygon", "coordinates": [ [ [ -8618712.73908182606101, 4675455.316649902611971 ], [ -8618712.73908182606101, 4677955.316649902611971 ], [ -8616212.73908182606101, 4677955.316649902611971 ], [ -8616212.73908182606101, 4675455.316649902611971 ], [ -8618712.73908182606101, 4675455.316649902611971 ] ] ] } },
{ "type": "Feature", "properties": { "cell_id": "G0079" }, "geometry": { "type": "Polygon", "coordinates": [ [ [ -8618712.73908182606101, 4677955.316649902611971 ], [ -8618712.73908182606101, 4680455.316649902611971 ], [ -8616212.73908182606101, 4680455.316649902611971 ], [ -8616212.73908182606101, 4677955.316649902611971 ], [ -8618712.73908182606101, 4677955.316649902611971 ] ] ] } },
{ "type": "Feature", "properties": { "cell_id": "G0080" }, "geometry": { "type": "Polygon", "coordinates": [ [ [ -8623712.73908182606101, 4677955.316649902611971 ], [ -8623712.73908182606101, 4680455.316649902611971 ], [ -8621212.73908182606101, 4680455.316649902611971 ], [ -8621212.73908182606101, 4677955.316649902611971 ], [ -8623712.73908182606101, 4677955.316649902611971 ] ] ] } },
{ "type": "Feature", "properties": { "cell_id": "G0081" }, "geometry": { "type": "Polygon", "coordinates": [ [ [ -8621212.73908182606101, 4677955.316649902611971 ], [ -8621212.73908182606101, 4680455.316649902611971 ], [ -8618712.73908182606101, 4680455.316649902611971 ], [ -8618712.73908182606101, 4677955.316649902611971 ], [ -8621212.73908182606101, 4677955.316649902611971 ] ] ] } },
{ "type": "Feature", "properties": { "cell_id": "G0082" }, "geometry": { "type": "Polygon", "coordinates": [ [ [ -8623712.73908182606101, 4680455.316649902611971 ], [ -8623712.73908182606101, 4682955.316649902611971 ], [ -8621212.73908182606101, 4682955.316649902611971 ], [ -8621212.73908182606101, 4680455.316649902611971 ], [ -8623712.73908182606101, 4680455.316649902611971 ] ] ] } },
{ "type": "Feature", "properties": { "cell_id": "G0083" }, "geometry": { "type": "Polygon", "coordinates": [ [ [ -8618712.73908182606101, 4680455.316649902611971 ], [ -8618712.73908182606101, 4682955.316649902611971 ], [ -8616212.73908182606101, 4682955.316649902611971 ], [ -8616212.73908182606101, 4680455.316649902611971 ], [ -8618712.73908182606101, 4680455.316649902611971 ] ] ] } },
{ "type": "Feature", "properties": { "cell_id": "G0084" }, "geometry": { "type": "Polygon", "coordinates": [ [ [ -8621212.73908182606101, 4680455.316649902611971 ], [ -8621212.73908182606101, 4682955.316649902611971 ], [ -8618712.73908182606101, 4682955.316649902611971 ], [ -8618712.73908182606101, 4680455.316649902611971 ], [ -8621212.73908182606101, 4680455.316649902611971 ] ] ] } },
{ "type": "Feature", "properties": { "cell_id": "G0085" }, "geometry": { "type": "Polygon", "coordinates": [ [ [ -8618712.73908182606101, 4682955.316649902611971 ], [ -8618712.73908182606101, 4685455.316649902611971 ], [ -8616212.73908182606101, 4685455.316649902611971 ], [ -8616212.73908182606101, 4682955.316649902611971 ], [ -8618712.73908182606101, 4682955.316649902611971 ] ] ] } },
{ "type": "Feature", "properties": { "cell_id": "G0086" }, "geometry": { "type": "Polygon", "coordinates": [ [ [ -8643712.73908182606101, 4685455.316649902611971 ], [ -8643712.73908182606101, 4683136.815652062185109 ], [ -8644845.342480843886733, 4685318.457239981740713 ], [ -8644916.615521032363176, 4685455.316649902611971 ], [ -8643712.73908182606101, 4685455.316649902611971 ] ] ] } },
{ "type": "Feature", "properties": { "cell_id": "G0087" }, "geometry": { "type": "Polygon", "coordinates": [ [ [ -8646212.73908182606101, 4687955.316649902611971 ], [ -8646212.73908182606101, 4687952.271553358994424 ], [ -8646214.321095721796155, 4687955.316649902611971 ], [ -8646212.73908182606101, 4687955.316649902611971 ] ] ] } },
{ "type": "Feature", "properties": { "cell_id": "G0088" }, "geometry": { "type": "Polygon", "coordinates": [ [ [ -8646212.73908182606101, 4687955.316649902611971 ], [ -8643712.73908182606101, 4687955.316649902611971 ], [ -8643712.73908182606101, 4685455.316649902611971 ], [ -8644916.615521032363176, 4685455.316649902611971 ], [ -8644962.116626683622599, 4685542.688459125347435 ], [ -8645364.981863863766193, 4686319.328802746720612 ], [ -8646154.237053589895368, 4687839.6655108705163 ], [ -8646212.73908182606101, 4687952.271553358994424 ], [ -8646212.73908182606101, 4687955.316649902611971 ] ] ] } },
{ "type": "Feature", "properties": { "cell_id": "G0089" }, "geometry": { "type": "Polygon", "coordinates": [ [ [ -8646212.73908182606101, 4690455.316649902611971 ], [ -8646212.73908182606101, 4687955.316649902611971 ], [ -8646214.321095721796155, 4687955.316649902611971 ], [ -8647268.545156430453062, 4689984.511242836713791 ], [ -8647281.792175836861134, 4690010.214436418376863 ], [ -8647513.152581745758653, 4690455.316649902611971 ], [ -8646212.73908182606101, 4690455.316649902611971 ] ] ] } },
{ "type": "Feature", "properties": { "cell_id": "G0090" }, "geometry": { "type": "Polygon", "coordinates": [ [ [ -8646212.73908182606101, 4687955.316649902611971 ], [ -8646212.73908182606101, 4690455.316649902611971 ], [ -8643712.73908182606101, 4690455.316649902611971 ], [ -8643712.73908182606101, 4687955.316649902611971 ], [ -8646212.73908182606101, 4687955.316649902611971 ] ] ] } },
{ "type": "Feature", "properties": { "cell_id": "G0091" }, "geometry": { "type": "Polygon", "coordinates": [ [ [ -8648712.73908182606101, 4692955.316649902611971 ], [ -8646212.73908182606101, 4692955.316649902611971 ], [ -8646212.73908182606101, 4690455.316649902611971 ], [ -8647513.152581745758653, 4690455.316649902611971 ], [ -8648712.73908182606101, 4692763.138527876697481 ], [ -8648712.73908182606101, 4692955.316649902611971 ] ] ] } },
{ "type": "Feature", "properties": { "cell_id": "G0092" }, "geometry": { "type": "Polygon", "coordinates": [ [ [ -8648712.73908182606101, 4692955.316649902611971 ], [ -8648712.73908182606101, 4692763.138527876697481 ], [ -8648812.631661489605904, 4692955.316649902611971 ], [ -8648712.73908182606101, 4692955.316649902611971 ] ] ] } },
{ "type": "Feature", "properties": { "cell_id": "G0093" }, "geometry": { "type": "Polygon", "coordinates": [ [ [ -8643712.73908182606101, 4685455.316649902611971 ], [ -8641212.73908182606101, 4685455.316649902611971 ], [ -8641212.73908182606101, 4682955.316649902611971 ], [ -8643618.513528048992157, 4682955.316649902611971 ], [ -8643712.73908182606101, 4683136.815652062185109 ], [ -8643712.73908182606101, 4685455.316649902611971 ] ] ] } },
{ "type": "Feature", "properties": { "cell_id": "G0094" }, "geometry": { "type": "Polygon", "coordinates": [ [ [ -8641212.73908182606101, 4682955.316649902611971 ], [ -8641212.73908182606101, 4685455.316649902611971 ], [ -8638712.73908182606101, 4685455.316649902611971 ], [ -8638712.73908182606101, 4682955.316649902611971 ], [ -8641212.73908182606101, 4682955.316649902611971 ] ] ] } },
{ "type": "Feature", "properties": { "cell_id": "G0095" }, "geometry": { "type": "Polygon", "coordinates": [ [ [ -8641212.73908182606101, 4685455.316649902611971 ], [ -8641212.73908182606101, 4687955.316649902611971 ], [ -8638712.73908182606101, 4687955.316649902611971 ], [ -8638712.73908182606101, 4685455.316649902611971 ], [ -8641212.73908182606101, 4685455.316649902611971 ] ] ] } },
{ "type": "Feature", "properties": { "cell_id": "G0096" }, "geometry": { "type": "Polygon", "coordinates": [ [ [ -8643712.73908182606101, 4685455.316649902611971 ], [ -8643712.73908182606101, 4687955.316649902611971 ], [ -8641212.73908182606101, 4687955.316649902611971 ], [ -8641212.73908182606101, 4685455.316649902611971 ], [ -8643712.73908182606101, 4685455.316649902611971 ] ] ] } },
{ "type": "Feature", "properties": { "cell_id": "G0097" }, "geometry": { "type": "Polygon", "coordinates": [ [ [ -8641212.73908182606101, 4687955.316649902611971 ], [ -8641212.73908182606101, 4690455.316649902611971 ], [ -8638712.73908182606101, 4690455.316649902611971 ], [ -8638712.73908182606101, 4687955.316649902611971 ], [ -8641212.73908182606101, 4687955.316649902611971 ] ] ] } },
{ "type": "Feature", "properties": { "cell_id": "G0098" }, "geometry": { "type": "Polygon", "coordinates": [ [ [ -8643712.73908182606101, 4687955.316649902611971 ], [ -8643712.73908182606101, 4690455.316649902611971 ], [ -8641212.73908182606101, 4690455.316649902611971 ], [ -8641212.73908182606101, 4687955.316649902611971 ], [ -8643712.73908182606101, 4687955.316649902611971 ] ] ] } },
{ "type": "Feature", "properties": { "cell_id": "G0099" }, "geometry": { "type": "Polygon", "coordinates": [ [ [ -8643712.73908182606101, 4690455.316649902611971 ], [ -8643712.73908182606101, 4692955.316649902611971 ], [ -8641212.73908182606101, 4692955.316649902611971 ], [ -8641212.73908182606101, 4690455.316649902611971 ], [ -8643712.73908182606101, 4690455.316649902611971 ] ] ] } },
{ "type": "Feature", "properties": { "cell_id": "G0100" }, "geometry": { "type": "Polygon", "coordinates": [ [ [ -8641212.73908182606101, 4690455.316649902611971 ], [ -8641212.73908182606101, 4692955.316649902611971 ], [ -8638712.73908182606101, 4692955.316649902611971 ], [ -8638712.73908182606101, 4690455.316649902611971 ], [ -8641212.73908182606101, 4690455.316649902611971 ] ] ] } },
{ "type": "Feature", "properties": { "cell_id": "G0101" }, "geometry": { "type": "Polygon", "coordinates": [ [ [ -8643712.73908182606101, 4692955.316649902611971 ], [ -8643712.73908182606101, 4695455.316649902611971 ], [ -8641212.73908182606101, 4695455.316649902611971 ], [ -8641212.73908182606101, 4692955.316649902611971 ], [ -8643712.73908182606101, 4692955.316649902611971 ] ] ] } },
{ "type": "Feature", "properties": { "cell_id": "G0102" }, "geometry": { "type": "Polygon", "coordinates": [ [ [ -8641212.73908182606101, 4692955.316649902611971 ], [ -8641212.73908182606101, 4695455.316649902611971 ], [ -8638712.73908182606101, 4695455.316649902611971 ], [ -8638712.73908182606101, 4692955.316649902611971 ], [ -8641212.73908182606101, 4692955.316649902611971 ] ] ] } },
{ "type": "Feature", "properties": { "cell_id": "G0103" }, "geometry": { "type": "Polygon", "coordinates": [ [ [ -8651212.73908182606101, 4697955.316649902611971 ], [ -8651212.73908182606101, 4697540.797392028383911 ], [ -8651273.820435173809528, 4697654.938917896710336 ], [ -8651234.085751015692949, 4697955.316649902611971 ], [ -8651212.73908182606101, 4697955.316649902611971 ] ] ] } },
{ "type": "Feature", "properties": { "cell_id": "G0104" }, "geometry": { "type": "Polygon", "coordinates": [ [ [ -8651212.73908182606101, 4697955.316649902611971 ], [ -8651234.085751015692949, 4697955.316649902611971 ], [ -8651213.819229634478688, 4698108.523145873099566 ], [ -8651267.475224198773503, 4698286.161044553853571 ], [ -8651293.301346061751246, 4699009.320797687396407 ], [ -8651268.477099614217877, 4699239.570792199112475 ], [ -8651212.73908182606101, 4699239.090860884636641 ], [ -8651212.73908182606101, 4697955.316649902611971 ] ] ] } },
{ "type": "Feature", "properties": { "cell_id": "G0105" }, "geometry": { "type": "Polygon", "coordinates": [ [ [ -8646212.73908182606101, 4690455.316649902611971 ], [ -8646212.73908182606101, 4692955.316649902611971 ], [ -8643712.73908182606101, 4692955.316649902611971 ], [ -8643712.73908182606101, 4690455.316649902611971 ], [ -8646212.73908182606101, 4690455.316649902611971 ] ] ] } },
{ "type": "Feature", "properties": { "cell_id": "G0106" }, "geometry": { "type": "Polygon", "coordinates": [ [ [ -8648712.73908182606101, 4692955.316649902611971 ], [ -8648712.73908182606101, 4695455.316649902611971 ], [ -8646212.73908182606101, 4695455.316649902611971 ], [ -8646212.73908182606101, 4692955.316649902611971 ], [ -8648712.73908182606101, 4692955.316649902611971 ] ] ] } },
{ "type": "Feature", "properties": { "cell_id": "G0107" }, "geometry": { "type": "Polygon", "coordinates": [ [ [ -8646212.73908182606101, 4692955.316649902611971 ], [ -8646212.73908182606101, 4695455.316649902611971 ], [ -8643712.73908182606101, 4695455.316649902611971 ], [ -8643712.73908182606101, 4692955.316649902611971 ], [ -8646212.73908182606101, 4692955.316649902611971 ] ] ] } },
{ "type": "Feature", "properties": { "cell_id": "G0108" }, "geometry": { "type": "Polygon", "coordinates": [ [ [ -8648712.73908182606101, 4695455.316649902611971 ], [ -8648712.73908182606101, 4692955.316649902611971 ], [ -8648812.631661489605904, 4692955.316649902611971 ], [ -8650112.110741233453155, 4695455.316649902611971 ], [ -8648712.73908182606101, 4695455.316649902611971 ] ] ] } },
{ "type": "Feature", "properties": { "cell_id": "G0109" }, "geometry": { "type": "Polygon", "coordinates": [ [ [ -8646212.73908182606101, 4695455.316649902611971 ], [ -8646212.73908182606101, 4697955.316649902611971 ], [ -8643712.73908182606101, 4697955.316649902611971 ], [ -8643712.73908182606101, 4695455.316649902611971 ], [ -8646212.73908182606101, 4695455.316649902611971 ] ] ] } },
{ "type": "Feature", "properties": { "cell_id": "G0110" }, "geometry": { "type": "Polygon", "coordinates": [ [ [ -8648712.73908182606101, 4695455.316649902611971 ], [ -8648712.73908182606101, 4697955.316649902611971 ], [ -8646212.73908182606101, 4697955.316649902611971 ], [ -8646212.73908182606101, 4695455.316649902611971 ], [ -8648712.73908182606101, 4695455.316649902611971 ] ] ] } },
{ "type": "Feature", "properties": { "cell_id": "G0111" }, "geometry": { "type": "Polygon", "coordinates": [ [ [ -8651212.73908182606101, 4697955.316649902611971 ], [ -8648712.73908182606101, 4697955.316649902611971 ], [ -8648712.73908182606101, 4695455.316649902611971 ], [ -8650112.110741233453155, 4695455.316649902611971 ], [ -8650633.39940463937819, 4696458.196710713207722 ], [ -8651212.73908182606101, 4697540.797392028383911 ], [ -8651212.73908182606101, 4697955.316649902611971 ] ] ] } },
{ "type": "Feature", "properties": { "cell_id": "G0112" }, "geometry": { "type": "Polygon", "coordinates": [ [ [ -8648712.73908182606101, 4697955.316649902611971 ], [ -8648712.73908182606101, 4700455.316649902611971 ], [ -8646212.73908182606101, 4700455.316649902611971 ], [ -8646212.73908182606101, 4697955.316649902611971 ], [ -8648712.73908182606101, 4697955.316649902611971 ] ] ] } },
{ "type": "Feature", "properties": { "cell_id": "G0113" }, "geometry": { "type": "Polygon", "coordinates": [ [ [ -8646212.73908182606101, 4697955.316649902611971 ], [ -8646212.73908182606101, 4700455.316649902611971 ], [ -8643712.73908182606101, 4700455.316649902611971 ], [ -8643712.73908182606101, 4697955.316649902611971 ], [ -8646212.73908182606101, 4697955.316649902611971 ] ] ] } },
{ "type": "Feature", "properties": { "cell_id": "G0114" }, "geometry": { "type": "Polygon", "coordinates": [ [ [ -8648712.73908182606101, 4700455.316649902611971 ], [ -8648712.73908182606101, 4697955.316649902611971 ], [ -8651212.73908182606101, 4697955.316649902611971 ], [ -8651212.73908182606101, 4699239.090860884636641 ], [ -8650073.351046459749341, 4699229.280178361572325 ], [ -8649830.117959074676037, 4699892.617294309660792 ], [ -8649697.425126049667597, 4700435.639744834974408 ], [ -8649702.159194888547063, 4700455.316649902611971 ], [ -8648712.73908182606101, 4700455.316649902611971 ] ] ] } },
{ "type": "Feature", "properties": { "cell_id": "G0115" }, "geometry": { "type": "Polygon", "coordinates": [ [ [ -8641212.73908182606101, 4695455.316649902611971 ], [ -8641212.73908182606101, 4697955.316649902611971 ], [ -8638712.73908182606101, 4697955.316649902611971 ], [ -8638712.73908182606101, 4695455.316649902611971 ], [ -8641212.73908182606101, 4695455.316649902611971 ] ] ] } },
{ "type": "Feature", "properties": { "cell_id": "G0116" }, "geometry": { "type": "Polygon", "coordinates": [ [ [ -8643712.73908182606101, 4695455.316649902611971 ], [ -8643712.73908182606101, 4697955.316649902611971 ], [ -8641212.73908182606101, 4697955.316649902611971 ], [ -8641212.73908182606101, 4695455.316649902611971 ], [ -8643712.73908182606101, 4695455.316649902611971 ] ] ] } },
{ "type": "Feature", "properties": { "cell_id": "G0117" }, "geometry": { "type": "Polygon", "coordinates": [ [ [ -8641212.73908182606101, 4697955.316649902611971 ], [ -8641212.73908182606101, 4700455.316649902611971 ], [ -8638712.73908182606101, 4700455.316649902611971 ], [ -8638712.73908182606101, 4697955.316649902611971 ], [ -8641212.73908182606101, 4697955.316649902611971 ] ] ] } },
{ "type": "Feature", "properties": { "cell_id": "G0118" }, "geometry": { "type": "Polygon", "coordinates": [ [ [ -8643712.73908182606101, 4697955.316649902611971 ], [ -8643712.73908182606101, 4700455.316649902611971 ], [ -8641212.73908182606101, 4700455.316649902611971 ], [ -8641212.73908182606101, 4697955.316649902611971 ], [ -8643712.73908182606101, 4697955.316649902611971 ] ] ] } },
{ "type": "Feature", "properties": { "cell_id": "G0119" }, "geometry": { "type": "Polygon", "coordinates": [ [ [ -8641212.73908182606101, 4700455.316649902611971 ], [ -8641212.73908182606101, 4702955.316649902611971 ], [ -8638712.73908182606101, 4702955.316649902611971 ], [ -8638712.73908182606101, 4700455.316649902611971 ], [ -8641212.73908182606101, 4700455.316649902611971 ] ] ] } },
{ "type": "Feature", "properties": { "cell_id": "G0120" }, "geometry": { "type": "Polygon", "coordinates": [ [ [ -8638712.73908182606101, 4700455.316649902611971 ], [ -8638712.73908182606101, 4702955.316649902611971 ], [ -8636212.73908182606101, 4702955.316649902611971 ], [ -8636212.73908182606101, 4700455.316649902611971 ], [ -8638712.73908182606101, 4700455.316649902611971 ] ] ] } },
{ "type": "Feature", "properties": { "cell_id": "G0121" }, "geometry": { "type": "Polygon", "coordinates": [ [ [ -8643712.73908182606101, 4700455.316649902611971 ], [ -8643712.73908182606101, 4702955.316649902611971 ], [ -8641212.73908182606101, 4702955.316649902611971 ], [ -8641212.73908182606101, 4700455.316649902611971 ], [ -8643712.73908182606101, 4700455.316649902611971 ] ] ] } },
{ "type": "Feature", "properties": { "cell_id": "G0122" }, "geometry": { "type": "Polygon", "coordinates": [ [ [ -8643712.73908182606101, 4702955.316649902611971 ], [ -8643712.73908182606101, 4705455.316649902611971 ], [ -8641212.73908182606101, 4705455.316649902611971 ], [ -8641212.73908182606101, 4702955.316649902611971 ], [ -8643712.73908182606101, 4702955.316649902611971 ] ] ] } },
{ "type": "Feature", "properties": { "cell_id": "G0123" }, "geometry": { "type": "Polygon", "coordinates": [ [ [ -8641212.73908182606101, 4702955.316649902611971 ], [ -8641212.73908182606101, 4705455.316649902611971 ], [ -8638712.73908182606101, 4705455.316649902611971 ], [ -8638712.73908182606101, 4702955.316649902611971 ], [ -8641212.73908182606101, 4702955.316649902611971 ] ] ] } },
{ "type": "Feature", "properties": { "cell_id": "G0124" }, "geometry": { "type": "Polygon", "coordinates": [ [ [ -8638712.73908182606101, 4702955.316649902611971 ], [ -8638712.73908182606101, 4705455.316649902611971 ], [ -8636212.73908182606101, 4705455.316649902611971 ], [ -8636212.73908182606101, 4702955.316649902611971 ], [ -8638712.73908182606101, 4702955.316649902611971 ] ] ] } },
{ "type": "Feature", "properties": { "cell_id": "G0125" }, "geometry": { "type": "Polygon", "coordinates": [ [ [ -8648712.73908182606101, 4700455.316649902611971 ], [ -8648712.73908182606101, 4702955.316649902611971 ], [ -8646212.73908182606101, 4702955.316649902611971 ], [ -8646212.73908182606101, 4700455.316649902611971 ], [ -8648712.73908182606101, 4700455.316649902611971 ] ] ] } },
{ "type": "Feature", "properties": { "cell_id": "G0126" }, "geometry": { "type": "Polygon", "coordinates": [ [ [ -8646212.73908182606101, 4700455.316649902611971 ], [ -8646212.73908182606101, 4702955.316649902611971 ], [ -8643712.73908182606101, 4702955.316649902611971 ], [ -8643712.73908182606101, 4700455.316649902611971 ], [ -8646212.73908182606101, 4700455.316649902611971 ] ] ] } },
{ "type": "Feature", "properties": { "cell_id": "G0127" }, "geometry": { "type": "Polygon", "coordinates": [ [ [ -8648712.73908182606101, 4702955.316649902611971 ], [ -8648712.73908182606101, 4700455.316649902611971 ], [ -8649702.159194888547063, 4700455.316649902611971 ], [ -8649767.445085758343339, 4700726.673979231156409 ], [ -8649673.268796546384692, 4700986.124586179852486 ], [ -8649602.024322440847754, 4701708.189752697013319 ], [ -8649485.918093541637063, 4701973.383956952951849 ], [ -8649488.367122339084744, 4702193.407472463324666 ], [ -8649461.093847095966339, 4702659.060988190583885 ], [ -8649383.381287846714258, 4702955.316649902611971 ], [ -8648712.73908182606101, 4702955.316649902611971 ] ] ] } },
{ "type": "Feature", "properties": { "cell_id": "G0128" }, "geometry": { "type": "Polygon", "coordinates": [ [ [ -8648712.73908182606101, 4702955.316649902611971 ], [ -8648712.73908182606101, 4705455.316649902611971 ], [ -8646212.73908182606101, 4705455.316649902611971 ], [ -8646212.73908182606101, 4702955.316649902611971 ], [ -8648712.73908182606101, 4702955.316649902611971 ] ] ] } },
{ "type": "Feature", "properties": { "cell_id": "G0129" }, "geometry": { "type": "Polygon", "coordinates": [ [ [ -8646212.73908182606101, 4702955.316649902611971 ], [ -8646212.73908182606101, 4705455.316649902611971 ], [ -8643712.73908182606101, 4705455.316649902611971 ], [ -8643712.73908182606101, 4702955.316649902611971 ], [ -8646212.73908182606101, 4702955.316649902611971 ] ] ] } },
{ "type": "Feature", "properties": { "cell_id": "G0130" }, "geometry": { "type": "Polygon", "coordinates": [ [ [ -8648712.73908182606101, 4705455.316649902611971 ], [ -8648712.73908182606101, 4702955.316649902611971 ], [ -8649383.381287846714258, 4702955.316649902611971 ], [ -8649300.571141373366117, 4703271.005323356948793 ], [ -8649292.110860072076321, 4703804.3420016951859 ], [ -8649089.398067334666848, 4704313.254220874048769 ], [ -8649091.735776642337441, 4704464.545768779702485 ], [ -8648719.445629395544529, 4705455.316649902611971 ], [ -8648712.73908182606101, 4705455.316649902611971 ] ] ] } },
{ "type": "Feature", "properties": { "cell_id": "G0131" }, "geometry": { "type": "Polygon", "coordinates": [ [ [ -8648712.73908182606101, 4705455.316649902611971 ], [ -8648719.445629395544529, 4705455.316649902611971 ], [ -8648712.73908182606101, 4705473.164696902036667 ], [ -8648712.73908182606101, 4705455.316649902611971 ] ] ] } },
{ "type": "Feature", "properties": { "cell_id": "G0132" }, "geometry": { "type": "Polygon", "coordinates": [ [ [ -8646212.73908182606101, 4705455.316649902611971 ], [ -8646212.73908182606101, 4707955.316649902611971 ], [ -8643712.73908182606101, 4707955.316649902611971 ], [ -8643712.73908182606101, 4705455.316649902611971 ], [ -8646212.73908182606101, 4705455.316649902611971 ] ] ] } },
{ "type": "Feature", "properties": { "cell_id": "G0133" }, "geometry": { "type": "Polygon", "coordinates": [ [ [ -8646212.73908182606101, 4707955.316649902611971 ], [ -8646212.73908182606101, 4705455.316649902611971 ], [ -8648712.73908182606101, 4705455.316649902611971 ], [ -8648712.73908182606101, 4705473.164696902036667 ], [ -8648703.119434284046292, 4705498.765338610857725 ], [ -8647342.795256789773703, 4706389.920314946211874 ], [ -8647234.815350720658898, 4706707.442662008106709 ], [ -8647159.118096981197596, 4706785.823579603806138 ], [ -8646985.237052362412214, 4707199.907990458421409 ], [ -8646583.780265551060438, 4707955.316649902611971 ], [ -8646212.73908182606101, 4707955.316649902611971 ] ] ] } },
{ "type": "Feature", "properties": { "cell_id": "G0134" }, "geometry": { "type": "Polygon", "coordinates": [ [ [ -8633712.73908182606101, 4677955.316649902611971 ], [ -8633712.73908182606101, 4680455.316649902611971 ], [ -8631212.73908182606101, 4680455.316649902611971 ], [ -8631212.73908182606101, 4677955.316649902611971 ], [ -8633712.73908182606101, 4677955.316649902611971 ] ] ] } },
{ "type": "Feature", "properties": { "cell_id": "G0135" }, "geometry": { "type": "Polygon", "coordinates": [ [ [ -8636212.73908182606101, 4677955.316649902611971 ], [ -8636212.73908182606101, 4680455.316649902611971 ], [ -8633712.73908182606101, 4680455.316649902611971 ], [ -8633712.73908182606101, 4677955.316649902611971 ], [ -8636212.73908182606101, 4677955.316649902611971 ] ] ] } },
{ "type": "Feature", "properties": { "cell_id": "G0136" }, "geometry": { "type": "Polygon", "coordinates": [ [ [ -8633712.73908182606101, 4680455.316649902611971 ], [ -8633712.73908182606101, 4682955.316649902611971 ], [ -8631212.73908182606101, 4682955.316649902611971 ], [ -8631212.73908182606101, 4680455.316649902611971 ], [ -8633712.73908182606101, 4680455.316649902611971 ] ] ] } },
{ "type": "Feature", "properties": { "cell_id": "G0137" }, "geometry": { "type": "Polygon", "coordinates": [ [ [ -8636212.73908182606101, 4680455.316649902611971 ], [ -8636212.73908182606101, 4682955.316649902611971 ], [ -8633712.73908182606101, 4682955.316649902611971 ], [ -8633712.73908182606101, 4680455.316649902611971 ], [ -8636212.73908182606101, 4680455.316649902611971 ] ] ] } },
{ "type": "Feature", "properties": { "cell_id": "G0138" }, "geometry": { "type": "Polygon", "coordinates": [ [ [ -8633712.73908182606101, 4682955.316649902611971 ], [ -8633712.73908182606101, 4685455.316649902611971 ], [ -8631212.73908182606101, 4685455.316649902611971 ], [ -8631212.73908182606101, 4682955.316649902611971 ], [ -8633712.73908182606101, 4682955.316649902611971 ] ] ] } },
{ "type": "Feature", "properties": { "cell_id": "G0139" }, "geometry": { "type": "Polygon", "coordinates": [ [ [ -8636212.73908182606101, 4682955.316649902611971 ], [ -8636212.73908182606101, 4685455.316649902611971 ], [ -8633712.73908182606101, 4685455.316649902611971 ], [ -8633712.73908182606101, 4682955.316649902611971 ], [ -8636212.73908182606101, 4682955.316649902611971 ] ] ] } },
{ "type": "Feature", "properties": { "cell_id": "G0140" }, "geometry": { "type": "Polygon", "coordinates": [ [ [ -8638712.73908182606101, 4685455.316649902611971 ], [ -8638712.73908182606101, 4687955.316649902611971 ], [ -8636212.73908182606101, 4687955.316649902611971 ], [ -8636212.73908182606101, 4685455.316649902611971 ], [ -8638712.73908182606101, 4685455.316649902611971 ] ] ] } },
{ "type": "Feature", "properties": { "cell_id": "G0141" }, "geometry": { "type": "Polygon", "coordinates": [ [ [ -8633712.73908182606101, 4685455.316649902611971 ], [ -8633712.73908182606101, 4687955.316649902611971 ], [ -8631212.73908182606101, 4687955.316649902611971 ], [ -8631212.73908182606101, 4685455.316649902611971 ], [ -8633712.73908182606101, 4685455.316649902611971 ] ] ] } },
{ "type": "Feature", "properties": { "cell_id": "G0142" }, "geometry": { "type": "Polygon", "coordinates": [ [ [ -8636212.73908182606101, 4685455.316649902611971 ], [ -8636212.73908182606101, 4687955.316649902611971 ], [ -8633712.73908182606101, 4687955.316649902611971 ], [ -8633712.73908182606101, 4685455.316649902611971 ], [ -8636212.73908182606101, 4685455.316649902611971 ] ] ] } },
{ "type": "Feature", "properties": { "cell_id": "G0143" }, "geometry": { "type": "Polygon", "coordinates": [ [ [ -8638712.73908182606101, 4687955.316649902611971 ], [ -8638712.73908182606101, 4690455.316649902611971 ], [ -8636212.73908182606101, 4690455.316649902611971 ], [ -8636212.73908182606101, 4687955.316649902611971 ], [ -8638712.73908182606101, 4687955.316649902611971 ] ] ] } },
{ "type": "Feature", "properties": { "cell_id": "G0144" }, "geometry": { "type": "Polygon", "coordinates": [ [ [ -8631212.73908182606101, 4680455.316649902611971 ], [ -8631212.73908182606101, 4682955.316649902611971 ], [ -8628712.73908182606101, 4682955.316649902611971 ], [ -8628712.73908182606101, 4680455.316649902611971 ], [ -8631212.73908182606101, 4680455.316649902611971 ] ] ] } },
{ "type": "Feature", "properties": { "cell_id": "G0145" }, "geometry": { "type": "Polygon", "coordinates": [ [ [ -8626212.73908182606101, 4682955.316649902611971 ], [ -8626212.73908182606101, 4685455.316649902611971 ], [ -8623712.73908182606101, 4685455.316649902611971 ], [ -8623712.73908182606101, 4682955.316649902611971 ], [ -8626212.73908182606101, 4682955.316649902611971 ] ] ] } },
{ "type": "Feature", "properties": { "cell_id": "G0146" }, "geometry": { "type": "Polygon", "coordinates": [ [ [ -8631212.73908182606101, 4682955.316649902611971 ], [ -8631212.73908182606101, 4685455.316649902611971 ], [ -8628712.73908182606101, 4685455.316649902611971 ], [ -8628712.73908182606101, 4682955.316649902611971 ], [ -8631212.73908182606101, 4682955.316649902611971 ] ] ] } },
{ "type": "Feature", "properties": { "cell_id": "G0147" }, "geometry": { "type": "Polygon", "coordinates": [ [ [ -8628712.73908182606101, 4682955.316649902611971 ], [ -8628712.73908182606101, 4685455.316649902611971 ], [ -8626212.73908182606101, 4685455.316649902611971 ], [ -8626212.73908182606101, 4682955.316649902611971 ], [ -8628712.73908182606101, 4682955.316649902611971 ] ] ] } },
{ "type": "Feature", "properties": { "cell_id": "G0148" }, "geometry": { "type": "Polygon", "coordinates": [ [ [ -8626212.73908182606101, 4685455.316649902611971 ], [ -8626212.73908182606101, 4687955.316649902611971 ], [ -8623712.73908182606101, 4687955.316649902611971 ], [ -8623712.73908182606101, 4685455.316649902611971 ], [ -8626212.73908182606101, 4685455.316649902611971 ] ] ] } },
{ "type": "Feature", "properties": { "cell_id": "G0149" }, "geometry": { "type": "Polygon", "coordinates": [ [ [ -8628712.73908182606101, 4685455.316649902611971 ], [ -8628712.73908182606101, 4687955.316649902611971 ], [ -8626212.73908182606101, 4687955.316649902611971 ], [ -8626212.73908182606101, 4685455.316649902611971 ], [ -8628712.73908182606101, 4685455.316649902611971 ] ] ] } },
{ "type": "Feature", "properties": { "cell_id": "G0150" }, "geometry": { "type": "Polygon", "coordinates": [ [ [ -8631212.73908182606101, 4685455.316649902611971 ], [ -8631212.73908182606101, 4687955.316649902611971 ], [ -8628712.73908182606101, 4687955.316649902611971 ], [ -8628712.73908182606101, 4685455.316649902611971 ], [ -8631212.73908182606101, 4685455.316649902611971 ] ] ] } },
{ "type": "Feature", "properties": { "cell_id": "G0151" }, "geometry": { "type": "Polygon", "coordinates": [ [ [ -8628712.73908182606101, 4687955.316649902611971 ], [ -8628712.73908182606101, 4690455.316649902611971 ], [ -8626212.73908182606101, 4690455.316649902611971 ], [ -8626212.73908182606101, 4687955.316649902611971 ], [ -8628712.73908182606101, 4687955.316649902611971 ] ] ] } },
{ "type": "Feature", "properties": { "cell_id": "G0152" }, "geometry": { "type": "Polygon", "coordinates": [ [ [ -8631212.73908182606101, 4687955.316649902611971 ], [ -8631212.73908182606101, 4690455.316649902611971 ], [ -8628712.73908182606101, 4690455.316649902611971 ], [ -8628712.73908182606101, 4687955.316649902611971 ], [ -8631212.73908182606101, 4687955.316649902611971 ] ] ] } },
{ "type": "Feature", "properties": { "cell_id": "G0153" }, "geometry": { "type": "Polygon", "coordinates": [ [ [ -8626212.73908182606101, 4687955.316649902611971 ], [ -8626212.73908182606101, 4690455.316649902611971 ], [ -8623712.73908182606101, 4690455.316649902611971 ], [ -8623712.73908182606101, 4687955.316649902611971 ], [ -8626212.73908182606101, 4687955.316649902611971 ] ] ] } },
{ "type": "Feature", "properties": { "cell_id": "G0154" }, "geometry": { "type": "Polygon", "coordinates": [ [ [ -8623712.73908182606101, 4682955.316649902611971 ], [ -8623712.73908182606101, 4685455.316649902611971 ], [ -8621212.73908182606101, 4685455.316649902611971 ], [ -8621212.73908182606101, 4682955.316649902611971 ], [ -8623712.73908182606101, 4682955.316649902611971 ] ] ] } },
{ "type": "Feature", "properties": { "cell_id": "G0155" }, "geometry": { "type": "Polygon", "coordinates": [ [ [ -8621212.73908182606101, 4682955.316649902611971 ], [ -8621212.73908182606101, 4685455.316649902611971 ], [ -8618712.73908182606101, 4685455.316649902611971 ], [ -8618712.73908182606101, 4682955.316649902611971 ], [ -8621212.73908182606101, 4682955.316649902611971 ] ] ] } },
{ "type": "Feature", "properties": { "cell_id": "G0156" }, "geometry": { "type": "Polygon", "coordinates": [ [ [ -8618712.73908182606101, 4685455.316649902611971 ], [ -8618712.73908182606101, 4687955.316649902611971 ], [ -8616212.73908182606101, 4687955.316649902611971 ], [ -8616212.73908182606101, 4685455.316649902611971 ], [ -8618712.73908182606101, 4685455.316649902611971 ] ] ] } },
{ "type": "Feature", "properties": { "cell_id": "G0157" }, "geometry": { "type": "Polygon", "coordinates": [ [ [ -8621212.73908182606101, 4685455.316649902611971 ], [ -8621212.73908182606101, 4687955.316649902611971 ], [ -8618712.73908182606101, 4687955.316649902611971 ], [ -8618712.73908182606101, 4685455.316649902611971 ], [ -8621212.73908182606101, 4685455.316649902611971 ] ] ] } },
{ "type": "Feature", "properties": { "cell_id": "G0158" }, "geometry": { "type": "Polygon", "coordinates": [ [ [ -8623712.73908182606101, 4685455.316649902611971 ], [ -8623712.73908182606101, 4687955.316649902611971 ], [ -8621212.73908182606101, 4687955.316649902611971 ], [ -8621212.73908182606101, 4685455.316649902611971 ], [ -8623712.73908182606101, 4685455.316649902611971 ] ] ] } },
{ "type": "Feature", "properties": { "cell_id": "G0159" }, "geometry": { "type": "Polygon", "coordinates": [ [ [ -8623712.73908182606101, 4687955.316649902611971 ], [ -8623712.73908182606101, 4690455.316649902611971 ], [ -8621212.73908182606101, 4690455.316649902611971 ], [ -8621212.73908182606101, 4687955.316649902611971 ], [ -8623712.73908182606101, 4687955.316649902611971 ] ] ] } },
{ "type": "Feature", "properties": { "cell_id": "G0160" }, "geometry": { "type": "Polygon", "coordinates": [ [ [ -8621212.73908182606101, 4687955.316649902611971 ], [ -8621212.73908182606101, 4690455.316649902611971 ], [ -8618712.73908182606101, 4690455.316649902611971 ], [ -8618712.73908182606101, 4687955.316649902611971 ], [ -8621212.73908182606101, 4687955.316649902611971 ] ] ] } },
{ "type": "Feature", "properties": { "cell_id": "G0161" }, "geometry": { "type": "Polygon", "coordinates": [ [ [ -8618712.73908182606101, 4687955.316649902611971 ], [ -8618712.73908182606101, 4690455.316649902611971 ], [ -8616212.73908182606101, 4690455.316649902611971 ], [ -8616212.73908182606101, 4687955.316649902611971 ], [ -8618712.73908182606101, 4687955.316649902611971 ] ] ] } },
{ "type": "Feature", "properties": { "cell_id": "G0162" }, "geometry": { "type": "Polygon", "coordinates": [ [ [ -8621212.73908182606101, 4690455.316649902611971 ], [ -8621212.73908182606101, 4692955.316649902611971 ], [ -8618712.73908182606101, 4692955.316649902611971 ], [ -8618712.73908182606101, 4690455.316649902611971 ], [ -8621212.73908182606101, 4690455.316649902611971 ] ] ] } },
{ "type": "Feature", "properties": { "cell_id": "G0163" }, "geometry": { "type": "Polygon", "coordinates": [ [ [ -8618712.73908182606101, 4690455.316649902611971 ], [ -8618712.73908182606101, 4692955.316649902611971 ], [ -8616212.73908182606101, 4692955.316649902611971 ], [ -8616212.73908182606101, 4690455.316649902611971 ], [ -8618712.73908182606101, 4690455.316649902611971 ] ] ] } },
{ "type": "Feature", "properties": { "cell_id": "G0164" }, "geometry": { "type": "Polygon", "coordinates": [ [ [ -8633712.73908182606101, 4687955.316649902611971 ], [ -8633712.73908182606101, 4690455.316649902611971 ], [ -8631212.73908182606101, 4690455.316649902611971 ], [ -8631212.73908182606101, 4687955.316649902611971 ], [ -8633712.73908182606101, 4687955.316649902611971 ] ] ] } },
{ "type": "Feature", "properties": { "cell_id": "G0165" }, "geometry": { "type": "Polygon", "coordinates": [ [ [ -8636212.73908182606101, 4687955.316649902611971 ], [ -8636212.73908182606101, 4690455.316649902611971 ], [ -8633712.73908182606101, 4690455.316649902611971 ], [ -8633712.73908182606101, 4687955.316649902611971 ], [ -8636212.73908182606101, 4687955.316649902611971 ] ] ] } },
{ "type": "Feature", "properties": { "cell_id": "G0166" }, "geometry": { "type": "Polygon", "coordinates": [ [ [ -8638712.73908182606101, 4690455.316649902611971 ], [ -8638712.73908182606101, 4692955.316649902611971 ], [ -8636212.73908182606101, 4692955.316649902611971 ], [ -8636212.73908182606101, 4690455.316649902611971 ], [ -8638712.73908182606101, 4690455.316649902611971 ] ] ] } },
{ "type": "Feature", "properties": { "cell_id": "G0167" }, "geometry": { "type": "Polygon", "coordinates": [ [ [ -8633712.73908182606101, 4690455.316649902611971 ], [ -8633712.73908182606101, 4692955.316649902611971 ], [ -8631212.73908182606101, 4692955.316649902611971 ], [ -8631212.73908182606101, 4690455.316649902611971 ], [ -8633712.73908182606101, 4690455.316649902611971 ] ] ] } },
{ "type": "Feature", "properties": { "cell_id": "G0168" }, "geometry": { "type": "Polygon", "coordinates": [ [ [ -8636212.73908182606101, 4690455.316649902611971 ], [ -8636212.73908182606101, 4692955.316649902611971 ], [ -8633712.73908182606101, 4692955.316649902611971 ], [ -8633712.73908182606101, 4690455.316649902611971 ], [ -8636212.73908182606101, 4690455.316649902611971 ] ] ] } },
{ "type": "Feature", "properties": { "cell_id": "G0169" }, "geometry": { "type": "Polygon", "coordinates": [ [ [ -8638712.73908182606101, 4692955.316649902611971 ], [ -8638712.73908182606101, 4695455.316649902611971 ], [ -8636212.73908182606101, 4695455.316649902611971 ], [ -8636212.73908182606101, 4692955.316649902611971 ], [ -8638712.73908182606101, 4692955.316649902611971 ] ] ] } },
{ "type": "Feature", "properties": { "cell_id": "G0170" }, "geometry": { "type": "Polygon", "coordinates": [ [ [ -8633712.73908182606101, 4692955.316649902611971 ], [ -8633712.73908182606101, 4695455.316649902611971 ], [ -8631212.73908182606101, 4695455.316649902611971 ], [ -8631212.73908182606101, 4692955.316649902611971 ], [ -8633712.73908182606101, 4692955.316649902611971 ] ] ] } },
{ "type": "Feature", "properties": { "cell_id": "G0171" }, "geometry": { "type": "Polygon", "coordinates": [ [ [ -8636212.73908182606101, 4692955.316649902611971 ], [ -8636212.73908182606101, 4695455.316649902611971 ], [ -8633712.73908182606101, 4695455.316649902611971 ], [ -8633712.73908182606101, 4692955.316649902611971 ], [ -8636212.73908182606101, 4692955.316649902611971 ] ] ] } },
{ "type": "Feature", "properties": { "cell_id": "G0172" }, "geometry": { "type": "Polygon", "coordinates": [ [ [ -8638712.73908182606101, 4695455.316649902611971 ], [ -8638712.73908182606101, 4697955.316649902611971 ], [ -8636212.73908182606101, 4697955.316649902611971 ], [ -8636212.73908182606101, 4695455.316649902611971 ], [ -8638712.73908182606101, 4695455.316649902611971 ] ] ] } },
{ "type": "Feature", "properties": { "cell_id": "G0173" }, "geometry": { "type": "Polygon", "coordinates": [ [ [ -8633712.73908182606101, 4695455.316649902611971 ], [ -8633712.73908182606101, 4697955.316649902611971 ], [ -8631212.73908182606101, 4697955.316649902611971 ], [ -8631212.73908182606101, 4695455.316649902611971 ], [ -8633712.73908182606101, 4695455.316649902611971 ] ] ] } },
{ "type": "Feature", "properties": { "cell_id": "G0174" }, "geometry": { "type": "Polygon", "coordinates": [ [ [ -8623712.73908182606101, 4690455.316649902611971 ], [ -8623712.73908182606101, 4692955.316649902611971 ], [ -8621212.73908182606101, 4692955.316649902611971 ], [ -8621212.73908182606101, 4690455.316649902611971 ], [ -8623712.73908182606101, 4690455.316649902611971 ] ] ] } },
{ "type": "Feature", "properties": { "cell_id": "G0175" }, "geometry": { "type": "Polygon", "coordinates": [ [ [ -8621212.73908182606101, 4692955.316649902611971 ], [ -8621212.73908182606101, 4695455.316649902611971 ], [ -8618712.73908182606101, 4695455.316649902611971 ], [ -8618712.73908182606101, 4692955.316649902611971 ], [ -8621212.73908182606101, 4692955.316649902611971 ] ] ] } },
{ "type": "Feature", "properties": { "cell_id": "G0176" }, "geometry": { "type": "Polygon", "coordinates": [ [ [ -8623712.73908182606101, 4692955.316649902611971 ], [ -8623712.73908182606101, 4695455.316649902611971 ], [ -8621212.73908182606101, 4695455.316649902611971 ], [ -8621212.73908182606101, 4692955.316649902611971 ], [ -8623712.73908182606101, 4692955.316649902611971 ] ] ] } },
{ "type": "Feature", "properties": { "cell_id": "G0177" }, "geometry": { "type": "Polygon", "coordinates": [ [ [ -8618712.73908182606101, 4692955.316649902611971 ], [ -8618712.73908182606101, 4695455.316649902611971 ], [ -8616212.73908182606101, 4695455.316649902611971 ], [ -8616212.73908182606101, 4692955.316649902611971 ], [ -8618712.73908182606101, 4692955.316649902611971 ] ] ] } },
{ "type": "Feature", "properties": { "cell_id": "G0178" }, "geometry": { "type": "Polygon", "coordinates": [ [ [ -8618712.73908182606101, 4695455.316649902611971 ], [ -8618712.73908182606101, 4697955.316649902611971 ], [ -8616212.73908182606101, 4697955.316649902611971 ], [ -8616212.73908182606101, 4695455.316649902611971 ], [ -8618712.73908182606101, 4695455.316649902611971 ] ] ] } },
{ "type": "Feature", "properties": { "cell_id": "G0179" }, "geometry": { "type": "Polygon", "coordinates": [ [ [ -8621212.73908182606101, 4695455.316649902611971 ], [ -8621212.73908182606101, 4697955.316649902611971 ], [ -8618712.73908182606101, 4697955.316649902611971 ], [ -8618712.73908182606101, 4695455.316649902611971 ], [ -8621212.73908182606101, 4695455.316649902611971 ] ] ] } },
{ "type": "Feature", "properties": { "cell_id": "G0180" }, "geometry": { "type": "Polygon", "coordinates": [ [ [ -8623712.73908182606101, 4695455.316649902611971 ], [ -8623712.73908182606101, 4697955.316649902611971 ], [ -8621212.73908182606101, 4697955.316649902611971 ], [ -8621212.73908182606101, 4695455.316649902611971 ], [ -8623712.73908182606101, 4695455.316649902611971 ] ] ] } },
{ "type": "Feature", "properties": { "cell_id": "G0181" }, "geometry": { "type": "Polygon", "coordinates": [ [ [ -8618712.73908182606101, 4697955.316649902611971 ], [ -8618712.73908182606101, 4700455.316649902611971 ], [ -8616212.73908182606101, 4700455.316649902611971 ], [ -8616212.73908182606101, 4697955.316649902611971 ], [ -8618712.73908182606101, 4697955.316649902611971 ] ] ] } },
{ "type": "Feature", "properties": { "cell_id": "G0182" }, "geometry": { "type": "Polygon", "coordinates": [ [ [ -8621212.73908182606101, 4697955.316649902611971 ], [ -8621212.73908182606101, 4700455.316649902611971 ], [ -8618712.73908182606101, 4700455.316649902611971 ], [ -8618712.73908182606101, 4697955.316649902611971 ], [ -8621212.73908182606101, 4697955.316649902611971 ] ] ] } },
{ "type": "Feature", "properties": { "cell_id": "G0183" }, "geometry": { "type": "Polygon", "coordinates": [ [ [ -8623712.73908182606101, 4697955.316649902611971 ], [ -8623712.73908182606101, 4700455.316649902611971 ], [ -8621212.73908182606101, 4700455.316649902611971 ], [ -8621212.73908182606101, 4697955.316649902611971 ], [ -8623712.73908182606101, 4697955.316649902611971 ] ] ] } },
{ "type": "Feature", "properties": { "cell_id": "G0184" }, "geometry": { "type": "Polygon", "coordinates": [ [ [ -8631212.73908182606101, 4690455.316649902611971 ], [ -8631212.73908182606101, 4692955.316649902611971 ], [ -8628712.73908182606101, 4692955.316649902611971 ], [ -8628712.73908182606101, 4690455.316649902611971 ], [ -8631212.73908182606101, 4690455.316649902611971 ] ] ] } },
{ "type": "Feature", "properties": { "cell_id": "G0185" }, "geometry": { "type": "Polygon", "coordinates": [ [ [ -8628712.73908182606101, 4690455.316649902611971 ], [ -8628712.73908182606101, 4692955.316649902611971 ], [ -8626212.73908182606101, 4692955.316649902611971 ], [ -8626212.73908182606101, 4690455.316649902611971 ], [ -8628712.73908182606101, 4690455.316649902611971 ] ] ] } },
{ "type": "Feature", "properties": { "cell_id": "G0186" }, "geometry": { "type": "Polygon", "coordinates": [ [ [ -8626212.73908182606101, 4690455.316649902611971 ], [ -8626212.73908182606101, 4692955.316649902611971 ], [ -8623712.73908182606101, 4692955.316649902611971 ], [ -8623712.73908182606101, 4690455.316649902611971 ], [ -8626212.73908182606101, 4690455.316649902611971 ] ] ] } },
{ "type": "Feature", "properties": { "cell_id": "G0187" }, "geometry": { "type": "Polygon", "coordinates": [ [ [ -8631212.73908182606101, 4692955.316649902611971 ], [ -8631212.73908182606101, 4695455.316649902611971 ], [ -8628712.73908182606101, 4695455.316649902611971 ], [ -8628712.73908182606101, 4692955.316649902611971 ], [ -8631212.73908182606101, 4692955.316649902611971 ] ] ] } },
{ "type": "Feature", "properties": { "cell_id": "G0188" }, "geometry": { "type": "Polygon", "coordinates": [ [ [ -8628712.73908182606101, 4692955.316649902611971 ], [ -8628712.73908182606101, 4695455.316649902611971 ], [ -8626212.73908182606101, 4695455.316649902611971 ], [ -8626212.73908182606101, 4692955.316649902611971 ], [ -8628712.73908182606101, 4692955.316649902611971 ] ] ] } },
{ "type": "Feature", "properties": { "cell_id": "G0189" }, "geometry": { "type": "Polygon", "coordinates": [ [ [ -8626212.73908182606101, 4692955.316649902611971 ], [ -8626212.73908182606101, 4695455.316649902611971 ], [ -8623712.73908182606101, 4695455.316649902611971 ], [ -8623712.73908182606101, 4692955.316649902611971 ], [ -8626212.73908182606101, 4692955.316649902611971 ] ] ] } },
{ "type": "Feature", "properties": { "cell_id": "G0190" }, "geometry": { "type": "Polygon", "coordinates": [ [ [ -8626212.73908182606101, 4695455.316649902611971 ], [ -8626212.73908182606101, 4697955.316649902611971 ], [ -8623712.73908182606101, 4697955.316649902611971 ], [ -8623712.73908182606101, 4695455.316649902611971 ], [ -8626212.73908182606101, 4695455.316649902611971 ] ] ] } },
{ "type": "Feature", "properties": { "cell_id": "G0191" }, "geometry": { "type": "Polygon", "coordinates": [ [ [ -8628712.73908182606101, 4695455.316649902611971 ], [ -8628712.73908182606101, 4697955.316649902611971 ], [ -8626212.73908182606101, 4697955.316649902611971 ], [ -8626212.73908182606101, 4695455.316649902611971 ], [ -8628712.73908182606101, 4695455.316649902611971 ] ] ] } },
{ "type": "Feature", "properties": { "cell_id": "G0192" }, "geometry": { "type": "Polygon", "coordinates": [ [ [ -8631212.73908182606101, 4695455.316649902611971 ], [ -8631212.73908182606101, 4697955.316649902611971 ], [ -8628712.73908182606101, 4697955.316649902611971 ], [ -8628712.73908182606101, 4695455.316649902611971 ], [ -8631212.73908182606101, 4695455.316649902611971 ] ] ] } },
{ "type": "Feature", "properties": { "cell_id": "G0193" }, "geometry": { "type": "Polygon", "coordinates": [ [ [ -8631212.73908182606101, 4697955.316649902611971 ], [ -8631212.73908182606101, 4700455.316649902611971 ], [ -8628712.73908182606101, 4700455.316649902611971 ], [ -8628712.73908182606101, 4697955.316649902611971 ], [ -8631212.73908182606101, 4697955.316649902611971 ] ] ] } },
{ "type": "Feature", "properties": { "cell_id": "G0194" }, "geometry": { "type": "Polygon", "coordinates": [ [ [ -8636212.73908182606101, 4695455.316649902611971 ], [ -8636212.73908182606101, 4697955.316649902611971 ], [ -8633712.73908182606101, 4697955.316649902611971 ], [ -8633712.73908182606101, 4695455.316649902611971 ], [ -8636212.73908182606101, 4695455.316649902611971 ] ] ] } },
{ "type": "Feature", "properties": { "cell_id": "G0195" }, "geometry": { "type": "Polygon", "coordinates": [ [ [ -8636212.73908182606101, 4697955.316649902611971 ], [ -8636212.73908182606101, 4700455.316649902611971 ], [ -8633712.73908182606101, 4700455.316649902611971 ], [ -8633712.73908182606101, 4697955.316649902611971 ], [ -8636212.73908182606101, 4697955.316649902611971 ] ] ] } },
{ "type": "Feature", "properties": { "cell_id": "G0196" }, "geometry": { "type": "Polygon", "coordinates": [ [ [ -8638712.73908182606101, 4697955.316649902611971 ], [ -8638712.73908182606101, 4700455.316649902611971 ], [ -8636212.73908182606101, 4700455.316649902611971 ], [ -8636212.73908182606101, 4697955.316649902611971 ], [ -8638712.73908182606101, 4697955.316649902611971 ] ] ] } },
{ "type": "Feature", "properties": { "cell_id": "G0197" }, "geometry": { "type": "Polygon", "coordinates": [ [ [ -8633712.73908182606101, 4697955.316649902611971 ], [ -8633712.73908182606101, 4700455.316649902611971 ], [ -8631212.73908182606101, 4700455.316649902611971 ], [ -8631212.73908182606101, 4697955.316649902611971 ], [ -8633712.73908182606101, 4697955.316649902611971 ] ] ] } },
{ "type": "Feature", "properties": { "cell_id": "G0198" }, "geometry": { "type": "Polygon", "coordinates": [ [ [ -8636212.73908182606101, 4700455.316649902611971 ], [ -8636212.73908182606101, 4702955.316649902611971 ], [ -8633712.73908182606101, 4702955.316649902611971 ], [ -8633712.73908182606101, 4700455.316649902611971 ], [ -8636212.73908182606101, 4700455.316649902611971 ] ] ] } },
{ "type": "Feature", "properties": { "cell_id": "G0199" }, "geometry": { "type": "Polygon", "coordinates": [ [ [ -8633712.73908182606101, 4700455.316649902611971 ], [ -8633712.73908182606101, 4702955.316649902611971 ], [ -8631212.73908182606101, 4702955.316649902611971 ], [ -8631212.73908182606101, 4700455.316649902611971 ], [ -8633712.73908182606101, 4700455.316649902611971 ] ] ] } },
{ "type": "Feature", "properties": { "cell_id": "G0200" }, "geometry": { "type": "Polygon", "coordinates": [ [ [ -8636212.73908182606101, 4702955.316649902611971 ], [ -8636212.73908182606101, 4705455.316649902611971 ], [ -8633712.73908182606101, 4705455.316649902611971 ], [ -8633712.73908182606101, 4702955.316649902611971 ], [ -8636212.73908182606101, 4702955.316649902611971 ] ] ] } },
{ "type": "Feature", "properties": { "cell_id": "G0201" }, "geometry": { "type": "Polygon", "coordinates": [ [ [ -8633712.73908182606101, 4702955.316649902611971 ], [ -8633712.73908182606101, 4705455.316649902611971 ], [ -8631212.73908182606101, 4705455.316649902611971 ], [ -8631212.73908182606101, 4702955.316649902611971 ], [ -8633712.73908182606101, 4702955.316649902611971 ] ] ] } },
{ "type": "Feature", "properties": { "cell_id": "G0202" }, "geometry": { "type": "Polygon", "coordinates": [ [ [ -8633712.73908182606101, 4705455.316649902611971 ], [ -8633712.73908182606101, 4707955.316649902611971 ], [ -8631212.73908182606101, 4707955.316649902611971 ], [ -8631212.73908182606101, 4705455.316649902611971 ], [ -8633712.73908182606101, 4705455.316649902611971 ] ] ] } },
{ "type": "Feature", "properties": { "cell_id": "G0203" }, "geometry": { "type": "Polygon", "coordinates": [ [ [ -8636212.73908182606101, 4705455.316649902611971 ], [ -8636212.73908182606101, 4707955.316649902611971 ], [ -8633712.73908182606101, 4707955.316649902611971 ], [ -8633712.73908182606101, 4705455.316649902611971 ], [ -8636212.73908182606101, 4705455.316649902611971 ] ] ] } },
{ "type": "Feature", "properties": { "cell_id": "G0204" }, "geometry": { "type": "Polygon", "coordinates": [ [ [ -8626212.73908182606101, 4697955.316649902611971 ], [ -8626212.73908182606101, 4700455.316649902611971 ], [ -8623712.73908182606101, 4700455.316649902611971 ], [ -8623712.73908182606101, 4697955.316649902611971 ], [ -8626212.73908182606101, 4697955.316649902611971 ] ] ] } },
{ "type": "Feature", "properties": { "cell_id": "G0205" }, "geometry": { "type": "Polygon", "coordinates": [ [ [ -8628712.73908182606101, 4697955.316649902611971 ], [ -8628712.73908182606101, 4700455.316649902611971 ], [ -8626212.73908182606101, 4700455.316649902611971 ], [ -8626212.73908182606101, 4697955.316649902611971 ], [ -8628712.73908182606101, 4697955.316649902611971 ] ] ] } },
{ "type": "Feature", "properties": { "cell_id": "G0206" }, "geometry": { "type": "Polygon", "coordinates": [ [ [ -8628712.73908182606101, 4700455.316649902611971 ], [ -8628712.73908182606101, 4702955.316649902611971 ], [ -8626212.73908182606101, 4702955.316649902611971 ], [ -8626212.73908182606101, 4700455.316649902611971 ], [ -8628712.73908182606101, 4700455.316649902611971 ] ] ] } },
{ "type": "Feature", "properties": { "cell_id": "G0207" }, "geometry": { "type": "Polygon", "coordinates": [ [ [ -8631212.73908182606101, 4700455.316649902611971 ], [ -8631212.73908182606101, 4702955.316649902611971 ], [ -8628712.73908182606101, 4702955.316649902611971 ], [ -8628712.73908182606101, 4700455.316649902611971 ], [ -8631212.73908182606101, 4700455.316649902611971 ] ] ] } },
{ "type": "Feature", "properties": { "cell_id": "G0208" }, "geometry": { "type": "Polygon", "coordinates": [ [ [ -8626212.73908182606101, 4700455.316649902611971 ], [ -8626212.73908182606101, 4702955.316649902611971 ], [ -8623712.73908182606101, 4702955.316649902611971 ], [ -8623712.73908182606101, 4700455.316649902611971 ], [ -8626212.73908182606101, 4700455.316649902611971 ] ] ] } },
{ "type": "Feature", "properties": { "cell_id": "G0209" }, "geometry": { "type": "Polygon", "coordinates": [ [ [ -8626212.73908182606101, 4702955.316649902611971 ], [ -8626212.73908182606101, 4705455.316649902611971 ], [ -8623712.73908182606101, 4705455.316649902611971 ], [ -8623712.73908182606101, 4702955.316649902611971 ], [ -8626212.73908182606101, 4702955.316649902611971 ] ] ] } },
{ "type": "Feature", "properties": { "cell_id": "G0210" }, "geometry": { "type": "Polygon", "coordinates": [ [ [ -8628712.73908182606101, 4702955.316649902611971 ], [ -8628712.73908182606101, 4705455.316649902611971 ], [ -8626212.73908182606101, 4705455.316649902611971 ], [ -8626212.73908182606101, 4702955.316649902611971 ], [ -8628712.73908182606101, 4702955.316649902611971 ] ] ] } },
{ "type": "Feature", "properties": { "cell_id": "G0211" }, "geometry": { "type": "Polygon", "coordinates": [ [ [ -8631212.73908182606101, 4702955.316649902611971 ], [ -8631212.73908182606101, 4705455.316649902611971 ], [ -8628712.73908182606101, 4705455.316649902611971 ], [ -8628712.73908182606101, 4702955.316649902611971 ], [ -8631212.73908182606101, 4702955.316649902611971 ] ] ] } },
{ "type": "Feature", "properties": { "cell_id": "G0212" }, "geometry": { "type": "Polygon", "coordinates": [ [ [ -8631212.73908182606101, 4705455.316649902611971 ], [ -8631212.73908182606101, 4707955.316649902611971 ], [ -8628712.73908182606101, 4707955.316649902611971 ], [ -8628712.73908182606101, 4705455.316649902611971 ], [ -8631212.73908182606101, 4705455.316649902611971 ] ] ] } },
{ "type": "Feature", "properties": { "cell_id": "G0213" }, "geometry": { "type": "Polygon", "coordinates": [ [ [ -8628712.73908182606101, 4705455.316649902611971 ], [ -8628712.73908182606101, 4707955.316649902611971 ], [ -8626212.73908182606101, 4707955.316649902611971 ], [ -8626212.73908182606101, 4705455.316649902611971 ], [ -8628712.73908182606101, 4705455.316649902611971 ] ] ] } },
{ "type": "Feature", "properties": { "cell_id": "G0214" }, "geometry": { "type": "Polygon", "coordinates": [ [ [ -8618712.73908182606101, 4700455.316649902611971 ], [ -8618712.73908182606101, 4702955.316649902611971 ], [ -8616212.73908182606101, 4702955.316649902611971 ], [ -8616212.73908182606101, 4700455.316649902611971 ], [ -8618712.73908182606101, 4700455.316649902611971 ] ] ] } },
{ "type": "Feature", "properties": { "cell_id": "G0215" }, "geometry": { "type": "Polygon", "coordinates": [ [ [ -8621212.73908182606101, 4700455.316649902611971 ], [ -8621212.73908182606101, 4702955.316649902611971 ], [ -8618712.73908182606101, 4702955.316649902611971 ], [ -8618712.73908182606101, 4700455.316649902611971 ], [ -8621212.73908182606101, 4700455.316649902611971 ] ] ] } },
{ "type": "Feature", "properties": { "cell_id": "G0216" }, "geometry": { "type": "Polygon", "coordinates": [ [ [ -8623712.73908182606101, 4700455.316649902611971 ], [ -8623712.73908182606101, 4702955.316649902611971 ], [ -8621212.73908182606101, 4702955.316649902611971 ], [ -8621212.73908182606101, 4700455.316649902611971 ], [ -8623712.73908182606101, 4700455.316649902611971 ] ] ] } },
{ "type": "Feature", "properties": { "cell_id": "G0217" }, "geometry": { "type": "Polygon", "coordinates": [ [ [ -8618712.73908182606101, 4702955.316649902611971 ], [ -8618712.73908182606101, 4705455.316649902611971 ], [ -8616212.73908182606101, 4705455.316649902611971 ], [ -8616212.73908182606101, 4702955.316649902611971 ], [ -8618712.73908182606101, 4702955.316649902611971 ] ] ] } },
{ "type": "Feature", "properties": { "cell_id": "G0218" }, "geometry": { "type": "Polygon", "coordinates": [ [ [ -8621212.73908182606101, 4702955.316649902611971 ], [ -8621212.73908182606101, 4705455.316649902611971 ], [ -8618712.73908182606101, 4705455.316649902611971 ], [ -8618712.73908182606101, 4702955.316649902611971 ], [ -8621212.73908182606101, 4702955.316649902611971 ] ] ] } },
{ "type": "Feature", "properties": { "cell_id": "G0219" }, "geometry": { "type": "Polygon", "coordinates": [ [ [ -8623712.73908182606101, 4702955.316649902611971 ], [ -8623712.73908182606101, 4705455.316649902611971 ], [ -8621212.73908182606101, 4705455.316649902611971 ], [ -8621212.73908182606101, 4702955.316649902611971 ], [ -8623712.73908182606101, 4702955.316649902611971 ] ] ] } },
{ "type": "Feature", "properties": { "cell_id": "G0220" }, "geometry": { "type": "Polygon", "coordinates": [ [ [ -8618712.73908182606101, 4705455.316649902611971 ], [ -8618712.73908182606101, 4707955.316649902611971 ], [ -8616212.73908182606101, 4707955.316649902611971 ], [ -8616212.73908182606101, 4705455.316649902611971 ], [ -8618712.73908182606101, 4705455.316649902611971 ] ] ] } },
{ "type": "Feature", "properties": { "cell_id": "G0221" }, "geometry": { "type": "Polygon", "coordinates": [ [ [ -8621212.73908182606101, 4705455.316649902611971 ], [ -8621212.73908182606101, 4707955.316649902611971 ], [ -8618712.73908182606101, 4707955.316649902611971 ], [ -8618712.73908182606101, 4705455.316649902611971 ], [ -8621212.73908182606101, 4705455.316649902611971 ] ] ] } },
{ "type": "Feature", "properties": { "cell_id": "G0222" }, "geometry": { "type": "Polygon", "coordinates": [ [ [ -8623712.73908182606101, 4705455.316649902611971 ], [ -8623712.73908182606101, 4707955.316649902611971 ], [ -8621212.73908182606101, 4707955.316649902611971 ], [ -8621212.73908182606101, 4705455.316649902611971 ], [ -8623712.73908182606101, 4705455.316649902611971 ] ] ] } },
{ "type": "Feature", "properties": { "cell_id": "G0223" }, "geometry": { "type": "Polygon", "coordinates": [ [ [ -8621212.73908182606101, 4707955.316649902611971 ], [ -8621212.73908182606101, 4710455.316649902611971 ], [ -8618712.73908182606101, 4710455.316649902611971 ], [ -8618712.73908182606101, 4707955.316649902611971 ], [ -8621212.73908182606101, 4707955.316649902611971 ] ] ] } },
{ "type": "Feature", "properties": { "cell_id": "G0224" }, "geometry": { "type": "Polygon", "coordinates": [ [ [ -8626212.73908182606101, 4705455.316649902611971 ], [ -8626212.73908182606101, 4707955.316649902611971 ], [ -8623712.73908182606101, 4707955.316649902611971 ], [ -8623712.73908182606101, 4705455.316649902611971 ], [ -8626212.73908182606101, 4705455.316649902611971 ] ] ] } },
{ "type": "Feature", "properties": { "cell_id": "G0225" }, "geometry": { "type": "Polygon", "coordinates": [ [ [ -8628712.73908182606101, 4707955.316649902611971 ], [ -8628712.73908182606101, 4710455.316649902611971 ], [ -8626212.73908182606101, 4710455.316649902611971 ], [ -8626212.73908182606101, 4707955.316649902611971 ], [ -8628712.73908182606101, 4707955.316649902611971 ] ] ] } },
{ "type": "Feature", "properties": { "cell_id": "G0226" }, "geometry": { "type": "Polygon", "coordinates": [ [ [ -8626212.73908182606101, 4707955.316649902611971 ], [ -8626212.73908182606101, 4710455.316649902611971 ], [ -8623712.73908182606101, 4710455.316649902611971 ], [ -8623712.73908182606101, 4707955.316649902611971 ], [ -8626212.73908182606101, 4707955.316649902611971 ] ] ] } },
{ "type": "Feature", "properties": { "cell_id": "G0227" }, "geometry": { "type": "Polygon", "coordinates": [ [ [ -8626212.73908182606101, 4710455.316649902611971 ], [ -8626212.73908182606101, 4712955.316649902611971 ], [ -8623712.73908182606101, 4712955.316649902611971 ], [ -8623712.73908182606101, 4710455.316649902611971 ], [ -8626212.73908182606101, 4710455.316649902611971 ] ] ] } },
{ "type": "Feature", "properties": { "cell_id": "G0228" }, "geometry": { "type": "Polygon", "coordinates": [ [ [ -8623712.73908182606101, 4710455.316649902611971 ], [ -8623712.73908182606101, 4712955.316649902611971 ], [ -8621212.73908182606101, 4712955.316649902611971 ], [ -8621212.73908182606101, 4710455.316649902611971 ], [ -8623712.73908182606101, 4710455.316649902611971 ] ] ] } },
{ "type": "Feature", "properties": { "cell_id": "G0229" }, "geometry": { "type": "Polygon", "coordinates": [ [ [ -8628712.73908182606101, 4710455.316649902611971 ], [ -8628712.73908182606101, 4712955.316649902611971 ], [ -8626212.73908182606101, 4712955.316649902611971 ], [ -8626212.73908182606101, 4710455.316649902611971 ], [ -8628712.73908182606101, 4710455.316649902611971 ] ] ] } },
{ "type": "Feature", "properties": { "cell_id": "G0230" }, "geometry": { "type": "Polygon", "coordinates": [ [ [ -8623712.73908182606101, 4712955.316649902611971 ], [ -8623712.73908182606101, 4715455.316649902611971 ], [ -8621212.73908182606101, 4715455.316649902611971 ], [ -8621212.73908182606101, 4712955.316649902611971 ], [ -8623712.73908182606101, 4712955.316649902611971 ] ] ] } },
{ "type": "Feature", "properties": { "cell_id": "G0231" }, "geometry": { "type": "Polygon", "coordinates": [ [ [ -8628712.73908182606101, 4712955.316649902611971 ], [ -8628712.73908182606101, 4715455.316649902611971 ], [ -8626212.73908182606101, 4715455.316649902611971 ], [ -8626212.73908182606101, 4712955.316649902611971 ], [ -8628712.73908182606101, 4712955.316649902611971 ] ] ] } },
{ "type": "Feature", "properties": { "cell_id": "G0232" }, "geometry": { "type": "Polygon", "coordinates": [ [ [ -8626212.73908182606101, 4712955.316649902611971 ], [ -8626212.73908182606101, 4715455.316649902611971 ], [ -8623712.73908182606101, 4715455.316649902611971 ], [ -8623712.73908182606101, 4712955.316649902611971 ], [ -8626212.73908182606101, 4712955.316649902611971 ] ] ] } },
{ "type": "Feature", "properties": { "cell_id": "G0233" }, "geometry": { "type": "Polygon", "coordinates": [ [ [ -8626212.73908182606101, 4715455.316649902611971 ], [ -8626212.73908182606101, 4717955.316649902611971 ], [ -8623712.73908182606101, 4717955.316649902611971 ], [ -8623712.73908182606101, 4715455.316649902611971 ], [ -8626212.73908182606101, 4715455.316649902611971 ] ] ] } },
{ "type": "Feature", "properties": { "cell_id": "G0234" }, "geometry": { "type": "Polygon", "coordinates": [ [ [ -8641212.73908182606101, 4705455.316649902611971 ], [ -8641212.73908182606101, 4707955.316649902611971 ], [ -8638712.73908182606101, 4707955.316649902611971 ], [ -8638712.73908182606101, 4705455.316649902611971 ], [ -8641212.73908182606101, 4705455.316649902611971 ] ] ] } },
{ "type": "Feature", "properties": { "cell_id": "G0235" }, "geometry": { "type": "Polygon", "coordinates": [ [ [ -8638712.73908182606101, 4705455.316649902611971 ], [ -8638712.73908182606101, 4707955.316649902611971 ], [ -8636212.73908182606101, 4707955.316649902611971 ], [ -8636212.73908182606101, 4705455.316649902611971 ], [ -8638712.73908182606101, 4705455.316649902611971 ] ] ] } },
{ "type": "Feature", "properties": { "cell_id": "G0236" }, "geometry": { "type": "Polygon", "coordinates": [ [ [ -8643712.73908182606101, 4705455.316649902611971 ], [ -8643712.73908182606101, 4707955.316649902611971 ], [ -8641212.73908182606101, 4707955.316649902611971 ], [ -8641212.73908182606101, 4705455.316649902611971 ], [ -8643712.73908182606101, 4705455.316649902611971 ] ] ] } },
{ "type": "Feature", "properties": { "cell_id": "G0237" }, "geometry": { "type": "Polygon", "coordinates": [ [ [ -8638712.73908182606101, 4707955.316649902611971 ], [ -8638712.73908182606101, 4710455.316649902611971 ], [ -8636212.73908182606101, 4710455.316649902611971 ], [ -8636212.73908182606101, 4707955.316649902611971 ], [ -8638712.73908182606101, 4707955.316649902611971 ] ] ] } },
{ "type": "Feature", "properties": { "cell_id": "G0238" }, "geometry": { "type": "Polygon", "coordinates": [ [ [ -8641212.73908182606101, 4707955.316649902611971 ], [ -8641212.73908182606101, 4710455.316649902611971 ], [ -8638712.73908182606101, 4710455.316649902611971 ], [ -8638712.73908182606101, 4707955.316649902611971 ], [ -8641212.73908182606101, 4707955.316649902611971 ] ] ] } },
{ "type": "Feature", "properties": { "cell_id": "G0239" }, "geometry": { "type": "Polygon", "coordinates": [ [ [ -8643712.73908182606101, 4707955.316649902611971 ], [ -8643712.73908182606101, 4710455.316649902611971 ], [ -8641212.73908182606101, 4710455.316649902611971 ], [ -8641212.73908182606101, 4707955.316649902611971 ], [ -8643712.73908182606101, 4707955.316649902611971 ] ] ] } },
{ "type": "Feature", "properties": { "cell_id": "G0240" }, "geometry": { "type": "Polygon", "coordinates": [ [ [ -8638712.73908182606101, 4710455.316649902611971 ], [ -8638712.73908182606101, 4712955.316649902611971 ], [ -8636212.73908182606101, 4712955.316649902611971 ], [ -8636212.73908182606101, 4710455.316649902611971 ], [ -8638712.73908182606101, 4710455.316649902611971 ] ] ] } },
{ "type": "Feature", "properties": { "cell_id": "G0241" }, "geometry": { "type": "Polygon", "coordinates": [ [ [ -8643712.73908182606101, 4710455.316649902611971 ], [ -8643712.73908182606101, 4712955.316649902611971 ], [ -8641212.73908182606101, 4712955.316649902611971 ], [ -8641212.73908182606101, 4710455.316649902611971 ], [ -8643712.73908182606101, 4710455.316649902611971 ] ] ] } },
{ "type": "Feature", "properties": { "cell_id": "G0242" }, "geometry": { "type": "Polygon", "coordinates": [ [ [ -8641212.73908182606101, 4710455.316649902611971 ], [ -8641212.73908182606101, 4712955.316649902611971 ], [ -8638712.73908182606101, 4712955.316649902611971 ], [ -8638712.73908182606101, 4710455.316649902611971 ], [ -8641212.73908182606101, 4710455.316649902611971 ] ] ] } },
{ "type": "Feature", "properties": { "cell_id": "G0243" }, "geometry": { "type": "Polygon", "coordinates": [ [ [ -8643712.73908182606101, 4712955.316649902611971 ], [ -8643712.73908182606101, 4715455.316649902611971 ], [ -8641212.73908182606101, 4715455.316649902611971 ], [ -8641212.73908182606101, 4712955.316649902611971 ], [ -8643712.73908182606101, 4712955.316649902611971 ] ] ] } },
{ "type": "Feature", "properties": { "cell_id": "G0244" }, "geometry": { "type": "Polygon", "coordinates": [ [ [ -8648712.73908182606101, 4715455.316649902611971 ], [ -8648712.73908182606101, 4714712.123018376529217 ], [ -8651194.802008295431733, 4715455.316649902611971 ], [ -8648712.73908182606101, 4715455.316649902611971 ] ] ] } },
{ "type": "Feature", "properties": { "cell_id": "G0245" }, "geometry": { "type": "Polygon", "coordinates": [ [ [ -8653712.73908182606101, 4717955.316649902611971 ], [ -8651212.73908182606101, 4717955.316649902611971 ], [ -8651212.73908182606101, 4715460.687472162768245 ], [ -8652750.250841563567519, 4715921.058132409118116 ], [ -8653712.73908182606101, 4716208.088430294767022 ], [ -8653712.73908182606101, 4717955.316649902611971 ] ] ] } },
{ "type": "Feature", "properties": { "cell_id": "G0246" }, "geometry": { "type": "Polygon", "coordinates": [ [ [ -8651212.73908182606101, 4717955.316649902611971 ], [ -8648712.73908182606101, 4717955.316649902611971 ], [ -8648712.73908182606101, 4715455.316649902611971 ], [ -8651194.802008295431733, 4715455.316649902611971 ], [ -8651212.73908182606101, 4715460.687472162768245 ], [ -8651212.73908182606101, 4717955.316649902611971 ] ] ] } },
{ "type": "Feature", "properties": { "cell_id": "G0247" }, "geometry": { "type": "Polygon", "coordinates": [ [ [ -8646212.73908182606101, 4707955.316649902611971 ], [ -8646583.780265551060438, 4707955.316649902611971 ], [ -8646566.675766980275512, 4707987.501649035140872 ], [ -8646255.649109702557325, 4708504.205421862192452 ], [ -8646212.73908182606101, 4708637.595865231007338 ], [ -8646212.73908182606101, 4707955.316649902611971 ] ] ] } },
{ "type": "Feature", "properties": { "cell_id": "G0248" }, "geometry": { "type": "Polygon", "coordinates": [ [ [ -8643712.73908182606101, 4710455.316649902611971 ], [ -8643712.73908182606101, 4707955.316649902611971 ], [ -8646212.73908182606101, 4707955.316649902611971 ], [ -8646212.73908182606101, 4708637.595865231007338 ], [ -8646022.32345699891448, 4709229.523344121873379 ], [ -8645652.85406705737114, 4709751.727101627737284 ], [ -8645660.423792431131005, 4709963.620724545791745 ], [ -8645493.667195223271847, 4710284.402605089358985 ], [ -8645522.460596356540918, 4710455.316649902611971 ], [ -8643712.73908182606101, 4710455.316649902611971 ] ] ] } },
{ "type": "Feature", "properties": { "cell_id": "G0249" }, "geometry": { "type": "Polygon", "coordinates": [ [ [ -8643712.73908182606101, 4712955.316649902611971 ], [ -8643712.73908182606101, 4710455.316649902611971 ], [ -8645522.460596356540918, 4710455.316649902611971 ], [ -8645524.280055191367865, 4710466.11673104763031 ], [ -8645352.402761405333877, 4711018.862448658794165 ], [ -8645478.861702946946025, 4711150.650170730426908 ], [ -8645344.276438577100635, 4711615.426608875393867 ], [ -8645167.835045671090484, 4711895.046824978664517 ], [ -8645064.085280250757933, 4712163.941698619164526 ], [ -8644798.031697256490588, 4712361.71778098680079 ], [ -8644700.73846230097115, 4712642.074128166772425 ], [ -8644708.74732131510973, 4712955.316649902611971 ], [ -8643712.73908182606101, 4712955.316649902611971 ] ] ] } },
{ "type": "Feature", "properties": { "cell_id": "G0250" }, "geometry": { "type": "Polygon", "coordinates": [ [ [ -8646212.73908182606101, 4715455.316649902611971 ], [ -8643712.73908182606101, 4715455.316649902611971 ], [ -8643712.73908182606101, 4712955.316649902611971 ], [ -8644708.74732131510973, 4712955.316649902611971 ], [ -8644710.757216474041343, 4713033.927676348946989 ], [ -8644533.870545603334904, 4713460.862041072919965 ], [ -8646212.73908182606101, 4713963.558564591221511 ], [ -8646212.73908182606101, 4715455.316649902611971 ] ] ] } },
{ "type": "Feature", "properties": { "cell_id": "G0251" }, "geometry": { "type": "Polygon", "coordinates": [ [ [ -8648712.73908182606101, 4715455.316649902611971 ], [ -8646212.73908182606101, 4715455.316649902611971 ], [ -8646212.73908182606101, 4713963.558564591221511 ], [ -8648712.73908182606101, 4714712.123018376529217 ], [ -8648712.73908182606101, 4715455.316649902611971 ] ] ] } },
{ "type": "Feature", "properties": { "cell_id": "G0252" }, "geometry": { "type": "Polygon", "coordinates": [ [ [ -8648712.73908182606101, 4715455.316649902611971 ], [ -8648712.73908182606101, 4717955.316649902611971 ], [ -8646212.73908182606101, 4717955.316649902611971 ], [ -8646212.73908182606101, 4715455.316649902611971 ], [ -8648712.73908182606101, 4715455.316649902611971 ] ] ] } },
{ "type": "Feature", "properties": { "cell_id": "G0253" }, "geometry": { "type": "Polygon", "coordinates": [ [ [ -8646212.73908182606101, 4715455.316649902611971 ], [ -8646212.73908182606101, 4717955.316649902611971 ], [ -8643712.73908182606101, 4717955.316649902611971 ], [ -8643712.73908182606101, 4715455.316649902611971 ], [ -8646212.73908182606101, 4715455.316649902611971 ] ] ] } },
{ "type": "Feature", "properties": { "cell_id": "G0254" }, "geometry": { "type": "Polygon", "coordinates": [ [ [ -8646212.73908182606101, 4717955.316649902611971 ], [ -8646212.73908182606101, 4720455.316649902611971 ], [ -8643712.73908182606101, 4720455.316649902611971 ], [ -8643712.73908182606101, 4717955.316649902611971 ], [ -8646212.73908182606101, 4717955.316649902611971 ] ] ] } },
{ "type": "Feature", "properties": { "cell_id": "G0255" }, "geometry": { "type": "Polygon", "coordinates": [ [ [ -8641212.73908182606101, 4712955.316649902611971 ], [ -8641212.73908182606101, 4715455.316649902611971 ], [ -8638712.73908182606101, 4715455.316649902611971 ], [ -8638712.73908182606101, 4712955.316649902611971 ], [ -8641212.73908182606101, 4712955.316649902611971 ] ] ] } },
{ "type": "Feature", "properties": { "cell_id": "G0256" }, "geometry": { "type": "Polygon", "coordinates": [ [ [ -8638712.73908182606101, 4712955.316649902611971 ], [ -8638712.73908182606101, 4715455.316649902611971 ], [ -8636212.73908182606101, 4715455.316649902611971 ], [ -8636212.73908182606101, 4712955.316649902611971 ], [ -8638712.73908182606101, 4712955.316649902611971 ] ] ] } },
{ "type": "Feature", "properties": { "cell_id": "G0257" }, "geometry": { "type": "Polygon", "coordinates": [ [ [ -8643712.73908182606101, 4715455.316649902611971 ], [ -8643712.73908182606101, 4717955.316649902611971 ], [ -8641212.73908182606101, 4717955.316649902611971 ], [ -8641212.73908182606101, 4715455.316649902611971 ], [ -8643712.73908182606101, 4715455.316649902611971 ] ] ] } },
{ "type": "Feature", "properties": { "cell_id": "G0258" }, "geometry": { "type": "Polygon", "coordinates": [ [ [ -8641212.73908182606101, 4715455.316649902611971 ], [ -8641212.73908182606101, 4717955.316649902611971 ], [ -8638712.73908182606101, 4717955.316649902611971 ], [ -8638712.73908182606101, 4715455.316649902611971 ], [ -8641212.73908182606101, 4715455.316649902611971 ] ] ] } },
{ "type": "Feature", "properties": { "cell_id": "G0259" }, "geometry": { "type": "Polygon", "coordinates": [ [ [ -8638712.73908182606101, 4715455.316649902611971 ], [ -8638712.73908182606101, 4717955.316649902611971 ], [ -8636212.73908182606101, 4717955.316649902611971 ], [ -8636212.73908182606101, 4715455.316649902611971 ], [ -8638712.73908182606101, 4715455.316649902611971 ] ] ] } },
{ "type": "Feature", "properties": { "cell_id": "G0260" }, "geometry": { "type": "Polygon", "coordinates": [ [ [ -8643712.73908182606101, 4717955.316649902611971 ], [ -8643712.73908182606101, 4720455.316649902611971 ], [ -8641212.73908182606101, 4720455.316649902611971 ], [ -8641212.73908182606101, 4717955.316649902611971 ], [ -8643712.73908182606101, 4717955.316649902611971 ] ] ] } },
{ "type": "Feature", "properties": { "cell_id": "G0261" }, "geometry": { "type": "Polygon", "coordinates": [ [ [ -8641212.73908182606101, 4717955.316649902611971 ], [ -8641212.73908182606101, 4720455.316649902611971 ], [ -8638712.73908182606101, 4720455.316649902611971 ], [ -8638712.73908182606101, 4717955.316649902611971 ], [ -8641212.73908182606101, 4717955.316649902611971 ] ] ] } },
{ "type": "Feature", "properties": { "cell_id": "G0262" }, "geometry": { "type": "Polygon", "coordinates": [ [ [ -8638712.73908182606101, 4717955.316649902611971 ], [ -8638712.73908182606101, 4720455.316649902611971 ], [ -8636212.73908182606101, 4720455.316649902611971 ], [ -8636212.73908182606101, 4717955.316649902611971 ], [ -8638712.73908182606101, 4717955.316649902611971 ] ] ] } },
{ "type": "Feature", "properties": { "cell_id": "G0263" }, "geometry": { "type": "Polygon", "coordinates": [ [ [ -8643712.73908182606101, 4720455.316649902611971 ], [ -8643712.73908182606101, 4722955.316649902611971 ], [ -8641212.73908182606101, 4722955.316649902611971 ], [ -8641212.73908182606101, 4720455.316649902611971 ], [ -8643712.73908182606101, 4720455.316649902611971 ] ] ] } },
{ "type": "Feature", "properties": { "cell_id": "G0264" }, "geometry": { "type": "Polygon", "coordinates": [ [ [ -8641212.73908182606101, 4720455.316649902611971 ], [ -8641212.73908182606101, 4722955.316649902611971 ], [ -8638712.73908182606101, 4722955.316649902611971 ], [ -8638712.73908182606101, 4720455.316649902611971 ], [ -8641212.73908182606101, 4720455.316649902611971 ] ] ] } },
{ "type": "Feature", "properties": { "cell_id": "G0265" }, "geometry": { "type": "Polygon", "coordinates": [ [ [ -8656212.73908182606101, 4717955.316649902611971 ], [ -8653712.73908182606101, 4717955.316649902611971 ], [ -8653712.73908182606101, 4716208.088430294767022 ], [ -8656212.73908182606101, 4716953.630780526436865 ], [ -8656212.73908182606101, 4717955.316649902611971 ] ] ] } },
{ "type": "Feature", "properties": { "cell_id": "G0266" }, "geometry": { "type": "Polygon", "coordinates": [ [ [ -8651212.73908182606101, 4717955.316649902611971 ], [ -8651212.73908182606101, 4720455.316649902611971 ], [ -8648712.73908182606101, 4720455.316649902611971 ], [ -8648712.73908182606101, 4717955.316649902611971 ], [ -8651212.73908182606101, 4717955.316649902611971 ] ] ] } },
{ "type": "Feature", "properties": { "cell_id": "G0267" }, "geometry": { "type": "Polygon", "coordinates": [ [ [ -8653712.73908182606101, 4717955.316649902611971 ], [ -8653712.73908182606101, 4720455.316649902611971 ], [ -8651212.73908182606101, 4720455.316649902611971 ], [ -8651212.73908182606101, 4717955.316649902611971 ], [ -8653712.73908182606101, 4717955.316649902611971 ] ] ] } },
{ "type": "Feature", "properties": { "cell_id": "G0268" }, "geometry": { "type": "Polygon", "coordinates": [ [ [ -8656212.73908182606101, 4717955.316649902611971 ], [ -8656212.73908182606101, 4720455.316649902611971 ], [ -8653712.73908182606101, 4720455.316649902611971 ], [ -8653712.73908182606101, 4717955.316649902611971 ], [ -8656212.73908182606101, 4717955.316649902611971 ] ] ] } },
{ "type": "Feature", "properties": { "cell_id": "G0269" }, "geometry": { "type": "Polygon", "coordinates": [ [ [ -8651212.73908182606101, 4720455.316649902611971 ], [ -8651212.73908182606101, 4722955.316649902611971 ], [ -8648712.73908182606101, 4722955.316649902611971 ], [ -8648712.73908182606101, 4720455.316649902611971 ], [ -8651212.73908182606101, 4720455.316649902611971 ] ] ] } },
{ "type": "Feature", "properties": { "cell_id": "G0270" }, "geometry": { "type": "Polygon", "coordinates": [ [ [ -8653712.73908182606101, 4720455.316649902611971 ], [ -8653712.73908182606101, 4722955.316649902611971 ], [ -8651212.73908182606101, 4722955.316649902611971 ], [ -8651212.73908182606101, 4720455.316649902611971 ], [ -8653712.73908182606101, 4720455.316649902611971 ] ] ] } },
{ "type": "Feature", "properties": { "cell_id": "G0271" }, "geometry": { "type": "Polygon", "coordinates": [ [ [ -8656212.73908182606101, 4720455.316649902611971 ], [ -8656212.73908182606101, 4722955.316649902611971 ], [ -8653712.73908182606101, 4722955.316649902611971 ], [ -8653712.73908182606101, 4720455.316649902611971 ], [ -8656212.73908182606101, 4720455.316649902611971 ] ] ] } },
{ "type": "Feature", "properties": { "cell_id": "G0272" }, "geometry": { "type": "Polygon", "coordinates": [ [ [ -8656212.73908182606101, 4722955.316649902611971 ], [ -8656212.73908182606101, 4725455.316649902611971 ], [ -8653712.73908182606101, 4725455.316649902611971 ], [ -8653712.73908182606101, 4722955.316649902611971 ], [ -8656212.73908182606101, 4722955.316649902611971 ] ] ] } },
{ "type": "Feature", "properties": { "cell_id": "G0273" }, "geometry": { "type": "Polygon", "coordinates": [ [ [ -8651212.73908182606101, 4722955.316649902611971 ], [ -8651212.73908182606101, 4725455.316649902611971 ], [ -8648712.73908182606101, 4725455.316649902611971 ], [ -8648712.73908182606101, 4722955.316649902611971 ], [ -8651212.73908182606101, 4722955.316649902611971 ] ] ] } },
{ "type": "Feature", "properties": { "cell_id": "G0274" }, "geometry": { "type": "Polygon", "coordinates": [ [ [ -8653712.73908182606101, 4722955.316649902611971 ], [ -8653712.73908182606101, 4725455.316649902611971 ], [ -8651212.73908182606101, 4725455.316649902611971 ], [ -8651212.73908182606101, 4722955.316649902611971 ], [ -8653712.73908182606101, 4722955.316649902611971 ] ] ] } },
{ "type": "Feature", "properties": { "cell_id": "G0275" }, "geometry": { "type": "Polygon", "coordinates": [ [ [ -8648712.73908182606101, 4717955.316649902611971 ], [ -8648712.73908182606101, 4720455.316649902611971 ], [ -8646212.73908182606101, 4720455.316649902611971 ], [ -8646212.73908182606101, 4717955.316649902611971 ], [ -8648712.73908182606101, 4717955.316649902611971 ] ] ] } },
{ "type": "Feature", "properties": { "cell_id": "G0276" }, "geometry": { "type": "Polygon", "coordinates": [ [ [ -8648712.73908182606101, 4720455.316649902611971 ], [ -8648712.73908182606101, 4722955.316649902611971 ], [ -8646212.73908182606101, 4722955.316649902611971 ], [ -8646212.73908182606101, 4720455.316649902611971 ], [ -8648712.73908182606101, 4720455.316649902611971 ] ] ] } },
{ "type": "Feature", "properties": { "cell_id": "G0277" }, "geometry": { "type": "Polygon", "coordinates": [ [ [ -8646212.73908182606101, 4720455.316649902611971 ], [ -8646212.73908182606101, 4722955.316649902611971 ], [ -8643712.73908182606101, 4722955.316649902611971 ], [ -8643712.73908182606101, 4720455.316649902611971 ], [ -8646212.73908182606101, 4720455.316649902611971 ] ] ] } },
{ "type": "Feature", "properties": { "cell_id": "G0278" }, "geometry": { "type": "Polygon", "coordinates": [ [ [ -8648712.73908182606101, 4722955.316649902611971 ], [ -8648712.73908182606101, 4725455.316649902611971 ], [ -8646212.73908182606101, 4725455.316649902611971 ], [ -8646212.73908182606101, 4722955.316649902611971 ], [ -8648712.73908182606101, 4722955.316649902611971 ] ] ] } },
{ "type": "Feature", "properties": { "cell_id": "G0279" }, "geometry": { "type": "Polygon", "coordinates": [ [ [ -8646212.73908182606101, 4722955.316649902611971 ], [ -8646212.73908182606101, 4725455.316649902611971 ], [ -8643712.73908182606101, 4725455.316649902611971 ], [ -8643712.73908182606101, 4722955.316649902611971 ], [ -8646212.73908182606101, 4722955.316649902611971 ] ] ] } },
{ "type": "Feature", "properties": { "cell_id": "G0280" }, "geometry": { "type": "Polygon", "coordinates": [ [ [ -8648712.73908182606101, 4725455.316649902611971 ], [ -8648712.73908182606101, 4727955.316649902611971 ], [ -8646212.73908182606101, 4727955.316649902611971 ], [ -8646212.73908182606101, 4725455.316649902611971 ], [ -8648712.73908182606101, 4725455.316649902611971 ] ] ] } },
{ "type": "Feature", "properties": { "cell_id": "G0281" }, "geometry": { "type": "Polygon", "coordinates": [ [ [ -8646212.73908182606101, 4725455.316649902611971 ], [ -8646212.73908182606101, 4727955.316649902611971 ], [ -8643712.73908182606101, 4727955.316649902611971 ], [ -8643712.73908182606101, 4725455.316649902611971 ], [ -8646212.73908182606101, 4725455.316649902611971 ] ] ] } },
{ "type": "Feature", "properties": { "cell_id": "G0282" }, "geometry": { "type": "Polygon", "coordinates": [ [ [ -8648712.73908182606101, 4727955.316649902611971 ], [ -8648712.73908182606101, 4730455.316649902611971 ], [ -8646212.73908182606101, 4730455.316649902611971 ], [ -8646212.73908182606101, 4727955.316649902611971 ], [ -8648712.73908182606101, 4727955.316649902611971 ] ] ] } },
{ "type": "Feature", "properties": { "cell_id": "G0283" }, "geometry": { "type": "Polygon", "coordinates": [ [ [ -8646212.73908182606101, 4727955.316649902611971 ], [ -8646212.73908182606101, 4730455.316649902611971 ], [ -8643712.73908182606101, 4730455.316649902611971 ], [ -8643712.73908182606101, 4727955.316649902611971 ], [ -8646212.73908182606101, 4727955.316649902611971 ] ] ] } },
{ "type": "Feature", "properties": { "cell_id": "G0284" }, "geometry": { "type": "Polygon", "coordinates": [ [ [ -8648712.73908182606101, 4730455.316649902611971 ], [ -8648712.73908182606101, 4732955.316649902611971 ], [ -8646212.73908182606101, 4732955.316649902611971 ], [ -8646212.73908182606101, 4730455.316649902611971 ], [ -8648712.73908182606101, 4730455.316649902611971 ] ] ] } },
{ "type": "Feature", "properties": { "cell_id": "G0285" }, "geometry": { "type": "Polygon", "coordinates": [ [ [ -8638712.73908182606101, 4720455.316649902611971 ], [ -8638712.73908182606101, 4722955.316649902611971 ], [ -8636212.73908182606101, 4722955.316649902611971 ], [ -8636212.73908182606101, 4720455.316649902611971 ], [ -8638712.73908182606101, 4720455.316649902611971 ] ] ] } },
{ "type": "Feature", "properties": { "cell_id": "G0286" }, "geometry": { "type": "Polygon", "coordinates": [ [ [ -8643712.73908182606101, 4722955.316649902611971 ], [ -8643712.73908182606101, 4725455.316649902611971 ], [ -8641212.73908182606101, 4725455.316649902611971 ], [ -8641212.73908182606101, 4722955.316649902611971 ], [ -8643712.73908182606101, 4722955.316649902611971 ] ] ] } },
{ "type": "Feature", "properties": { "cell_id": "G0287" }, "geometry": { "type": "Polygon", "coordinates": [ [ [ -8638712.73908182606101, 4722955.316649902611971 ], [ -8638712.73908182606101, 4725455.316649902611971 ], [ -8636212.73908182606101, 4725455.316649902611971 ], [ -8636212.73908182606101, 4722955.316649902611971 ], [ -8638712.73908182606101, 4722955.316649902611971 ] ] ] } },
{ "type": "Feature", "properties": { "cell_id": "G0288" }, "geometry": { "type": "Polygon", "coordinates": [ [ [ -8641212.73908182606101, 4722955.316649902611971 ], [ -8641212.73908182606101, 4725455.316649902611971 ], [ -8638712.73908182606101, 4725455.316649902611971 ], [ -8638712.73908182606101, 4722955.316649902611971 ], [ -8641212.73908182606101, 4722955.316649902611971 ] ] ] } },
{ "type": "Feature", "properties": { "cell_id": "G0289" }, "geometry": { "type": "Polygon", "coordinates": [ [ [ -8643712.73908182606101, 4725455.316649902611971 ], [ -8643712.73908182606101, 4727955.316649902611971 ], [ -8641212.73908182606101, 4727955.316649902611971 ], [ -8641212.73908182606101, 4725455.316649902611971 ], [ -8643712.73908182606101, 4725455.316649902611971 ] ] ] } },
{ "type": "Feature", "properties": { "cell_id": "G0290" }, "geometry": { "type": "Polygon", "coordinates": [ [ [ -8638712.73908182606101, 4725455.316649902611971 ], [ -8638712.73908182606101, 4727955.316649902611971 ], [ -8636212.73908182606101, 4727955.316649902611971 ], [ -8636212.73908182606101, 4725455.316649902611971 ], [ -8638712.73908182606101, 4725455.316649902611971 ] ] ] } },
{ "type": "Feature", "properties": { "cell_id": "G0291" }, "geometry": { "type": "Polygon", "coordinates": [ [ [ -8641212.73908182606101, 4725455.316649902611971 ], [ -8641212.73908182606101, 4727955.316649902611971 ], [ -8638712.73908182606101, 4727955.316649902611971 ], [ -8638712.73908182606101, 4725455.316649902611971 ], [ -8641212.73908182606101, 4725455.316649902611971 ] ] ] } },
{ "type": "Feature", "properties": { "cell_id": "G0292" }, "geometry": { "type": "Polygon", "coordinates": [ [ [ -8643712.73908182606101, 4727955.316649902611971 ], [ -8643712.73908182606101, 4730455.316649902611971 ], [ -8641212.73908182606101, 4730455.316649902611971 ], [ -8641212.73908182606101, 4727955.316649902611971 ], [ -8643712.73908182606101, 4727955.316649902611971 ] ] ] } },
{ "type": "Feature", "properties": { "cell_id": "G0293" }, "geometry": { "type": "Polygon", "coordinates": [ [ [ -8638712.73908182606101, 4727955.316649902611971 ], [ -8638712.73908182606101, 4730455.316649902611971 ], [ -8636212.73908182606101, 4730455.316649902611971 ], [ -8636212.73908182606101, 4727955.316649902611971 ], [ -8638712.73908182606101, 4727955.316649902611971 ] ] ] } },
{ "type": "Feature", "properties": { "cell_id": "G0294" }, "geometry": { "type": "Polygon", "coordinates": [ [ [ -8641212.73908182606101, 4727955.316649902611971 ], [ -8641212.73908182606101, 4730455.316649902611971 ], [ -8638712.73908182606101, 4730455.316649902611971 ], [ -8638712.73908182606101, 4727955.316649902611971 ], [ -8641212.73908182606101, 4727955.316649902611971 ] ] ] } },
{ "type": "Feature", "properties": { "cell_id": "G0295" }, "geometry": { "type": "Polygon", "coordinates": [ [ [ -8656212.73908182606101, 4725455.316649902611971 ], [ -8656212.73908182606101, 4727955.316649902611971 ], [ -8653712.73908182606101, 4727955.316649902611971 ], [ -8653712.73908182606101, 4725455.316649902611971 ], [ -8656212.73908182606101, 4725455.316649902611971 ] ] ] } },
{ "type": "Feature", "properties": { "cell_id": "G0296" }, "geometry": { "type": "Polygon", "coordinates": [ [ [ -8653712.73908182606101, 4725455.316649902611971 ], [ -8653712.73908182606101, 4727955.316649902611971 ], [ -8651212.73908182606101, 4727955.316649902611971 ], [ -8651212.73908182606101, 4725455.316649902611971 ], [ -8653712.73908182606101, 4725455.316649902611971 ] ] ] } },
{ "type": "Feature", "properties": { "cell_id": "G0297" }, "geometry": { "type": "Polygon", "coordinates": [ [ [ -8651212.73908182606101, 4725455.316649902611971 ], [ -8651212.73908182606101, 4727955.316649902611971 ], [ -8648712.73908182606101, 4727955.316649902611971 ], [ -8648712.73908182606101, 4725455.316649902611971 ], [ -8651212.73908182606101, 4725455.316649902611971 ] ] ] } },
{ "type": "Feature", "properties": { "cell_id": "G0298" }, "geometry": { "type": "Polygon", "coordinates": [ [ [ -8656212.73908182606101, 4727955.316649902611971 ], [ -8656212.73908182606101, 4730455.316649902611971 ], [ -8653712.73908182606101, 4730455.316649902611971 ], [ -8653712.73908182606101, 4727955.316649902611971 ], [ -8656212.73908182606101, 4727955.316649902611971 ] ] ] } },
{ "type": "Feature", "properties": { "cell_id": "G0299" }, "geometry": { "type": "Polygon", "coordinates": [ [ [ -8651212.73908182606101, 4727955.316649902611971 ], [ -8651212.73908182606101, 4730455.316649902611971 ], [ -8648712.73908182606101, 4730455.316649902611971 ], [ -8648712.73908182606101, 4727955.316649902611971 ], [ -8651212.73908182606101, 4727955.316649902611971 ] ] ] } },
{ "type": "Feature", "properties": { "cell_id": "G0300" }, "geometry": { "type": "Polygon", "coordinates": [ [ [ -8653712.73908182606101, 4727955.316649902611971 ], [ -8653712.73908182606101, 4730455.316649902611971 ], [ -8651212.73908182606101, 4730455.316649902611971 ], [ -8651212.73908182606101, 4727955.316649902611971 ], [ -8653712.73908182606101, 4727955.316649902611971 ] ] ] } },
{ "type": "Feature", "properties": { "cell_id": "G0301" }, "geometry": { "type": "Polygon", "coordinates": [ [ [ -8653712.73908182606101, 4730455.316649902611971 ], [ -8653712.73908182606101, 4732955.316649902611971 ], [ -8651212.73908182606101, 4732955.316649902611971 ], [ -8651212.73908182606101, 4730455.316649902611971 ], [ -8653712.73908182606101, 4730455.316649902611971 ] ] ] } },
{ "type": "Feature", "properties": { "cell_id": "G0302" }, "geometry": { "type": "Polygon", "coordinates": [ [ [ -8656212.73908182606101, 4730455.316649902611971 ], [ -8656212.73908182606101, 4732955.316649902611971 ], [ -8653712.73908182606101, 4732955.316649902611971 ], [ -8653712.73908182606101, 4730455.316649902611971 ], [ -8656212.73908182606101, 4730455.316649902611971 ] ] ] } },
{ "type": "Feature", "properties": { "cell_id": "G0303" }, "geometry": { "type": "Polygon", "coordinates": [ [ [ -8651212.73908182606101, 4730455.316649902611971 ], [ -8651212.73908182606101, 4732955.316649902611971 ], [ -8648712.73908182606101, 4732955.316649902611971 ], [ -8648712.73908182606101, 4730455.316649902611971 ], [ -8651212.73908182606101, 4730455.316649902611971 ] ] ] } },
{ "type": "Feature", "properties": { "cell_id": "G0304" }, "geometry": { "type": "Polygon", "coordinates": [ [ [ -8656212.73908182606101, 4732955.316649902611971 ], [ -8656212.73908182606101, 4735455.316649902611971 ], [ -8653712.73908182606101, 4735455.316649902611971 ], [ -8653712.73908182606101, 4732955.316649902611971 ], [ -8656212.73908182606101, 4732955.316649902611971 ] ] ] } },
{ "type": "Feature", "properties": { "cell_id": "G0305" }, "geometry": { "type": "Polygon", "coordinates": [ [ [ -8638712.73908182606101, 4730455.316649902611971 ], [ -8638712.73908182606101, 4732955.316649902611971 ], [ -8636212.73908182606101, 4732955.316649902611971 ], [ -8636212.73908182606101, 4730455.316649902611971 ], [ -8638712.73908182606101, 4730455.316649902611971 ] ] ] } },
{ "type": "Feature", "properties": { "cell_id": "G0306" }, "geometry": { "type": "Polygon", "coordinates": [ [ [ -8643712.73908182606101, 4730455.316649902611971 ], [ -8643712.73908182606101, 4732955.316649902611971 ], [ -8641212.73908182606101, 4732955.316649902611971 ], [ -8641212.73908182606101, 4730455.316649902611971 ], [ -8643712.73908182606101, 4730455.316649902611971 ] ] ] } },
{ "type": "Feature", "properties": { "cell_id": "G0307" }, "geometry": { "type": "Polygon", "coordinates": [ [ [ -8641212.73908182606101, 4730455.316649902611971 ], [ -8641212.73908182606101, 4732955.316649902611971 ], [ -8638712.73908182606101, 4732955.316649902611971 ], [ -8638712.73908182606101, 4730455.316649902611971 ], [ -8641212.73908182606101, 4730455.316649902611971 ] ] ] } },
{ "type": "Feature", "properties": { "cell_id": "G0308" }, "geometry": { "type": "Polygon", "coordinates": [ [ [ -8643712.73908182606101, 4732955.316649902611971 ], [ -8643712.73908182606101, 4735455.316649902611971 ], [ -8641212.73908182606101, 4735455.316649902611971 ], [ -8641212.73908182606101, 4732955.316649902611971 ], [ -8643712.73908182606101, 4732955.316649902611971 ] ] ] } },
{ "type": "Feature", "properties": { "cell_id": "G0309" }, "geometry": { "type": "Polygon", "coordinates": [ [ [ -8638712.73908182606101, 4732955.316649902611971 ], [ -8638712.73908182606101, 4735455.316649902611971 ], [ -8636212.73908182606101, 4735455.316649902611971 ], [ -8636212.73908182606101, 4732955.316649902611971 ], [ -8638712.73908182606101, 4732955.316649902611971 ] ] ] } },
{ "type": "Feature", "properties": { "cell_id": "G0310" }, "geometry": { "type": "Polygon", "coordinates": [ [ [ -8641212.73908182606101, 4732955.316649902611971 ], [ -8641212.73908182606101, 4735455.316649902611971 ], [ -8638712.73908182606101, 4735455.316649902611971 ], [ -8638712.73908182606101, 4732955.316649902611971 ], [ -8641212.73908182606101, 4732955.316649902611971 ] ] ] } },
{ "type": "Feature", "properties": { "cell_id": "G0311" }, "geometry": { "type": "Polygon", "coordinates": [ [ [ -8638712.73908182606101, 4735455.316649902611971 ], [ -8638712.73908182606101, 4737955.316649902611971 ], [ -8636212.73908182606101, 4737955.316649902611971 ], [ -8636212.73908182606101, 4735455.316649902611971 ], [ -8638712.73908182606101, 4735455.316649902611971 ] ] ] } },
{ "type": "Feature", "properties": { "cell_id": "G0312" }, "geometry": { "type": "Polygon", "coordinates": [ [ [ -8641212.73908182606101, 4735455.316649902611971 ], [ -8641212.73908182606101, 4737955.316649902611971 ], [ -8638712.73908182606101, 4737955.316649902611971 ], [ -8638712.73908182606101, 4735455.316649902611971 ], [ -8641212.73908182606101, 4735455.316649902611971 ] ] ] } },
{ "type": "Feature", "properties": { "cell_id": "G0313" }, "geometry": { "type": "Polygon", "coordinates": [ [ [ -8638712.73908182606101, 4737955.316649902611971 ], [ -8638712.73908182606101, 4740455.316649902611971 ], [ -8636212.73908182606101, 4740455.316649902611971 ], [ -8636212.73908182606101, 4737955.316649902611971 ], [ -8638712.73908182606101, 4737955.316649902611971 ] ] ] } },
{ "type": "Feature", "properties": { "cell_id": "G0314" }, "geometry": { "type": "Polygon", "coordinates": [ [ [ -8641212.73908182606101, 4737955.316649902611971 ], [ -8641212.73908182606101, 4740455.316649902611971 ], [ -8638712.73908182606101, 4740455.316649902611971 ], [ -8638712.73908182606101, 4737955.316649902611971 ], [ -8641212.73908182606101, 4737955.316649902611971 ] ] ] } },
{ "type": "Feature", "properties": { "cell_id": "G0315" }, "geometry": { "type": "Polygon", "coordinates": [ [ [ -8646212.73908182606101, 4730455.316649902611971 ], [ -8646212.73908182606101, 4732955.316649902611971 ], [ -8643712.73908182606101, 4732955.316649902611971 ], [ -8643712.73908182606101, 4730455.316649902611971 ], [ -8646212.73908182606101, 4730455.316649902611971 ] ] ] } },
{ "type": "Feature", "properties": { "cell_id": "G0316" }, "geometry": { "type": "Polygon", "coordinates": [ [ [ -8648712.73908182606101, 4732955.316649902611971 ], [ -8648712.73908182606101, 4735455.316649902611971 ], [ -8646212.73908182606101, 4735455.316649902611971 ], [ -8646212.73908182606101, 4732955.316649902611971 ], [ -8648712.73908182606101, 4732955.316649902611971 ] ] ] } },
{ "type": "Feature", "properties": { "cell_id": "G0317" }, "geometry": { "type": "Polygon", "coordinates": [ [ [ -8646212.73908182606101, 4732955.316649902611971 ], [ -8646212.73908182606101, 4735455.316649902611971 ], [ -8643712.73908182606101, 4735455.316649902611971 ], [ -8643712.73908182606101, 4732955.316649902611971 ], [ -8646212.73908182606101, 4732955.316649902611971 ] ] ] } },
{ "type": "Feature", "properties": { "cell_id": "G0318" }, "geometry": { "type": "Polygon", "coordinates": [ [ [ -8643712.73908182606101, 4735455.316649902611971 ], [ -8643712.73908182606101, 4737955.316649902611971 ], [ -8641212.73908182606101, 4737955.316649902611971 ], [ -8641212.73908182606101, 4735455.316649902611971 ], [ -8643712.73908182606101, 4735455.316649902611971 ] ] ] } },
{ "type": "Feature", "properties": { "cell_id": "G0319" }, "geometry": { "type": "Polygon", "coordinates": [ [ [ -8646212.73908182606101, 4735455.316649902611971 ], [ -8646212.73908182606101, 4737955.316649902611971 ], [ -8643712.73908182606101, 4737955.316649902611971 ], [ -8643712.73908182606101, 4735455.316649902611971 ], [ -8646212.73908182606101, 4735455.316649902611971 ] ] ] } },
{ "type": "Feature", "properties": { "cell_id": "G0320" }, "geometry": { "type": "Polygon", "coordinates": [ [ [ -8648712.73908182606101, 4735455.316649902611971 ], [ -8648712.73908182606101, 4737955.316649902611971 ], [ -8646212.73908182606101, 4737955.316649902611971 ], [ -8646212.73908182606101, 4735455.316649902611971 ], [ -8648712.73908182606101, 4735455.316649902611971 ] ] ] } },
{ "type": "Feature", "properties": { "cell_id": "G0321" }, "geometry": { "type": "Polygon", "coordinates": [ [ [ -8646212.73908182606101, 4737955.316649902611971 ], [ -8646212.73908182606101, 4740455.316649902611971 ], [ -8643712.73908182606101, 4740455.316649902611971 ], [ -8643712.73908182606101, 4737955.316649902611971 ], [ -8646212.73908182606101, 4737955.316649902611971 ] ] ] } },
{ "type": "Feature", "properties": { "cell_id": "G0322" }, "geometry": { "type": "Polygon", "coordinates": [ [ [ -8643712.73908182606101, 4737955.316649902611971 ], [ -8643712.73908182606101, 4740455.316649902611971 ], [ -8641212.73908182606101, 4740455.316649902611971 ], [ -8641212.73908182606101, 4737955.316649902611971 ], [ -8643712.73908182606101, 4737955.316649902611971 ] ] ] } },
{ "type": "Feature", "properties": { "cell_id": "G0323" }, "geometry": { "type": "Polygon", "coordinates": [ [ [ -8648712.73908182606101, 4737955.316649902611971 ], [ -8648712.73908182606101, 4740455.316649902611971 ], [ -8646212.73908182606101, 4740455.316649902611971 ], [ -8646212.73908182606101, 4737955.316649902611971 ], [ -8648712.73908182606101, 4737955.316649902611971 ] ] ] } },
{ "type": "Feature", "properties": { "cell_id": "G0324" }, "geometry": { "type": "Polygon", "coordinates": [ [ [ -8643712.73908182606101, 4740455.316649902611971 ], [ -8643712.73908182606101, 4742955.316649902611971 ], [ -8641212.73908182606101, 4742955.316649902611971 ], [ -8641212.73908182606101, 4740455.316649902611971 ], [ -8643712.73908182606101, 4740455.316649902611971 ] ] ] } },
{ "type": "Feature", "properties": { "cell_id": "G0325" }, "geometry": { "type": "Polygon", "coordinates": [ [ [ -8658712.73908182606101, 4717955.316649902611971 ], [ -8656212.73908182606101, 4717955.316649902611971 ], [ -8656212.73908182606101, 4716953.630780526436865 ], [ -8658712.73908182606101, 4717699.173130757175386 ], [ -8658712.73908182606101, 4717955.316649902611971 ] ] ] } },
{ "type": "Feature", "properties": { "cell_id": "G0326" }, "geometry": { "type": "Polygon", "coordinates": [ [ [ -8658712.73908182606101, 4717955.316649902611971 ], [ -8658712.73908182606101, 4717699.173130757175386 ], [ -8659571.65581226348877, 4717955.316649902611971 ], [ -8658712.73908182606101, 4717955.316649902611971 ] ] ] } },
{ "type": "Feature", "properties": { "cell_id": "G0327" }, "geometry": { "type": "Polygon", "coordinates": [ [ [ -8661212.73908182606101, 4720455.316649902611971 ], [ -8658712.73908182606101, 4720455.316649902611971 ], [ -8658712.73908182606101, 4717955.316649902611971 ], [ -8659571.65581226348877, 4717955.316649902611971 ], [ -8660347.472129732370377, 4718186.678218171931803 ], [ -8661212.73908182606101, 4718444.24982011411339 ], [ -8661212.73908182606101, 4720455.316649902611971 ] ] ] } },
{ "type": "Feature", "properties": { "cell_id": "G0328" }, "geometry": { "type": "Polygon", "coordinates": [ [ [ -8663712.73908182606101, 4720455.316649902611971 ], [ -8661212.73908182606101, 4720455.316649902611971 ], [ -8661212.73908182606101, 4718444.24982011411339 ], [ -8662897.022427370771766, 4718945.625214595347643 ], [ -8662922.291951781138778, 4718953.214971444569528 ], [ -8663712.73908182606101, 4719188.187435287050903 ], [ -8663712.73908182606101, 4720455.316649902611971 ] ] ] } },
{ "type": "Feature", "properties": { "cell_id": "G0329" }, "geometry": { "type": "Polygon", "coordinates": [ [ [ -8658712.73908182606101, 4717955.316649902611971 ], [ -8658712.73908182606101, 4720455.316649902611971 ], [ -8656212.73908182606101, 4720455.316649902611971 ], [ -8656212.73908182606101, 4717955.316649902611971 ], [ -8658712.73908182606101, 4717955.316649902611971 ] ] ] } },
{ "type": "Feature", "properties": { "cell_id": "G0330" }, "geometry": { "type": "Polygon", "coordinates": [ [ [ -8661212.73908182606101, 4720455.316649902611971 ], [ -8661212.73908182606101, 4722955.316649902611971 ], [ -8658712.73908182606101, 4722955.316649902611971 ], [ -8658712.73908182606101, 4720455.316649902611971 ], [ -8661212.73908182606101, 4720455.316649902611971 ] ] ] } },
{ "type": "Feature", "properties": { "cell_id": "G0331" }, "geometry": { "type": "Polygon", "coordinates": [ [ [ -8663712.73908182606101, 4720455.316649902611971 ], [ -8663712.73908182606101, 4722955.316649902611971 ], [ -8661212.73908182606101, 4722955.316649902611971 ], [ -8661212.73908182606101, 4720455.316649902611971 ], [ -8663712.73908182606101, 4720455.316649902611971 ] ] ] } },
{ "type": "Feature", "properties": { "cell_id": "G0332" }, "geometry": { "type": "Polygon", "coordinates": [ [ [ -8658712.73908182606101, 4720455.316649902611971 ], [ -8658712.73908182606101, 4722955.316649902611971 ], [ -8656212.73908182606101, 4722955.316649902611971 ], [ -8656212.73908182606101, 4720455.316649902611971 ], [ -8658712.73908182606101, 4720455.316649902611971 ] ] ] } },
{ "type": "Feature", "properties": { "cell_id": "G0333" }, "geometry": { "type": "Polygon", "coordinates": [ [ [ -8666212.73908182606101, 4720455.316649902611971 ], [ -8666212.73908182606101, 4719931.35056065954268 ], [ -8667975.360474605113268, 4720455.316649902611971 ], [ -8666212.73908182606101, 4720455.316649902611971 ] ] ] } },
{ "type": "Feature", "properties": { "cell_id": "G0334" }, "geometry": { "type": "Polygon", "coordinates": [ [ [ -8666212.73908182606101, 4720455.316649902611971 ], [ -8663712.73908182606101, 4720455.316649902611971 ], [ -8663712.73908182606101, 4719188.187435287050903 ], [ -8666212.73908182606101, 4719931.35056065954268 ], [ -8666212.73908182606101, 4720455.316649902611971 ] ] ] } },
{ "type": "Feature", "properties": { "cell_id": "G0335" }, "geometry": { "type": "Polygon", "coordinates": [ [ [ -8668712.73908182606101, 4722955.316649902611971 ], [ -8666212.73908182606101, 4722955.316649902611971 ], [ -8666212.73908182606101, 4720455.316649902611971 ], [ -8667975.360474605113268, 4720455.316649902611971 ], [ -8668051.226170588284731, 4720477.868884996511042 ], [ -8668712.73908182606101, 4720674.263432187959552 ], [ -8668712.73908182606101, 4722955.316649902611971 ] ] ] } },
{ "type": "Feature", "properties": { "cell_id": "G0336" }, "geometry": { "type": "Polygon", "coordinates": [ [ [ -8671212.73908182606101, 4722955.316649902611971 ], [ -8668712.73908182606101, 4722955.316649902611971 ], [ -8668712.73908182606101, 4720674.263432187959552 ], [ -8670401.180621236562729, 4721175.539682369679213 ], [ -8671212.73908182606101, 4721416.195153206586838 ], [ -8671212.73908182606101, 4722955.316649902611971 ] ] ] } },
{ "type": "Feature", "properties": { "cell_id": "G0337" }, "geometry": { "type": "Polygon", "coordinates": [ [ [ -8666212.73908182606101, 4720455.316649902611971 ], [ -8666212.73908182606101, 4722955.316649902611971 ], [ -8663712.73908182606101, 4722955.316649902611971 ], [ -8663712.73908182606101, 4720455.316649902611971 ], [ -8666212.73908182606101, 4720455.316649902611971 ] ] ] } },
{ "type": "Feature", "properties": { "cell_id": "G0338" }, "geometry": { "type": "Polygon", "coordinates": [ [ [ -8671212.73908182606101, 4722955.316649902611971 ], [ -8671212.73908182606101, 4725455.316649902611971 ], [ -8668712.73908182606101, 4725455.316649902611971 ], [ -8668712.73908182606101, 4722955.316649902611971 ], [ -8671212.73908182606101, 4722955.316649902611971 ] ] ] } },
{ "type": "Feature", "properties": { "cell_id": "G0339" }, "geometry": { "type": "Polygon", "coordinates": [ [ [ -8666212.73908182606101, 4722955.316649902611971 ], [ -8666212.73908182606101, 4725455.316649902611971 ], [ -8663712.73908182606101, 4725455.316649902611971 ], [ -8663712.73908182606101, 4722955.316649902611971 ], [ -8666212.73908182606101, 4722955.316649902611971 ] ] ] } },
{ "type": "Feature", "properties": { "cell_id": "G0340" }, "geometry": { "type": "Polygon", "coordinates": [ [ [ -8673712.73908182606101, 4722955.316649902611971 ], [ -8671212.73908182606101, 4722955.316649902611971 ], [ -8671212.73908182606101, 4721416.195153206586838 ], [ -8673712.73908182606101, 4722157.532599993981421 ], [ -8673712.73908182606101, 4722955.316649902611971 ] ] ] } },
{ "type": "Feature", "properties": { "cell_id": "G0341" }, "geometry": { "type": "Polygon", "coordinates": [ [ [ -8676212.73908182606101, 4722955.316649902611971 ], [ -8676212.73908182606101, 4722898.286501611582935 ], [ -8676405.249435489997268, 4722955.316649902611971 ], [ -8676212.73908182606101, 4722955.316649902611971 ] ] ] } },
{ "type": "Feature", "properties": { "cell_id": "G0342" }, "geometry": { "type": "Polygon", "coordinates": [ [ [ -8676212.73908182606101, 4722955.316649902611971 ], [ -8673712.73908182606101, 4722955.316649902611971 ], [ -8673712.73908182606101, 4722157.532599993981421 ], [ -8674203.297829281538725, 4722303.000427729450166 ], [ -8676212.73908182606101, 4722898.286501611582935 ], [ -8676212.73908182606101, 4722955.316649902611971 ] ] ] } },
{ "type": "Feature", "properties": { "cell_id": "G0343" }, "geometry": { "type": "Polygon", "coordinates": [ [ [ -8676212.73908182606101, 4722955.316649902611971 ], [ -8676405.249435489997268, 4722955.316649902611971 ], [ -8678712.73908182606101, 4723638.897944131866097 ], [ -8678066.974715732038021, 4724659.456079369410872 ], [ -8677118.755293156951666, 4724824.376919434405863 ], [ -8676377.701442945748568, 4725034.579657897353172 ], [ -8676212.73908182606101, 4725161.706293439492583 ], [ -8676212.73908182606101, 4722955.316649902611971 ] ] ] } },
{ "type": "Feature", "properties": { "cell_id": "G0344" }, "geometry": { "type": "Polygon", "coordinates": [ [ [ -8673712.73908182606101, 4725455.316649902611971 ], [ -8673712.73908182606101, 4722955.316649902611971 ], [ -8676212.73908182606101, 4722955.316649902611971 ], [ -8676212.73908182606101, 4725161.706293439492583 ], [ -8675831.743726724758744, 4725455.316649902611971 ], [ -8673712.73908182606101, 4725455.316649902611971 ] ] ] } },
{ "type": "Feature", "properties": { "cell_id": "G0345" }, "geometry": { "type": "Polygon", "coordinates": [ [ [ -8668712.73908182606101, 4722955.316649902611971 ], [ -8668712.73908182606101, 4725455.316649902611971 ], [ -8666212.73908182606101, 4725455.316649902611971 ], [ -8666212.73908182606101, 4722955.316649902611971 ], [ -8668712.73908182606101, 4722955.316649902611971 ] ] ] } },
{ "type": "Feature", "properties": { "cell_id": "G0346" }, "geometry": { "type": "Polygon", "coordinates": [ [ [ -8666212.73908182606101, 4725455.316649902611971 ], [ -8666212.73908182606101, 4727955.316649902611971 ], [ -8663712.73908182606101, 4727955.316649902611971 ], [ -8663712.73908182606101, 4725455.316649902611971 ], [ -8666212.73908182606101, 4725455.316649902611971 ] ] ] } },
{ "type": "Feature", "properties": { "cell_id": "G0347" }, "geometry": { "type": "Polygon", "coordinates": [ [ [ -8671212.73908182606101, 4725455.316649902611971 ], [ -8671212.73908182606101, 4727955.316649902611971 ], [ -8668712.73908182606101, 4727955.316649902611971 ], [ -8668712.73908182606101, 4725455.316649902611971 ], [ -8671212.73908182606101, 4725455.316649902611971 ] ] ] } },
{ "type": "Feature", "properties": { "cell_id": "G0348" }, "geometry": { "type": "Polygon", "coordinates": [ [ [ -8668712.73908182606101, 4725455.316649902611971 ], [ -8668712.73908182606101, 4727955.316649902611971 ], [ -8666212.73908182606101, 4727955.316649902611971 ], [ -8666212.73908182606101, 4725455.316649902611971 ], [ -8668712.73908182606101, 4725455.316649902611971 ] ] ] } },
{ "type": "Feature", "properties": { "cell_id": "G0349" }, "geometry": { "type": "Polygon", "coordinates": [ [ [ -8666212.73908182606101, 4727955.316649902611971 ], [ -8666212.73908182606101, 4730455.316649902611971 ], [ -8663712.73908182606101, 4730455.316649902611971 ], [ -8663712.73908182606101, 4727955.316649902611971 ], [ -8666212.73908182606101, 4727955.316649902611971 ] ] ] } },
{ "type": "Feature", "properties": { "cell_id": "G0350" }, "geometry": { "type": "Polygon", "coordinates": [ [ [ -8668712.73908182606101, 4730455.316649902611971 ], [ -8668712.73908182606101, 4727955.316649902611971 ], [ -8671212.73908182606101, 4727955.316649902611971 ], [ -8671212.73908182606101, 4729517.854662184603512 ], [ -8671040.15449838899076, 4729613.840671638958156 ], [ -8670650.705473145470023, 4730455.316649902611971 ], [ -8668712.73908182606101, 4730455.316649902611971 ] ] ] } },
{ "type": "Feature", "properties": { "cell_id": "G0351" }, "geometry": { "type": "Polygon", "coordinates": [ [ [ -8668712.73908182606101, 4727955.316649902611971 ], [ -8668712.73908182606101, 4730455.316649902611971 ], [ -8666212.73908182606101, 4730455.316649902611971 ], [ -8666212.73908182606101, 4727955.316649902611971 ], [ -8668712.73908182606101, 4727955.316649902611971 ] ] ] } },
{ "type": "Feature", "properties": { "cell_id": "G0352" }, "geometry": { "type": "Polygon", "coordinates": [ [ [ -8666212.73908182606101, 4730455.316649902611971 ], [ -8666212.73908182606101, 4732955.316649902611971 ], [ -8663712.73908182606101, 4732955.316649902611971 ], [ -8663712.73908182606101, 4730455.316649902611971 ], [ -8666212.73908182606101, 4730455.316649902611971 ] ] ] } },
{ "type": "Feature", "properties": { "cell_id": "G0353" }, "geometry": { "type": "Polygon", "coordinates": [ [ [ -8668712.73908182606101, 4732955.316649902611971 ], [ -8668712.73908182606101, 4730455.316649902611971 ], [ -8670650.705473145470023, 4730455.316649902611971 ], [ -8670440.47640148550272, 4730909.555079757235944 ], [ -8669294.330924278125167, 4732856.592577250674367 ], [ -8669161.653271550312638, 4732955.316649902611971 ], [ -8668712.73908182606101, 4732955.316649902611971 ] ] ] } },
{ "type": "Feature", "properties": { "cell_id": "G0354" }, "geometry": { "type": "Polygon", "coordinates": [ [ [ -8668712.73908182606101, 4730455.316649902611971 ], [ -8668712.73908182606101, 4732955.316649902611971 ], [ -8666212.73908182606101, 4732955.316649902611971 ], [ -8666212.73908182606101, 4730455.316649902611971 ], [ -8668712.73908182606101, 4730455.316649902611971 ] ] ] } },
{ "type": "Feature", "properties": { "cell_id": "G0355" }, "geometry": { "type": "Polygon", "coordinates": [ [ [ -8661212.73908182606101, 4722955.316649902611971 ], [ -8661212.73908182606101, 4725455.316649902611971 ], [ -8658712.73908182606101, 4725455.316649902611971 ], [ -8658712.73908182606101, 4722955.316649902611971 ], [ -8661212.73908182606101, 4722955.316649902611971 ] ] ] } },
{ "type": "Feature", "properties": { "cell_id": "G0356" }, "geometry": { "type": "Polygon", "coordinates": [ [ [ -8658712.73908182606101, 4722955.316649902611971 ], [ -8658712.73908182606101, 4725455.316649902611971 ], [ -8656212.73908182606101, 4725455.316649902611971 ], [ -8656212.73908182606101, 4722955.316649902611971 ], [ -8658712.73908182606101, 4722955.316649902611971 ] ] ] } },
{ "type": "Feature", "properties": { "cell_id": "G0357" }, "geometry": { "type": "Polygon", "coordinates": [ [ [ -8663712.73908182606101, 4722955.316649902611971 ], [ -8663712.73908182606101, 4725455.316649902611971 ], [ -8661212.73908182606101, 4725455.316649902611971 ], [ -8661212.73908182606101, 4722955.316649902611971 ], [ -8663712.73908182606101, 4722955.316649902611971 ] ] ] } },
{ "type": "Feature", "properties": { "cell_id": "G0358" }, "geometry": { "type": "Polygon", "coordinates": [ [ [ -8661212.73908182606101, 4725455.316649902611971 ], [ -8661212.73908182606101, 4727955.316649902611971 ], [ -8658712.73908182606101, 4727955.316649902611971 ], [ -8658712.73908182606101, 4725455.316649902611971 ], [ -8661212.73908182606101, 4725455.316649902611971 ] ] ] } },
{ "type": "Feature", "properties": { "cell_id": "G0359" }, "geometry": { "type": "Polygon", "coordinates": [ [ [ -8658712.73908182606101, 4725455.316649902611971 ], [ -8658712.73908182606101, 4727955.316649902611971 ], [ -8656212.73908182606101, 4727955.316649902611971 ], [ -8656212.73908182606101, 4725455.316649902611971 ], [ -8658712.73908182606101, 4725455.316649902611971 ] ] ] } },
{ "type": "Feature", "properties": { "cell_id": "G0360" }, "geometry": { "type": "Polygon", "coordinates": [ [ [ -8663712.73908182606101, 4725455.316649902611971 ], [ -8663712.73908182606101, 4727955.316649902611971 ], [ -8661212.73908182606101, 4727955.316649902611971 ], [ -8661212.73908182606101, 4725455.316649902611971 ], [ -8663712.73908182606101, 4725455.316649902611971 ] ] ] } },
{ "type": "Feature", "properties": { "cell_id": "G0361" }, "geometry": { "type": "Polygon", "coordinates": [ [ [ -8663712.73908182606101, 4727955.316649902611971 ], [ -8663712.73908182606101, 4730455.316649902611971 ], [ -8661212.73908182606101, 4730455.316649902611971 ], [ -8661212.73908182606101, 4727955.316649902611971 ], [ -8663712.73908182606101, 4727955.316649902611971 ] ] ] } },
{ "type": "Feature", "properties": { "cell_id": "G0362" }, "geometry": { "type": "Polygon", "coordinates": [ [ [ -8658712.73908182606101, 4727955.316649902611971 ], [ -8658712.73908182606101, 4730455.316649902611971 ], [ -8656212.73908182606101, 4730455.316649902611971 ], [ -8656212.73908182606101, 4727955.316649902611971 ], [ -8658712.73908182606101, 4727955.316649902611971 ] ] ] } },
{ "type": "Feature", "properties": { "cell_id": "G0363" }, "geometry": { "type": "Polygon", "coordinates": [ [ [ -8661212.73908182606101, 4727955.316649902611971 ], [ -8661212.73908182606101, 4730455.316649902611971 ], [ -8658712.73908182606101, 4730455.316649902611971 ], [ -8658712.73908182606101, 4727955.316649902611971 ], [ -8661212.73908182606101, 4727955.316649902611971 ] ] ] } },
{ "type": "Feature", "properties": { "cell_id": "G0364" }, "geometry": { "type": "Polygon", "coordinates": [ [ [ -8658712.73908182606101, 4730455.316649902611971 ], [ -8658712.73908182606101, 4732955.316649902611971 ], [ -8656212.73908182606101, 4732955.316649902611971 ], [ -8656212.73908182606101, 4730455.316649902611971 ], [ -8658712.73908182606101, 4730455.316649902611971 ] ] ] } },
{ "type": "Feature", "properties": { "cell_id": "G0365" }, "geometry": { "type": "Polygon", "coordinates": [ [ [ -8673712.73908182606101, 4722955.316649902611971 ], [ -8673712.73908182606101, 4725455.316649902611971 ], [ -8671212.73908182606101, 4725455.316649902611971 ], [ -8671212.73908182606101, 4722955.316649902611971 ], [ -8673712.73908182606101, 4722955.316649902611971 ] ] ] } },
{ "type": "Feature", "properties": { "cell_id": "G0366" }, "geometry": { "type": "Polygon", "coordinates": [ [ [ -8673712.73908182606101, 4725455.316649902611971 ], [ -8675831.743726724758744, 4725455.316649902611971 ], [ -8675119.791196981444955, 4726003.975926828570664 ], [ -8674773.364941632375121, 4726728.683528795838356 ], [ -8673752.231252586469054, 4727269.561003731563687 ], [ -8673712.73908182606101, 4727301.061447829939425 ], [ -8673712.73908182606101, 4725455.316649902611971 ] ] ] } },
{ "type": "Feature", "properties": { "cell_id": "G0367" }, "geometry": { "type": "Polygon", "coordinates": [ [ [ -8671212.73908182606101, 4727955.316649902611971 ], [ -8671212.73908182606101, 4725455.316649902611971 ], [ -8673712.73908182606101, 4725455.316649902611971 ], [ -8673712.73908182606101, 4727301.061447829939425 ], [ -8672892.498005855828524, 4727955.316649902611971 ], [ -8671212.73908182606101, 4727955.316649902611971 ] ] ] } },
{ "type": "Feature", "properties": { "cell_id": "G0368" }, "geometry": { "type": "Polygon", "coordinates": [ [ [ -8671212.73908182606101, 4727955.316649902611971 ], [ -8672892.498005855828524, 4727955.316649902611971 ], [ -8672545.973250349983573, 4728231.717857521027327 ], [ -8671686.586781425401568, 4729254.315770889632404 ], [ -8671212.73908182606101, 4729517.854662184603512 ], [ -8671212.73908182606101, 4727955.316649902611971 ] ] ] } },
{ "type": "Feature", "properties": { "cell_id": "G0369" }, "geometry": { "type": "Polygon", "coordinates": [ [ [ -8661212.73908182606101, 4730455.316649902611971 ], [ -8661212.73908182606101, 4732955.316649902611971 ], [ -8658712.73908182606101, 4732955.316649902611971 ], [ -8658712.73908182606101, 4730455.316649902611971 ], [ -8661212.73908182606101, 4730455.316649902611971 ] ] ] } },
{ "type": "Feature", "properties": { "cell_id": "G0370" }, "geometry": { "type": "Polygon", "coordinates": [ [ [ -8663712.73908182606101, 4730455.316649902611971 ], [ -8663712.73908182606101, 4732955.316649902611971 ], [ -8661212.73908182606101, 4732955.316649902611971 ], [ -8661212.73908182606101, 4730455.316649902611971 ], [ -8663712.73908182606101, 4730455.316649902611971 ] ] ] } },
{ "type": "Feature", "properties": { "cell_id": "G0371" }, "geometry": { "type": "Polygon", "coordinates": [ [ [ -8661212.73908182606101, 4732955.316649902611971 ], [ -8661212.73908182606101, 4735455.316649902611971 ], [ -8658712.73908182606101, 4735455.316649902611971 ], [ -8658712.73908182606101, 4732955.316649902611971 ], [ -8661212.73908182606101, 4732955.316649902611971 ] ] ] } },
{ "type": "Feature", "properties": { "cell_id": "G0372" }, "geometry": { "type": "Polygon", "coordinates": [ [ [ -8658712.73908182606101, 4732955.316649902611971 ], [ -8658712.73908182606101, 4735455.316649902611971 ], [ -8656212.73908182606101, 4735455.316649902611971 ], [ -8656212.73908182606101, 4732955.316649902611971 ], [ -8658712.73908182606101, 4732955.316649902611971 ] ] ] } },
{ "type": "Feature", "properties": { "cell_id": "G0373" }, "geometry": { "type": "Polygon", "coordinates": [ [ [ -8663712.73908182606101, 4732955.316649902611971 ], [ -8663712.73908182606101, 4735455.316649902611971 ], [ -8661212.73908182606101, 4735455.316649902611971 ], [ -8661212.73908182606101, 4732955.316649902611971 ], [ -8663712.73908182606101, 4732955.316649902611971 ] ] ] } },
{ "type": "Feature", "properties": { "cell_id": "G0374" }, "geometry": { "type": "Polygon", "coordinates": [ [ [ -8661212.73908182606101, 4735455.316649902611971 ], [ -8661212.73908182606101, 4737955.316649902611971 ], [ -8658712.73908182606101, 4737955.316649902611971 ], [ -8658712.73908182606101, 4735455.316649902611971 ], [ -8661212.73908182606101, 4735455.316649902611971 ] ] ] } },
{ "type": "Feature", "properties": { "cell_id": "G0375" }, "geometry": { "type": "Polygon", "coordinates": [ [ [ -8658712.73908182606101, 4735455.316649902611971 ], [ -8658712.73908182606101, 4737955.316649902611971 ], [ -8656212.73908182606101, 4737955.316649902611971 ], [ -8656212.73908182606101, 4735455.316649902611971 ], [ -8658712.73908182606101, 4735455.316649902611971 ] ] ] } },
{ "type": "Feature", "properties": { "cell_id": "G0376" }, "geometry": { "type": "Polygon", "coordinates": [ [ [ -8663712.73908182606101, 4735455.316649902611971 ], [ -8663712.73908182606101, 4737955.316649902611971 ], [ -8661212.73908182606101, 4737955.316649902611971 ], [ -8661212.73908182606101, 4735455.316649902611971 ], [ -8663712.73908182606101, 4735455.316649902611971 ] ] ] } },
{ "type": "Feature", "properties": { "cell_id": "G0377" }, "geometry": { "type": "Polygon", "coordinates": [ [ [ -8658712.73908182606101, 4737955.316649902611971 ], [ -8658712.73908182606101, 4740455.316649902611971 ], [ -8656212.73908182606101, 4740455.316649902611971 ], [ -8656212.73908182606101, 4737955.316649902611971 ], [ -8658712.73908182606101, 4737955.316649902611971 ] ] ] } },
{ "type": "Feature", "properties": { "cell_id": "G0378" }, "geometry": { "type": "Polygon", "coordinates": [ [ [ -8661212.73908182606101, 4737955.316649902611971 ], [ -8661212.73908182606101, 4740455.316649902611971 ], [ -8658712.73908182606101, 4740455.316649902611971 ], [ -8658712.73908182606101, 4737955.316649902611971 ], [ -8661212.73908182606101, 4737955.316649902611971 ] ] ] } },
{ "type": "Feature", "properties": { "cell_id": "G0379" }, "geometry": { "type": "Polygon", "coordinates": [ [ [ -8668712.73908182606101, 4732955.316649902611971 ], [ -8669161.653271550312638, 4732955.316649902611971 ], [ -8668888.460060846060514, 4733158.596899644471705 ], [ -8668712.73908182606101, 4733175.50587295461446 ], [ -8668712.73908182606101, 4732955.316649902611971 ] ] ] } },
{ "type": "Feature", "properties": { "cell_id": "G0380" }, "geometry": { "type": "Polygon", "coordinates": [ [ [ -8666212.73908182606101, 4732955.316649902611971 ], [ -8666212.73908182606101, 4735455.316649902611971 ], [ -8663712.73908182606101, 4735455.316649902611971 ], [ -8663712.73908182606101, 4732955.316649902611971 ], [ -8666212.73908182606101, 4732955.316649902611971 ] ] ] } },
{ "type": "Feature", "properties": { "cell_id": "G0381" }, "geometry": { "type": "Polygon", "coordinates": [ [ [ -8666212.73908182606101, 4735455.316649902611971 ], [ -8666212.73908182606101, 4732955.316649902611971 ], [ -8668712.73908182606101, 4732955.316649902611971 ], [ -8668712.73908182606101, 4733175.50587295461446 ], [ -8667650.030725771561265, 4733277.766327735036612 ], [ -8666866.452830076217651, 4734973.82420645840466 ], [ -8666773.488217292353511, 4735455.316649902611971 ], [ -8666212.73908182606101, 4735455.316649902611971 ] ] ] } },
{ "type": "Feature", "properties": { "cell_id": "G0382" }, "geometry": { "type": "Polygon", "coordinates": [ [ [ -8666212.73908182606101, 4735455.316649902611971 ], [ -8666773.488217292353511, 4735455.316649902611971 ], [ -8666638.804471405223012, 4736152.885369411669672 ], [ -8666212.73908182606101, 4737186.47201924957335 ], [ -8666212.73908182606101, 4735455.316649902611971 ] ] ] } },
{ "type": "Feature", "properties": { "cell_id": "G0383" }, "geometry": { "type": "Polygon", "coordinates": [ [ [ -8663712.73908182606101, 4737955.316649902611971 ], [ -8663712.73908182606101, 4735455.316649902611971 ], [ -8666212.73908182606101, 4735455.316649902611971 ], [ -8666212.73908182606101, 4737186.47201924957335 ], [ -8665895.805724438279867, 4737955.316649902611971 ], [ -8663712.73908182606101, 4737955.316649902611971 ] ] ] } },
{ "type": "Feature", "properties": { "cell_id": "G0384" }, "geometry": { "type": "Polygon", "coordinates": [ [ [ -8663712.73908182606101, 4740455.316649902611971 ], [ -8663712.73908182606101, 4737955.316649902611971 ], [ -8665895.805724438279867, 4737955.316649902611971 ], [ -8665759.603133119642735, 4738285.728796729817986 ], [ -8665748.916462004184723, 4738311.698116468265653 ], [ -8665531.843454955145717, 4738838.846684790216386 ], [ -8664990.608090721070766, 4739136.151087226346135 ], [ -8664646.185586204752326, 4739695.772862256504595 ], [ -8664275.936959827318788, 4739954.07028588000685 ], [ -8663941.849113740026951, 4740455.316649902611971 ], [ -8663712.73908182606101, 4740455.316649902611971 ] ] ] } },
{ "type": "Feature", "properties": { "cell_id": "G0385" }, "geometry": { "type": "Polygon", "coordinates": [ [ [ -8651212.73908182606101, 4732955.316649902611971 ], [ -8651212.73908182606101, 4735455.316649902611971 ], [ -8648712.73908182606101, 4735455.316649902611971 ], [ -8648712.73908182606101, 4732955.316649902611971 ], [ -8651212.73908182606101, 4732955.316649902611971 ] ] ] } },
{ "type": "Feature", "properties": { "cell_id": "G0386" }, "geometry": { "type": "Polygon", "coordinates": [ [ [ -8653712.73908182606101, 4732955.316649902611971 ], [ -8653712.73908182606101, 4735455.316649902611971 ], [ -8651212.73908182606101, 4735455.316649902611971 ], [ -8651212.73908182606101, 4732955.316649902611971 ], [ -8653712.73908182606101, 4732955.316649902611971 ] ] ] } },
{ "type": "Feature", "properties": { "cell_id": "G0387" }, "geometry": { "type": "Polygon", "coordinates": [ [ [ -8651212.73908182606101, 4735455.316649902611971 ], [ -8651212.73908182606101, 4737955.316649902611971 ], [ -8648712.73908182606101, 4737955.316649902611971 ], [ -8648712.73908182606101, 4735455.316649902611971 ], [ -8651212.73908182606101, 4735455.316649902611971 ] ] ] } },
{ "type": "Feature", "properties": { "cell_id": "G0388" }, "geometry": { "type": "Polygon", "coordinates": [ [ [ -8656212.73908182606101, 4735455.316649902611971 ], [ -8656212.73908182606101, 4737955.316649902611971 ], [ -8653712.73908182606101, 4737955.316649902611971 ], [ -8653712.73908182606101, 4735455.316649902611971 ], [ -8656212.73908182606101, 4735455.316649902611971 ] ] ] } },
{ "type": "Feature", "properties": { "cell_id": "G0389" }, "geometry": { "type": "Polygon", "coordinates": [ [ [ -8653712.73908182606101, 4735455.316649902611971 ], [ -8653712.73908182606101, 4737955.316649902611971 ], [ -8651212.73908182606101, 4737955.316649902611971 ], [ -8651212.73908182606101, 4735455.316649902611971 ], [ -8653712.73908182606101, 4735455.316649902611971 ] ] ] } },
{ "type": "Feature", "properties": { "cell_id": "G0390" }, "geometry": { "type": "Polygon", "coordinates": [ [ [ -8651212.73908182606101, 4737955.316649902611971 ], [ -8651212.73908182606101, 4740455.316649902611971 ], [ -8648712.73908182606101, 4740455.316649902611971 ], [ -8648712.73908182606101, 4737955.316649902611971 ], [ -8651212.73908182606101, 4737955.316649902611971 ] ] ] } },
{ "type": "Feature", "properties": { "cell_id": "G0391" }, "geometry": { "type": "Polygon", "coordinates": [ [ [ -8656212.73908182606101, 4737955.316649902611971 ], [ -8656212.73908182606101, 4740455.316649902611971 ], [ -8653712.73908182606101, 4740455.316649902611971 ], [ -8653712.73908182606101, 4737955.316649902611971 ], [ -8656212.73908182606101, 4737955.316649902611971 ] ] ] } },
{ "type": "Feature", "properties": { "cell_id": "G0392" }, "geometry": { "type": "Polygon", "coordinates": [ [ [ -8653712.73908182606101, 4737955.316649902611971 ], [ -8653712.73908182606101, 4740455.316649902611971 ], [ -8651212.73908182606101, 4740455.316649902611971 ], [ -8651212.73908182606101, 4737955.316649902611971 ], [ -8653712.73908182606101, 4737955.316649902611971 ] ] ] } },
{ "type": "Feature", "properties": { "cell_id": "G0393" }, "geometry": { "type": "Polygon", "coordinates": [ [ [ -8651212.73908182606101, 4740455.316649902611971 ], [ -8651212.73908182606101, 4742955.316649902611971 ], [ -8648712.73908182606101, 4742955.316649902611971 ], [ -8648712.73908182606101, 4740455.316649902611971 ], [ -8651212.73908182606101, 4740455.316649902611971 ] ] ] } },
{ "type": "Feature", "properties": { "cell_id": "G0394" }, "geometry": { "type": "Polygon", "coordinates": [ [ [ -8653712.73908182606101, 4740455.316649902611971 ], [ -8653712.73908182606101, 4742955.316649902611971 ], [ -8651212.73908182606101, 4742955.316649902611971 ], [ -8651212.73908182606101, 4740455.316649902611971 ], [ -8653712.73908182606101, 4740455.316649902611971 ] ] ] } },
{ "type": "Feature", "properties": { "cell_id": "G0395" }, "geometry": { "type": "Polygon", "coordinates": [ [ [ -8648712.73908182606101, 4740455.316649902611971 ], [ -8648712.73908182606101, 4742955.316649902611971 ], [ -8646212.73908182606101, 4742955.316649902611971 ], [ -8646212.73908182606101, 4740455.316649902611971 ], [ -8648712.73908182606101, 4740455.316649902611971 ] ] ] } },
{ "type": "Feature", "properties": { "cell_id": "G0396" }, "geometry": { "type": "Polygon", "coordinates": [ [ [ -8646212.73908182606101, 4740455.316649902611971 ], [ -8646212.73908182606101, 4742955.316649902611971 ], [ -8643712.73908182606101, 4742955.316649902611971 ], [ -8643712.73908182606101, 4740455.316649902611971 ], [ -8646212.73908182606101, 4740455.316649902611971 ] ] ] } },
{ "type": "Feature", "properties": { "cell_id": "G0397" }, "geometry": { "type": "Polygon", "coordinates": [ [ [ -8651212.73908182606101, 4742955.316649902611971 ], [ -8651212.73908182606101, 4745455.316649902611971 ], [ -8648712.73908182606101, 4745455.316649902611971 ], [ -8648712.73908182606101, 4742955.316649902611971 ], [ -8651212.73908182606101, 4742955.316649902611971 ] ] ] } },
{ "type": "Feature", "properties": { "cell_id": "G0398" }, "geometry": { "type": "Polygon", "coordinates": [ [ [ -8648712.73908182606101, 4742955.316649902611971 ], [ -8648712.73908182606101, 4745455.316649902611971 ], [ -8646212.73908182606101, 4745455.316649902611971 ], [ -8646212.73908182606101, 4742955.316649902611971 ], [ -8648712.73908182606101, 4742955.316649902611971 ] ] ] } },
{ "type": "Feature", "properties": { "cell_id": "G0399" }, "geometry": { "type": "Polygon", "coordinates": [ [ [ -8646212.73908182606101, 4742955.316649902611971 ], [ -8646212.73908182606101, 4745455.316649902611971 ], [ -8643712.73908182606101, 4745455.316649902611971 ], [ -8643712.73908182606101, 4742955.316649902611971 ], [ -8646212.73908182606101, 4742955.316649902611971 ] ] ] } },
{ "type": "Feature", "properties": { "cell_id": "G0400" }, "geometry": { "type": "Polygon", "coordinates": [ [ [ -8646212.73908182606101, 4745455.316649902611971 ], [ -8646212.73908182606101, 4747955.316649902611971 ], [ -8643712.73908182606101, 4747955.316649902611971 ], [ -8643712.73908182606101, 4745455.316649902611971 ], [ -8646212.73908182606101, 4745455.316649902611971 ] ] ] } },
{ "type": "Feature", "properties": { "cell_id": "G0401" }, "geometry": { "type": "Polygon", "coordinates": [ [ [ -8651212.73908182606101, 4745455.316649902611971 ], [ -8651212.73908182606101, 4747955.316649902611971 ], [ -8648712.73908182606101, 4747955.316649902611971 ], [ -8648712.73908182606101, 4745455.316649902611971 ], [ -8651212.73908182606101, 4745455.316649902611971 ] ] ] } },
{ "type": "Feature", "properties": { "cell_id": "G0402" }, "geometry": { "type": "Polygon", "coordinates": [ [ [ -8648712.73908182606101, 4745455.316649902611971 ], [ -8648712.73908182606101, 4747955.316649902611971 ], [ -8646212.73908182606101, 4747955.316649902611971 ], [ -8646212.73908182606101, 4745455.316649902611971 ], [ -8648712.73908182606101, 4745455.316649902611971 ] ] ] } },
{ "type": "Feature", "properties": { "cell_id": "G0403" }, "geometry": { "type": "Polygon", "coordinates": [ [ [ -8646212.73908182606101, 4747955.316649902611971 ], [ -8646212.73908182606101, 4750455.316649902611971 ], [ -8643712.73908182606101, 4750455.316649902611971 ], [ -8643712.73908182606101, 4747955.316649902611971 ], [ -8646212.73908182606101, 4747955.316649902611971 ] ] ] } },
{ "type": "Feature", "properties": { "cell_id": "G0404" }, "geometry": { "type": "Polygon", "coordinates": [ [ [ -8651212.73908182606101, 4747955.316649902611971 ], [ -8651212.73908182606101, 4750455.316649902611971 ], [ -8648712.73908182606101, 4750455.316649902611971 ], [ -8648712.73908182606101, 4747955.316649902611971 ], [ -8651212.73908182606101, 4747955.316649902611971 ] ] ] } },
{ "type": "Feature", "properties": { "cell_id": "G0405" }, "geometry": { "type": "Polygon", "coordinates": [ [ [ -8638712.73908182606101, 4740455.316649902611971 ], [ -8638712.73908182606101, 4742955.316649902611971 ], [ -8636212.73908182606101, 4742955.316649902611971 ], [ -8636212.73908182606101, 4740455.316649902611971 ], [ -8638712.73908182606101, 4740455.316649902611971 ] ] ] } },
{ "type": "Feature", "properties": { "cell_id": "G0406" }, "geometry": { "type": "Polygon", "coordinates": [ [ [ -8641212.73908182606101, 4740455.316649902611971 ], [ -8641212.73908182606101, 4742955.316649902611971 ], [ -8638712.73908182606101, 4742955.316649902611971 ], [ -8638712.73908182606101, 4740455.316649902611971 ], [ -8641212.73908182606101, 4740455.316649902611971 ] ] ] } },
{ "type": "Feature", "properties": { "cell_id": "G0407" }, "geometry": { "type": "Polygon", "coordinates": [ [ [ -8641212.73908182606101, 4742955.316649902611971 ], [ -8641212.73908182606101, 4745455.316649902611971 ], [ -8638712.73908182606101, 4745455.316649902611971 ], [ -8638712.73908182606101, 4742955.316649902611971 ], [ -8641212.73908182606101, 4742955.316649902611971 ] ] ] } },
{ "type": "Feature", "properties": { "cell_id": "G0408" }, "geometry": { "type": "Polygon", "coordinates": [ [ [ -8638712.73908182606101, 4742955.316649902611971 ], [ -8638712.73908182606101, 4745455.316649902611971 ], [ -8636212.73908182606101, 4745455.316649902611971 ], [ -8636212.73908182606101, 4742955.316649902611971 ], [ -8638712.73908182606101, 4742955.316649902611971 ] ] ] } },
{ "type": "Feature", "properties": { "cell_id": "G0409" }, "geometry": { "type": "Polygon", "coordinates": [ [ [ -8643712.73908182606101, 4742955.316649902611971 ], [ -8643712.73908182606101, 4745455.316649902611971 ], [ -8641212.73908182606101, 4745455.316649902611971 ], [ -8641212.73908182606101, 4742955.316649902611971 ], [ -8643712.73908182606101, 4742955.316649902611971 ] ] ] } },
{ "type": "Feature", "properties": { "cell_id": "G0410" }, "geometry": { "type": "Polygon", "coordinates": [ [ [ -8638712.73908182606101, 4745455.316649902611971 ], [ -8638712.73908182606101, 4747955.316649902611971 ], [ -8636212.73908182606101, 4747955.316649902611971 ], [ -8636212.73908182606101, 4745455.316649902611971 ], [ -8638712.73908182606101, 4745455.316649902611971 ] ] ] } },
{ "type": "Feature", "properties": { "cell_id": "G0411" }, "geometry": { "type": "Polygon", "coordinates": [ [ [ -8641212.73908182606101, 4745455.316649902611971 ], [ -8641212.73908182606101, 4747955.316649902611971 ], [ -8638712.73908182606101, 4747955.316649902611971 ], [ -8638712.73908182606101, 4745455.316649902611971 ], [ -8641212.73908182606101, 4745455.316649902611971 ] ] ] } },
{ "type": "Feature", "properties": { "cell_id": "G0412" }, "geometry": { "type": "Polygon", "coordinates": [ [ [ -8643712.73908182606101, 4745455.316649902611971 ], [ -8643712.73908182606101, 4747955.316649902611971 ], [ -8641212.73908182606101, 4747955.316649902611971 ], [ -8641212.73908182606101, 4745455.316649902611971 ], [ -8643712.73908182606101, 4745455.316649902611971 ] ] ] } },
{ "type": "Feature", "properties": { "cell_id": "G0413" }, "geometry": { "type": "Polygon", "coordinates": [ [ [ -8641212.73908182606101, 4747955.316649902611971 ], [ -8641212.73908182606101, 4750455.316649902611971 ], [ -8638712.73908182606101, 4750455.316649902611971 ], [ -8638712.73908182606101, 4747955.316649902611971 ], [ -8641212.73908182606101, 4747955.316649902611971 ] ] ] } },
{ "type": "Feature", "properties": { "cell_id": "G0414" }, "geometry": { "type": "Polygon", "coordinates": [ [ [ -8638712.73908182606101, 4747955.316649902611971 ], [ -8638712.73908182606101, 4750455.316649902611971 ], [ -8636212.73908182606101, 4750455.316649902611971 ], [ -8636212.73908182606101, 4747955.316649902611971 ], [ -8638712.73908182606101, 4747955.316649902611971 ] ] ] } },
{ "type": "Feature", "properties": { "cell_id": "G0415" }, "geometry": { "type": "Polygon", "coordinates": [ [ [ -8656212.73908182606101, 4740455.316649902611971 ], [ -8656212.73908182606101, 4742955.316649902611971 ], [ -8653712.73908182606101, 4742955.316649902611971 ], [ -8653712.73908182606101, 4740455.316649902611971 ], [ -8656212.73908182606101, 4740455.316649902611971 ] ] ] } },
{ "type": "Feature", "properties": { "cell_id": "G0416" }, "geometry": { "type": "Polygon", "coordinates": [ [ [ -8656212.73908182606101, 4742955.316649902611971 ], [ -8656212.73908182606101, 4745455.316649902611971 ], [ -8653712.73908182606101, 4745455.316649902611971 ], [ -8653712.73908182606101, 4742955.316649902611971 ], [ -8656212.73908182606101, 4742955.316649902611971 ] ] ] } },
{ "type": "Feature", "properties": { "cell_id": "G0417" }, "geometry": { "type": "Polygon", "coordinates": [ [ [ -8653712.73908182606101, 4742955.316649902611971 ], [ -8653712.73908182606101, 4745455.316649902611971 ], [ -8651212.73908182606101, 4745455.316649902611971 ], [ -8651212.73908182606101, 4742955.316649902611971 ], [ -8653712.73908182606101, 4742955.316649902611971 ] ] ] } },
{ "type": "Feature", "properties": { "cell_id": "G0418" }, "geometry": { "type": "Polygon", "coordinates": [ [ [ -8656212.73908182606101, 4745455.316649902611971 ], [ -8656212.73908182606101, 4747955.316649902611971 ], [ -8653712.73908182606101, 4747955.316649902611971 ], [ -8653712.73908182606101, 4745455.316649902611971 ], [ -8656212.73908182606101, 4745455.316649902611971 ] ] ] } },
{ "type": "Feature", "properties": { "cell_id": "G0419" }, "geometry": { "type": "Polygon", "coordinates": [ [ [ -8653712.73908182606101, 4745455.316649902611971 ], [ -8653712.73908182606101, 4747955.316649902611971 ], [ -8651212.73908182606101, 4747955.316649902611971 ], [ -8651212.73908182606101, 4745455.316649902611971 ], [ -8653712.73908182606101, 4745455.316649902611971 ] ] ] } },
{ "type": "Feature", "properties": { "cell_id": "G0420" }, "geometry": { "type": "Polygon", "coordinates": [ [ [ -8653712.73908182606101, 4747955.316649902611971 ], [ -8653712.73908182606101, 4750455.316649902611971 ], [ -8651212.73908182606101, 4750455.316649902611971 ], [ -8651212.73908182606101, 4747955.316649902611971 ], [ -8653712.73908182606101, 4747955.316649902611971 ] ] ] } },
{ "type": "Feature", "properties": { "cell_id": "G0421" }, "geometry": { "type": "Polygon", "coordinates": [ [ [ -8656212.73908182606101, 4747955.316649902611971 ], [ -8656212.73908182606101, 4750455.316649902611971 ], [ -8653712.73908182606101, 4750455.316649902611971 ], [ -8653712.73908182606101, 4747955.316649902611971 ], [ -8656212.73908182606101, 4747955.316649902611971 ] ] ] } },
{ "type": "Feature", "properties": { "cell_id": "G0422" }, "geometry": { "type": "Polygon", "coordinates": [ [ [ -8656212.73908182606101, 4750455.316649902611971 ], [ -8656212.73908182606101, 4752955.316649902611971 ], [ -8653712.73908182606101, 4752955.316649902611971 ], [ -8653712.73908182606101, 4750455.316649902611971 ], [ -8656212.73908182606101, 4750455.316649902611971 ] ] ] } },
{ "type": "Feature", "properties": { "cell_id": "G0423" }, "geometry": { "type": "Polygon", "coordinates": [ [ [ -8653712.73908182606101, 4750455.316649902611971 ], [ -8653712.73908182606101, 4752955.316649902611971 ], [ -8651212.73908182606101, 4752955.316649902611971 ], [ -8651212.73908182606101, 4750455.316649902611971 ], [ -8653712.73908182606101, 4750455.316649902611971 ] ] ] } },
{ "type": "Feature", "properties": { "cell_id": "G0424" }, "geometry": { "type": "Polygon", "coordinates": [ [ [ -8656212.73908182606101, 4752955.316649902611971 ], [ -8656212.73908182606101, 4755455.316649902611971 ], [ -8653712.73908182606101, 4755455.316649902611971 ], [ -8653712.73908182606101, 4752955.316649902611971 ], [ -8656212.73908182606101, 4752955.316649902611971 ] ] ] } },
{ "type": "Feature", "properties": { "cell_id": "G0425" }, "geometry": { "type": "Polygon", "coordinates": [ [ [ -8648712.73908182606101, 4747955.316649902611971 ], [ -8648712.73908182606101, 4750455.316649902611971 ], [ -8646212.73908182606101, 4750455.316649902611971 ], [ -8646212.73908182606101, 4747955.316649902611971 ], [ -8648712.73908182606101, 4747955.316649902611971 ] ] ] } },
{ "type": "Feature", "properties": { "cell_id": "G0426" }, "geometry": { "type": "Polygon", "coordinates": [ [ [ -8651212.73908182606101, 4750455.316649902611971 ], [ -8651212.73908182606101, 4752955.316649902611971 ], [ -8648712.73908182606101, 4752955.316649902611971 ], [ -8648712.73908182606101, 4750455.316649902611971 ], [ -8651212.73908182606101, 4750455.316649902611971 ] ] ] } },
{ "type": "Feature", "properties": { "cell_id": "G0427" }, "geometry": { "type": "Polygon", "coordinates": [ [ [ -8646212.73908182606101, 4750455.316649902611971 ], [ -8646212.73908182606101, 4752955.316649902611971 ], [ -8643712.73908182606101, 4752955.316649902611971 ], [ -8643712.73908182606101, 4750455.316649902611971 ], [ -8646212.73908182606101, 4750455.316649902611971 ] ] ] } },
{ "type": "Feature", "properties": { "cell_id": "G0428" }, "geometry": { "type": "Polygon", "coordinates": [ [ [ -8648712.73908182606101, 4750455.316649902611971 ], [ -8648712.73908182606101, 4752955.316649902611971 ], [ -8646212.73908182606101, 4752955.316649902611971 ], [ -8646212.73908182606101, 4750455.316649902611971 ], [ -8648712.73908182606101, 4750455.316649902611971 ] ] ] } },
{ "type": "Feature", "properties": { "cell_id": "G0429" }, "geometry": { "type": "Polygon", "coordinates": [ [ [ -8651212.73908182606101, 4752955.316649902611971 ], [ -8651212.73908182606101, 4755455.316649902611971 ], [ -8648712.73908182606101, 4755455.316649902611971 ], [ -8648712.73908182606101, 4752955.316649902611971 ], [ -8651212.73908182606101, 4752955.316649902611971 ] ] ] } },
{ "type": "Feature", "properties": { "cell_id": "G0430" }, "geometry": { "type": "Polygon", "coordinates": [ [ [ -8648712.73908182606101, 4752955.316649902611971 ], [ -8648712.73908182606101, 4755455.316649902611971 ], [ -8646212.73908182606101, 4755455.316649902611971 ], [ -8646212.73908182606101, 4752955.316649902611971 ], [ -8648712.73908182606101, 4752955.316649902611971 ] ] ] } },
{ "type": "Feature", "properties": { "cell_id": "G0431" }, "geometry": { "type": "Polygon", "coordinates": [ [ [ -8646212.73908182606101, 4752955.316649902611971 ], [ -8646212.73908182606101, 4755455.316649902611971 ], [ -8643712.73908182606101, 4755455.316649902611971 ], [ -8643712.73908182606101, 4752955.316649902611971 ], [ -8646212.73908182606101, 4752955.316649902611971 ] ] ] } },
{ "type": "Feature", "properties": { "cell_id": "G0432" }, "geometry": { "type": "Polygon", "coordinates": [ [ [ -8646212.73908182606101, 4755455.316649902611971 ], [ -8646212.73908182606101, 4757955.316649902611971 ], [ -8643712.73908182606101, 4757955.316649902611971 ], [ -8643712.73908182606101, 4755455.316649902611971 ], [ -8646212.73908182606101, 4755455.316649902611971 ] ] ] } },
{ "type": "Feature", "properties": { "cell_id": "G0433" }, "geometry": { "type": "Polygon", "coordinates": [ [ [ -8651212.73908182606101, 4755455.316649902611971 ], [ -8651212.73908182606101, 4757955.316649902611971 ], [ -8648712.73908182606101, 4757955.316649902611971 ], [ -8648712.73908182606101, 4755455.316649902611971 ], [ -8651212.73908182606101, 4755455.316649902611971 ] ] ] } },
{ "type": "Feature", "properties": { "cell_id": "G0434" }, "geometry": { "type": "Polygon", "coordinates": [ [ [ -8648712.73908182606101, 4755455.316649902611971 ], [ -8648712.73908182606101, 4757955.316649902611971 ], [ -8646212.73908182606101, 4757955.316649902611971 ], [ -8646212.73908182606101, 4755455.316649902611971 ], [ -8648712.73908182606101, 4755455.316649902611971 ] ] ] } },
{ "type": "Feature", "properties": { "cell_id": "G0435" }, "geometry": { "type": "Polygon", "coordinates": [ [ [ -8643712.73908182606101, 4747955.316649902611971 ], [ -8643712.73908182606101, 4750455.316649902611971 ], [ -8641212.73908182606101, 4750455.316649902611971 ], [ -8641212.73908182606101, 4747955.316649902611971 ], [ -8643712.73908182606101, 4747955.316649902611971 ] ] ] } },
{ "type": "Feature", "properties": { "cell_id": "G0436" }, "geometry": { "type": "Polygon", "coordinates": [ [ [ -8641212.73908182606101, 4750455.316649902611971 ], [ -8641212.73908182606101, 4752955.316649902611971 ], [ -8638712.73908182606101, 4752955.316649902611971 ], [ -8638712.73908182606101, 4750455.316649902611971 ], [ -8641212.73908182606101, 4750455.316649902611971 ] ] ] } },
{ "type": "Feature", "properties": { "cell_id": "G0437" }, "geometry": { "type": "Polygon", "coordinates": [ [ [ -8643712.73908182606101, 4750455.316649902611971 ], [ -8643712.73908182606101, 4752955.316649902611971 ], [ -8641212.73908182606101, 4752955.316649902611971 ], [ -8641212.73908182606101, 4750455.316649902611971 ], [ -8643712.73908182606101, 4750455.316649902611971 ] ] ] } },
{ "type": "Feature", "properties": { "cell_id": "G0438" }, "geometry": { "type": "Polygon", "coordinates": [ [ [ -8638712.73908182606101, 4750455.316649902611971 ], [ -8638712.73908182606101, 4752955.316649902611971 ], [ -8636212.73908182606101, 4752955.316649902611971 ], [ -8636212.73908182606101, 4750455.316649902611971 ], [ -8638712.73908182606101, 4750455.316649902611971 ] ] ] } },
{ "type": "Feature", "properties": { "cell_id": "G0439" }, "geometry": { "type": "Polygon", "coordinates": [ [ [ -8638712.73908182606101, 4752955.316649902611971 ], [ -8638712.73908182606101, 4755455.316649902611971 ], [ -8636212.73908182606101, 4755455.316649902611971 ], [ -8636212.73908182606101, 4752955.316649902611971 ], [ -8638712.73908182606101, 4752955.316649902611971 ] ] ] } },
{ "type": "Feature", "properties": { "cell_id": "G0440" }, "geometry": { "type": "Polygon", "coordinates": [ [ [ -8643712.73908182606101, 4752955.316649902611971 ], [ -8643712.73908182606101, 4755455.316649902611971 ], [ -8641212.73908182606101, 4755455.316649902611971 ], [ -8641212.73908182606101, 4752955.316649902611971 ], [ -8643712.73908182606101, 4752955.316649902611971 ] ] ] } },
{ "type": "Feature", "properties": { "cell_id": "G0441" }, "geometry": { "type": "Polygon", "coordinates": [ [ [ -8641212.73908182606101, 4752955.316649902611971 ], [ -8641212.73908182606101, 4755455.316649902611971 ], [ -8638712.73908182606101, 4755455.316649902611971 ], [ -8638712.73908182606101, 4752955.316649902611971 ], [ -8641212.73908182606101, 4752955.316649902611971 ] ] ] } },
{ "type": "Feature", "properties": { "cell_id": "G0442" }, "geometry": { "type": "Polygon", "coordinates": [ [ [ -8643712.73908182606101, 4755455.316649902611971 ], [ -8643712.73908182606101, 4757955.316649902611971 ], [ -8641212.73908182606101, 4757955.316649902611971 ], [ -8641212.73908182606101, 4755455.316649902611971 ], [ -8643712.73908182606101, 4755455.316649902611971 ] ] ] } },
{ "type": "Feature", "properties": { "cell_id": "G0443" }, "geometry": { "type": "Polygon", "coordinates": [ [ [ -8641212.73908182606101, 4755455.316649902611971 ], [ -8641212.73908182606101, 4757955.316649902611971 ], [ -8638712.73908182606101, 4757955.316649902611971 ], [ -8638712.73908182606101, 4755455.316649902611971 ], [ -8641212.73908182606101, 4755455.316649902611971 ] ] ] } },
{ "type": "Feature", "properties": { "cell_id": "G0444" }, "geometry": { "type": "Polygon", "coordinates": [ [ [ -8638712.73908182606101, 4755455.316649902611971 ], [ -8638712.73908182606101, 4757955.316649902611971 ], [ -8636212.73908182606101, 4757955.316649902611971 ], [ -8636212.73908182606101, 4755455.316649902611971 ], [ -8638712.73908182606101, 4755455.316649902611971 ] ] ] } },
{ "type": "Feature", "properties": { "cell_id": "G0445" }, "geometry": { "type": "Polygon", "coordinates": [ [ [ -8653712.73908182606101, 4752955.316649902611971 ], [ -8653712.73908182606101, 4755455.316649902611971 ], [ -8651212.73908182606101, 4755455.316649902611971 ], [ -8651212.73908182606101, 4752955.316649902611971 ], [ -8653712.73908182606101, 4752955.316649902611971 ] ] ] } },
{ "type": "Feature", "properties": { "cell_id": "G0446" }, "geometry": { "type": "Polygon", "coordinates": [ [ [ -8656212.73908182606101, 4755455.316649902611971 ], [ -8656212.73908182606101, 4757955.316649902611971 ], [ -8653712.73908182606101, 4757955.316649902611971 ], [ -8653712.73908182606101, 4755455.316649902611971 ], [ -8656212.73908182606101, 4755455.316649902611971 ] ] ] } },
{ "type": "Feature", "properties": { "cell_id": "G0447" }, "geometry": { "type": "Polygon", "coordinates": [ [ [ -8653712.73908182606101, 4755455.316649902611971 ], [ -8653712.73908182606101, 4757955.316649902611971 ], [ -8651212.73908182606101, 4757955.316649902611971 ], [ -8651212.73908182606101, 4755455.316649902611971 ], [ -8653712.73908182606101, 4755455.316649902611971 ] ] ] } },
{ "type": "Feature", "properties": { "cell_id": "G0448" }, "geometry": { "type": "Polygon", "coordinates": [ [ [ -8653712.73908182606101, 4760455.316649902611971 ], [ -8653712.73908182606101, 4757955.316649902611971 ], [ -8656212.73908182606101, 4757955.316649902611971 ], [ -8656212.73908182606101, 4759806.64902600646019 ], [ -8656062.56229011900723, 4760149.693020171485841 ], [ -8656026.828733572736382, 4760305.416471634991467 ], [ -8655968.266609515994787, 4760455.316649902611971 ], [ -8653712.73908182606101, 4760455.316649902611971 ] ] ] } },
{ "type": "Feature", "properties": { "cell_id": "G0449" }, "geometry": { "type": "Polygon", "coordinates": [ [ [ -8653712.73908182606101, 4757955.316649902611971 ], [ -8653712.73908182606101, 4760455.316649902611971 ], [ -8651212.73908182606101, 4760455.316649902611971 ], [ -8651212.73908182606101, 4757955.316649902611971 ], [ -8653712.73908182606101, 4757955.316649902611971 ] ] ] } },
{ "type": "Feature", "properties": { "cell_id": "G0450" }, "geometry": { "type": "Polygon", "coordinates": [ [ [ -8653712.73908182606101, 4762955.316649902611971 ], [ -8653712.73908182606101, 4760455.316649902611971 ], [ -8655968.266609515994787, 4760455.316649902611971 ], [ -8655724.707635559141636, 4761078.749187625013292 ], [ -8655668.491292711347342, 4761167.331063566729426 ], [ -8655436.056195935234427, 4761476.367115116678178 ], [ -8655431.046818848699331, 4761567.109608112834394 ], [ -8655464.108707612380385, 4761906.50240546092391 ], [ -8655393.866108922287822, 4762343.990837207995355 ], [ -8655197.029264831915498, 4762955.316649902611971 ], [ -8653712.73908182606101, 4762955.316649902611971 ] ] ] } },
{ "type": "Feature", "properties": { "cell_id": "G0451" }, "geometry": { "type": "Polygon", "coordinates": [ [ [ -8653712.73908182606101, 4760455.316649902611971 ], [ -8653712.73908182606101, 4762955.316649902611971 ], [ -8651212.73908182606101, 4762955.316649902611971 ], [ -8651212.73908182606101, 4760455.316649902611971 ], [ -8653712.73908182606101, 4760455.316649902611971 ] ] ] } },
{ "type": "Feature", "properties": { "cell_id": "G0452" }, "geometry": { "type": "Polygon", "coordinates": [ [ [ -8653712.73908182606101, 4765455.316649902611971 ], [ -8653712.73908182606101, 4762955.316649902611971 ], [ -8655197.029264831915498, 4762955.316649902611971 ], [ -8655120.131481060758233, 4763194.141857526265085 ], [ -8654788.399398498237133, 4764016.459048938006163 ], [ -8653996.083382228389382, 4765455.316649902611971 ], [ -8653712.73908182606101, 4765455.316649902611971 ] ] ] } },
{ "type": "Feature", "properties": { "cell_id": "G0453" }, "geometry": { "type": "Polygon", "coordinates": [ [ [ -8653712.73908182606101, 4762955.316649902611971 ], [ -8653712.73908182606101, 4765455.316649902611971 ], [ -8651212.73908182606101, 4765455.316649902611971 ], [ -8651212.73908182606101, 4762955.316649902611971 ], [ -8653712.73908182606101, 4762955.316649902611971 ] ] ] } },
{ "type": "Feature", "properties": { "cell_id": "G0454" }, "geometry": { "type": "Polygon", "coordinates": [ [ [ -8641212.73908182606101, 4757955.316649902611971 ], [ -8641212.73908182606101, 4760455.316649902611971 ], [ -8638712.73908182606101, 4760455.316649902611971 ], [ -8638712.73908182606101, 4757955.316649902611971 ], [ -8641212.73908182606101, 4757955.316649902611971 ] ] ] } },
{ "type": "Feature", "properties": { "cell_id": "G0455" }, "geometry": { "type": "Polygon", "coordinates": [ [ [ -8643712.73908182606101, 4757955.316649902611971 ], [ -8643712.73908182606101, 4760455.316649902611971 ], [ -8641212.73908182606101, 4760455.316649902611971 ], [ -8641212.73908182606101, 4757955.316649902611971 ], [ -8643712.73908182606101, 4757955.316649902611971 ] ] ] } },
{ "type": "Feature", "properties": { "cell_id": "G0456" }, "geometry": { "type": "Polygon", "coordinates": [ [ [ -8638712.73908182606101, 4757955.316649902611971 ], [ -8638712.73908182606101, 4760455.316649902611971 ], [ -8636212.73908182606101, 4760455.316649902611971 ], [ -8636212.73908182606101, 4757955.316649902611971 ], [ -8638712.73908182606101, 4757955.316649902611971 ] ] ] } },
{ "type": "Feature", "properties": { "cell_id": "G0457" }, "geometry": { "type": "Polygon", "coordinates": [ [ [ -8641212.73908182606101, 4760455.316649902611971 ], [ -8641212.73908182606101, 4762955.316649902611971 ], [ -8638712.73908182606101, 4762955.316649902611971 ], [ -8638712.73908182606101, 4760455.316649902611971 ], [ -8641212.73908182606101, 4760455.316649902611971 ] ] ] } },
{ "type": "Feature", "properties": { "cell_id": "G0458" }, "geometry": { "type": "Polygon", "coordinates": [ [ [ -8643712.73908182606101, 4760455.316649902611971 ], [ -8643712.73908182606101, 4762955.316649902611971 ], [ -8641212.73908182606101, 4762955.316649902611971 ], [ -8641212.73908182606101, 4760455.316649902611971 ], [ -8643712.73908182606101, 4760455.316649902611971 ] ] ] } },
{ "type": "Feature", "properties": { "cell_id": "G0459" }, "geometry": { "type": "Polygon", "coordinates": [ [ [ -8638712.73908182606101, 4760455.316649902611971 ], [ -8638712.73908182606101, 4762955.316649902611971 ], [ -8636212.73908182606101, 4762955.316649902611971 ], [ -8636212.73908182606101, 4760455.316649902611971 ], [ -8638712.73908182606101, 4760455.316649902611971 ] ] ] } },
{ "type": "Feature", "properties": { "cell_id": "G0460" }, "geometry": { "type": "Polygon", "coordinates": [ [ [ -8638712.73908182606101, 4762955.316649902611971 ], [ -8641212.73908182606101, 4762955.316649902611971 ], [ -8641212.73908182606101, 4765455.316649902611971 ], [ -8641178.672451794147491, 4765455.316649902611971 ], [ -8640166.806921783834696, 4765127.132545566186309 ], [ -8639155.777200251817703, 4765252.856751714833081 ], [ -8639049.270553709939122, 4765266.101224857382476 ], [ -8638989.185330107808113, 4765246.10159522946924 ], [ -8638832.10647908039391, 4765193.817399910651147 ], [ -8638712.73908182606101, 4765154.08605479169637 ], [ -8638712.73908182606101, 4762955.316649902611971 ] ] ] } },
{ "type": "Feature", "properties": { "cell_id": "G0461" }, "geometry": { "type": "Polygon", "coordinates": [ [ [ -8643712.73908182606101, 4762955.316649902611971 ], [ -8643712.73908182606101, 4765455.316649902611971 ], [ -8641212.73908182606101, 4765455.316649902611971 ], [ -8641212.73908182606101, 4762955.316649902611971 ], [ -8643712.73908182606101, 4762955.316649902611971 ] ] ] } },
{ "type": "Feature", "properties": { "cell_id": "G0462" }, "geometry": { "type": "Polygon", "coordinates": [ [ [ -8636212.73908182606101, 4762955.316649902611971 ], [ -8638712.73908182606101, 4762955.316649902611971 ], [ -8638712.73908182606101, 4765154.08605479169637 ], [ -8638269.143562231212854, 4765006.435631914995611 ], [ -8637584.194735378026962, 4764921.128674022853374 ], [ -8637082.811748845502734, 4765016.793355599045753 ], [ -8636510.281152669340372, 4765265.32038383744657 ], [ -8636212.73908182606101, 4765394.481997423805296 ], [ -8636212.73908182606101, 4762955.316649902611971 ] ] ] } },
{ "type": "Feature", "properties": { "cell_id": "G0463" }, "geometry": { "type": "Polygon", "coordinates": [ [ [ -8641212.73908182606101, 4765455.316649902611971 ], [ -8641212.73908182606101, 4765466.365673841908574 ], [ -8641178.672451794147491, 4765455.316649902611971 ], [ -8641212.73908182606101, 4765455.316649902611971 ] ] ] } },
{ "type": "Feature", "properties": { "cell_id": "G0464" }, "geometry": { "type": "Polygon", "coordinates": [ [ [ -8646212.73908182606101, 4757955.316649902611971 ], [ -8646212.73908182606101, 4760455.316649902611971 ], [ -8643712.73908182606101, 4760455.316649902611971 ], [ -8643712.73908182606101, 4757955.316649902611971 ], [ -8646212.73908182606101, 4757955.316649902611971 ] ] ] } },
{ "type": "Feature", "properties": { "cell_id": "G0465" }, "geometry": { "type": "Polygon", "coordinates": [ [ [ -8651212.73908182606101, 4757955.316649902611971 ], [ -8651212.73908182606101, 4760455.316649902611971 ], [ -8648712.73908182606101, 4760455.316649902611971 ], [ -8648712.73908182606101, 4757955.316649902611971 ], [ -8651212.73908182606101, 4757955.316649902611971 ] ] ] } },
{ "type": "Feature", "properties": { "cell_id": "G0466" }, "geometry": { "type": "Polygon", "coordinates": [ [ [ -8648712.73908182606101, 4757955.316649902611971 ], [ -8648712.73908182606101, 4760455.316649902611971 ], [ -8646212.73908182606101, 4760455.316649902611971 ], [ -8646212.73908182606101, 4757955.316649902611971 ], [ -8648712.73908182606101, 4757955.316649902611971 ] ] ] } },
{ "type": "Feature", "properties": { "cell_id": "G0467" }, "geometry": { "type": "Polygon", "coordinates": [ [ [ -8651212.73908182606101, 4760455.316649902611971 ], [ -8651212.73908182606101, 4762955.316649902611971 ], [ -8648712.73908182606101, 4762955.316649902611971 ], [ -8648712.73908182606101, 4760455.316649902611971 ], [ -8651212.73908182606101, 4760455.316649902611971 ] ] ] } },
{ "type": "Feature", "properties": { "cell_id": "G0468" }, "geometry": { "type": "Polygon", "coordinates": [ [ [ -8648712.73908182606101, 4760455.316649902611971 ], [ -8648712.73908182606101, 4762955.316649902611971 ], [ -8646212.73908182606101, 4762955.316649902611971 ], [ -8646212.73908182606101, 4760455.316649902611971 ], [ -8648712.73908182606101, 4760455.316649902611971 ] ] ] } },
{ "type": "Feature", "properties": { "cell_id": "G0469" }, "geometry": { "type": "Polygon", "coordinates": [ [ [ -8646212.73908182606101, 4760455.316649902611971 ], [ -8646212.73908182606101, 4762955.316649902611971 ], [ -8643712.73908182606101, 4762955.316649902611971 ], [ -8643712.73908182606101, 4760455.316649902611971 ], [ -8646212.73908182606101, 4760455.316649902611971 ] ] ] } },
{ "type": "Feature", "properties": { "cell_id": "G0470" }, "geometry": { "type": "Polygon", "coordinates": [ [ [ -8646212.73908182606101, 4762955.316649902611971 ], [ -8646212.73908182606101, 4765455.316649902611971 ], [ -8643712.73908182606101, 4765455.316649902611971 ], [ -8643712.73908182606101, 4762955.316649902611971 ], [ -8646212.73908182606101, 4762955.316649902611971 ] ] ] } },
{ "type": "Feature", "properties": { "cell_id": "G0471" }, "geometry": { "type": "Polygon", "coordinates": [ [ [ -8651212.73908182606101, 4762955.316649902611971 ], [ -8651212.73908182606101, 4765455.316649902611971 ], [ -8648712.73908182606101, 4765455.316649902611971 ], [ -8648712.73908182606101, 4762955.316649902611971 ], [ -8651212.73908182606101, 4762955.316649902611971 ] ] ] } },
{ "type": "Feature", "properties": { "cell_id": "G0472" }, "geometry": { "type": "Polygon", "coordinates": [ [ [ -8648712.73908182606101, 4762955.316649902611971 ], [ -8648712.73908182606101, 4765455.316649902611971 ], [ -8646212.73908182606101, 4765455.316649902611971 ], [ -8646212.73908182606101, 4762955.316649902611971 ], [ -8648712.73908182606101, 4762955.316649902611971 ] ] ] } },
{ "type": "Feature", "properties": { "cell_id": "G0473" }, "geometry": { "type": "Polygon", "coordinates": [ [ [ -8648712.73908182606101, 4765455.316649902611971 ], [ -8651212.73908182606101, 4765455.316649902611971 ], [ -8651212.73908182606101, 4767716.587082294747233 ], [ -8650382.596591882407665, 4767837.367845516651869 ], [ -8649241.794450232759118, 4767416.332106630317867 ], [ -8648743.417089950293303, 4767389.999971280805767 ], [ -8648712.73908182606101, 4767399.906884828582406 ], [ -8648712.73908182606101, 4765455.316649902611971 ] ] ] } },
{ "type": "Feature", "properties": { "cell_id": "G0474" }, "geometry": { "type": "Polygon", "coordinates": [ [ [ -8641212.73908182606101, 4765455.316649902611971 ], [ -8643712.73908182606101, 4765455.316649902611971 ], [ -8643712.73908182606101, 4766177.575003677047789 ], [ -8643452.487796837463975, 4766097.746385740116239 ], [ -8643290.056448301300406, 4766047.923322943970561 ], [ -8643209.951742133125663, 4766023.352652952075005 ], [ -8642876.657286163419485, 4765921.121249726973474 ], [ -8642792.792372960597277, 4765909.222196543589234 ], [ -8642411.230495156720281, 4765855.085013111121953 ], [ -8641921.049875231459737, 4765696.096184951253235 ], [ -8641916.514920240268111, 4765694.62529563345015 ], [ -8641212.73908182606101, 4765466.365673841908574 ], [ -8641212.73908182606101, 4765455.316649902611971 ] ] ] } },
{ "type": "Feature", "properties": { "cell_id": "G0475" }, "geometry": { "type": "Polygon", "coordinates": [ [ [ -8663712.73908182606101, 4737955.316649902611971 ], [ -8663712.73908182606101, 4740455.316649902611971 ], [ -8661212.73908182606101, 4740455.316649902611971 ], [ -8661212.73908182606101, 4737955.316649902611971 ], [ -8663712.73908182606101, 4737955.316649902611971 ] ] ] } },
{ "type": "Feature", "properties": { "cell_id": "G0476" }, "geometry": { "type": "Polygon", "coordinates": [ [ [ -8661212.73908182606101, 4742955.316649902611971 ], [ -8661212.73908182606101, 4740455.316649902611971 ], [ -8663712.73908182606101, 4740455.316649902611971 ], [ -8663712.73908182606101, 4740773.29514101985842 ], [ -8663125.672661459073424, 4741743.104640212841332 ], [ -8663131.015997018665075, 4742137.664790747687221 ], [ -8663215.618810022249818, 4742527.647166013717651 ], [ -8663202.705749088898301, 4742858.361718829721212 ], [ -8663179.107523884624243, 4742955.316649902611971 ], [ -8661212.73908182606101, 4742955.316649902611971 ] ] ] } },
{ "type": "Feature", "properties": { "cell_id": "G0477" }, "geometry": { "type": "Polygon", "coordinates": [ [ [ -8658712.73908182606101, 4740455.316649902611971 ], [ -8658712.73908182606101, 4742955.316649902611971 ], [ -8656212.73908182606101, 4742955.316649902611971 ], [ -8656212.73908182606101, 4740455.316649902611971 ], [ -8658712.73908182606101, 4740455.316649902611971 ] ] ] } },
{ "type": "Feature", "properties": { "cell_id": "G0478" }, "geometry": { "type": "Polygon", "coordinates": [ [ [ -8661212.73908182606101, 4740455.316649902611971 ], [ -8661212.73908182606101, 4742955.316649902611971 ], [ -8658712.73908182606101, 4742955.316649902611971 ], [ -8658712.73908182606101, 4740455.316649902611971 ], [ -8661212.73908182606101, 4740455.316649902611971 ] ] ] } },
{ "type": "Feature", "properties": { "cell_id": "G0479" }, "geometry": { "type": "Polygon", "coordinates": [ [ [ -8658712.73908182606101, 4742955.316649902611971 ], [ -8658712.73908182606101, 4745455.316649902611971 ], [ -8656212.73908182606101, 4745455.316649902611971 ], [ -8656212.73908182606101, 4742955.316649902611971 ], [ -8658712.73908182606101, 4742955.316649902611971 ] ] ] } },
{ "type": "Feature", "properties": { "cell_id": "G0480" }, "geometry": { "type": "Polygon", "coordinates": [ [ [ -8661212.73908182606101, 4745455.316649902611971 ], [ -8661212.73908182606101, 4742955.316649902611971 ], [ -8663179.107523884624243, 4742955.316649902611971 ], [ -8663040.067973040044308, 4743526.570206102915108 ], [ -8662709.783043855801225, 4743938.426841401495039 ], [ -8662126.468912100419402, 4745337.343114935792983 ], [ -8662057.652756309136748, 4745455.316649902611971 ], [ -8661212.73908182606101, 4745455.316649902611971 ] ] ] } },
{ "type": "Feature", "properties": { "cell_id": "G0481" }, "geometry": { "type": "Polygon", "coordinates": [ [ [ -8661212.73908182606101, 4742955.316649902611971 ], [ -8661212.73908182606101, 4745455.316649902611971 ], [ -8658712.73908182606101, 4745455.316649902611971 ], [ -8658712.73908182606101, 4742955.316649902611971 ], [ -8661212.73908182606101, 4742955.316649902611971 ] ] ] } },
{ "type": "Feature", "properties": { "cell_id": "G0482" }, "geometry": { "type": "Polygon", "coordinates": [ [ [ -8658712.73908182606101, 4745455.316649902611971 ], [ -8658712.73908182606101, 4747955.316649902611971 ], [ -8656212.73908182606101, 4747955.316649902611971 ], [ -8656212.73908182606101, 4745455.316649902611971 ], [ -8658712.73908182606101, 4745455.316649902611971 ] ] ] } },
{ "type": "Feature", "properties": { "cell_id": "G0483" }, "geometry": { "type": "Polygon", "coordinates": [ [ [ -8661212.73908182606101, 4745455.316649902611971 ], [ -8662057.652756309136748, 4745455.316649902611971 ], [ -8661913.737365193665028, 4745702.034985601902008 ], [ -8661672.174070172011852, 4745846.192412002012134 ], [ -8661368.316073969006538, 4746328.172335523180664 ], [ -8661323.298786027356982, 4746399.580769146792591 ], [ -8661224.001800239086151, 4746658.193250988610089 ], [ -8661212.73908182606101, 4746739.396489313803613 ], [ -8661212.73908182606101, 4745455.316649902611971 ] ] ] } },
{ "type": "Feature", "properties": { "cell_id": "G0484" }, "geometry": { "type": "Polygon", "coordinates": [ [ [ -8658712.73908182606101, 4747955.316649902611971 ], [ -8658712.73908182606101, 4745455.316649902611971 ], [ -8661212.73908182606101, 4745455.316649902611971 ], [ -8661212.73908182606101, 4746739.396489313803613 ], [ -8661147.859268536791205, 4747207.174404717981815 ], [ -8661180.921157302334905, 4747404.487505281344056 ], [ -8660965.35585655644536, 4747955.316649902611971 ], [ -8658712.73908182606101, 4747955.316649902611971 ] ] ] } },
{ "type": "Feature", "properties": { "cell_id": "G0485" }, "geometry": { "type": "Polygon", "coordinates": [ [ [ -8663712.73908182606101, 4740455.316649902611971 ], [ -8663941.849113740026951, 4740455.316649902611971 ], [ -8663806.929384516552091, 4740657.742522318847477 ], [ -8663790.806618951261044, 4740644.330791406333447 ], [ -8663712.73908182606101, 4740773.29514101985842 ], [ -8663712.73908182606101, 4740455.316649902611971 ] ] ] } },
{ "type": "Feature", "properties": { "cell_id": "G0486" }, "geometry": { "type": "Polygon", "coordinates": [ [ [ -8658712.73908182606101, 4747955.316649902611971 ], [ -8658712.73908182606101, 4750455.316649902611971 ], [ -8656212.73908182606101, 4750455.316649902611971 ], [ -8656212.73908182606101, 4747955.316649902611971 ], [ -8658712.73908182606101, 4747955.316649902611971 ] ] ] } },
{ "type": "Feature", "properties": { "cell_id": "G0487" }, "geometry": { "type": "Polygon", "coordinates": [ [ [ -8658712.73908182606101, 4750455.316649902611971 ], [ -8658712.73908182606101, 4747955.316649902611971 ], [ -8660965.35585655644536, 4747955.316649902611971 ], [ -8660658.018846359103918, 4748740.6479710964486 ], [ -8660427.399524122476578, 4749330.000524582341313 ], [ -8660401.907360730692744, 4749533.10058484878391 ], [ -8660486.95545169711113, 4750299.28710852842778 ], [ -8660454.895438347011805, 4750455.002168169245124 ], [ -8660454.740175878629088, 4750455.316649902611971 ], [ -8658712.73908182606101, 4750455.316649902611971 ] ] ] } },
{ "type": "Feature", "properties": { "cell_id": "G0488" }, "geometry": { "type": "Polygon", "coordinates": [ [ [ -8658712.73908182606101, 4750455.316649902611971 ], [ -8658712.73908182606101, 4752955.316649902611971 ], [ -8656212.73908182606101, 4752955.316649902611971 ], [ -8656212.73908182606101, 4750455.316649902611971 ], [ -8658712.73908182606101, 4750455.316649902611971 ] ] ] } },
{ "type": "Feature", "properties": { "cell_id": "G0489" }, "geometry": { "type": "Polygon", "coordinates": [ [ [ -8658712.73908182606101, 4752955.316649902611971 ], [ -8658712.73908182606101, 4750455.316649902611971 ], [ -8660454.740175878629088, 4750455.316649902611971 ], [ -8660054.813188437372446, 4751265.362591471523046 ], [ -8659984.158385982736945, 4751626.885206617414951 ], [ -8659947.389879820868373, 4751815.025405489839613 ], [ -8659405.486598640680313, 4752550.350401197560132 ], [ -8659223.626179430633783, 4752955.316649902611971 ], [ -8658712.73908182606101, 4752955.316649902611971 ] ] ] } },
{ "type": "Feature", "properties": { "cell_id": "G0490" }, "geometry": { "type": "Polygon", "coordinates": [ [ [ -8656212.73908182606101, 4755455.316649902611971 ], [ -8656212.73908182606101, 4752955.316649902611971 ], [ -8658712.73908182606101, 4752955.316649902611971 ], [ -8658712.73908182606101, 4754008.738172885961831 ], [ -8658571.147015143185854, 4754226.654980867169797 ], [ -8658214.92464460618794, 4754570.974208243191242 ], [ -8657604.930772349238396, 4755455.316649902611971 ], [ -8656212.73908182606101, 4755455.316649902611971 ] ] ] } },
{ "type": "Feature", "properties": { "cell_id": "G0491" }, "geometry": { "type": "Polygon", "coordinates": [ [ [ -8658712.73908182606101, 4752955.316649902611971 ], [ -8659223.626179430633783, 4752955.316649902611971 ], [ -8658835.19684730656445, 4753820.2699487041682 ], [ -8658712.73908182606101, 4754008.738172885961831 ], [ -8658712.73908182606101, 4752955.316649902611971 ] ] ] } },
{ "type": "Feature", "properties": { "cell_id": "G0492" }, "geometry": { "type": "Polygon", "coordinates": [ [ [ -8656212.73908182606101, 4757955.316649902611971 ], [ -8656212.73908182606101, 4755455.316649902611971 ], [ -8657604.930772349238396, 4755455.316649902611971 ], [ -8657474.316072357818484, 4755644.676130317151546 ], [ -8657421.460070874541998, 4755852.537408893927932 ], [ -8657013.676019456237555, 4757456.331251095049083 ], [ -8657382.366172961890697, 4757458.199993947520852 ], [ -8657414.314866820350289, 4757510.956185156479478 ], [ -8657401.369008822366595, 4757955.316649902611971 ], [ -8656212.73908182606101, 4757955.316649902611971 ] ] ] } },
{ "type": "Feature", "properties": { "cell_id": "G0493" }, "geometry": { "type": "Polygon", "coordinates": [ [ [ -8656212.73908182606101, 4757955.316649902611971 ], [ -8657401.369008822366595, 4757955.316649902611971 ], [ -8657391.271732226014137, 4758301.900902713648975 ], [ -8657348.079769797623158, 4758404.690896317362785 ], [ -8657204.588946165516973, 4758467.946798020973802 ], [ -8657094.160011298954487, 4758646.215565961785614 ], [ -8656929.963762378320098, 4758600.641718033701181 ], [ -8656520.196716768667102, 4758759.504131214693189 ], [ -8656451.982512544840574, 4759134.991882857866585 ], [ -8656447.88423859141767, 4759157.551437379792333 ], [ -8656400.416944675147533, 4759418.845850240439177 ], [ -8656339.079905247315764, 4759518.052764227613807 ], [ -8656212.73908182606101, 4759806.64902600646019 ], [ -8656212.73908182606101, 4757955.316649902611971 ] ] ] } },
{ "type": "Feature", "properties": { "cell_id": "G0494" }, "geometry": { "type": "Polygon", "coordinates": [ [ [ -8601212.73908182606101, 4660455.316649902611971 ], [ -8600836.153814718127251, 4660455.316649902611971 ], [ -8600636.253865674138069, 4659598.703671826981008 ], [ -8600213.239800659939647, 4659010.301707935519516 ], [ -8600214.65655106306076, 4658913.62789052259177 ], [ -8600214.798273529857397, 4658903.957322527654469 ], [ -8600579.480925370007753, 4658817.544425701722503 ], [ -8600721.301956640556455, 4658675.897186540067196 ], [ -8600725.754736272618175, 4658368.977835785597563 ], [ -8600969.767060089856386, 4658190.18305104970932 ], [ -8601212.73908182606101, 4658048.351699090562761 ], [ -8601212.73908182606101, 4660455.316649902611971 ] ] ] } },
{ "type": "Feature", "properties": { "cell_id": "G0495" }, "geometry": { "type": "Polygon", "coordinates": [ [ [ -8611212.73908182606101, 4652955.316649902611971 ], [ -8611212.73908182606101, 4652875.096524966880679 ], [ -8611351.868049435317516, 4652828.9294214528054 ], [ -8611449.715132795274258, 4652955.316649902611971 ], [ -8611212.73908182606101, 4652955.316649902611971 ] ] ] } },
{ "type": "Feature", "properties": { "cell_id": "G0496" }, "geometry": { "type": "Polygon", "coordinates": [ [ [ -8611212.73908182606101, 4652955.316649902611971 ], [ -8608712.73908182606101, 4652955.316649902611971 ], [ -8608712.73908182606101, 4651805.494873287156224 ], [ -8608749.774952141568065, 4651835.174434231594205 ], [ -8608807.5497678630054, 4652073.040866683237255 ], [ -8608843.617282882332802, 4652323.574822520837188 ], [ -8609094.976693091914058, 4652423.733212274499238 ], [ -8609448.304756868630648, 4652317.599494999274611 ], [ -8609815.547756997868419, 4652494.157666510902345 ], [ -8610335.521098492667079, 4652581.655390259809792 ], [ -8611083.03147916868329, 4652918.137341135181487 ], [ -8611212.73908182606101, 4652875.096524966880679 ], [ -8611212.73908182606101, 4652955.316649902611971 ] ] ] } },
{ "type": "Feature", "properties": { "cell_id": "G0497" }, "geometry": { "type": "Polygon", "coordinates": [ [ [ -8611212.73908182606101, 4652955.316649902611971 ], [ -8611212.73908182606101, 4655455.316649902611971 ], [ -8608712.73908182606101, 4655455.316649902611971 ], [ -8608712.73908182606101, 4652955.316649902611971 ], [ -8611212.73908182606101, 4652955.316649902611971 ] ] ] } },
{ "type": "Feature", "properties": { "cell_id": "G0498" }, "geometry": { "type": "Polygon", "coordinates": [ [ [ -8613712.73908182606101, 4655455.316649902611971 ], [ -8613712.73908182606101, 4654046.363718023523688 ], [ -8614177.935962203890085, 4654074.922840129584074 ], [ -8614195.74708073027432, 4654260.4759964896366 ], [ -8614017.635895462706685, 4654538.242833756841719 ], [ -8614476.160878039896488, 4654740.596165352500975 ], [ -8614376.752572761848569, 4654898.980993498116732 ], [ -8614440.427321493625641, 4655052.102887167595327 ], [ -8614788.968647168949246, 4655012.683742123655975 ], [ -8614829.266302835196257, 4655281.505399953573942 ], [ -8615121.79513474367559, 4655455.316649902611971 ], [ -8613712.73908182606101, 4655455.316649902611971 ] ] ] } },
{ "type": "Feature", "properties": { "cell_id": "G0499" }, "geometry": { "type": "Polygon", "coordinates": [ [ [ -8613712.73908182606101, 4655455.316649902611971 ], [ -8611212.73908182606101, 4655455.316649902611971 ], [ -8611212.73908182606101, 4652955.316649902611971 ], [ -8611449.715132795274258, 4652955.316649902611971 ], [ -8611572.058002222329378, 4653113.344622291624546 ], [ -8611811.060948956757784, 4653169.687940584495664 ], [ -8612166.726722043007612, 4653277.680167089216411 ], [ -8612304.874210115522146, 4653057.855293605476618 ], [ -8612597.533151412382722, 4653007.915154841728508 ], [ -8612904.997584983706474, 4653169.972503584809601 ], [ -8612909.005086651071906, 4653177.797989190556109 ], [ -8613014.647283414378762, 4653316.238932284526527 ], [ -8613165.707832420244813, 4653485.984595433808863 ], [ -8613139.213793613016605, 4653616.177014810964465 ], [ -8613446.566907690837979, 4654079.049369165673852 ], [ -8613698.148956885561347, 4654045.468008750118315 ], [ -8613712.73908182606101, 4654046.363718023523688 ], [ -8613712.73908182606101, 4655455.316649902611971 ] ] ] } },
{ "type": "Feature", "properties": { "cell_id": "G0500" }, "geometry": { "type": "Polygon", "coordinates": [ [ [ -8613712.73908182606101, 4655455.316649902611971 ], [ -8613712.73908182606101, 4657955.316649902611971 ], [ -8611212.73908182606101, 4657955.316649902611971 ], [ -8611212.73908182606101, 4655455.316649902611971 ], [ -8613712.73908182606101, 4655455.316649902611971 ] ] ] } },
{ "type": "Feature", "properties": { "cell_id": "G0501" }, "geometry": { "type": "Polygon", "coordinates": [ [ [ -8616212.73908182606101, 4657955.316649902611971 ], [ -8613712.73908182606101, 4657955.316649902611971 ], [ -8613712.73908182606101, 4655455.316649902611971 ], [ -8615121.79513474367559, 4655455.316649902611971 ], [ -8615165.785123504698277, 4655481.454090379178524 ], [ -8615316.400394545868039, 4655782.878785381093621 ], [ -8615319.183381818234921, 4655979.279254352673888 ], [ -8615535.143193954601884, 4656082.746813939884305 ], [ -8615692.771592918783426, 4656392.017157418653369 ], [ -8615500.300193337723613, 4656564.091081315651536 ], [ -8615779.712115228176117, 4657017.844960424117744 ], [ -8616009.475544225424528, 4657138.688077383674681 ], [ -8616212.73908182606101, 4657046.852646544575691 ], [ -8616212.73908182606101, 4657129.387357120402157 ], [ -8616157.419147489592433, 4657281.737427463755012 ], [ -8616212.73908182606101, 4657347.246743822470307 ], [ -8616212.73908182606101, 4657955.316649902611971 ] ] ] } },
{ "type": "Feature", "properties": { "cell_id": "G0502" }, "geometry": { "type": "Polygon", "coordinates": [ [ [ -8611212.73908182606101, 4655455.316649902611971 ], [ -8611212.73908182606101, 4657955.316649902611971 ], [ -8608712.73908182606101, 4657955.316649902611971 ], [ -8608712.73908182606101, 4655455.316649902611971 ], [ -8611212.73908182606101, 4655455.316649902611971 ] ] ] } },
{ "type": "Feature", "properties": { "cell_id": "G0503" }, "geometry": { "type": "Polygon", "coordinates": [ [ [ -8611212.73908182606101, 4657955.316649902611971 ], [ -8611212.73908182606101, 4660455.316649902611971 ], [ -8608712.73908182606101, 4660455.316649902611971 ], [ -8608712.73908182606101, 4657955.316649902611971 ], [ -8611212.73908182606101, 4657955.316649902611971 ] ] ] } },
{ "type": "Feature", "properties": { "cell_id": "G0504" }, "geometry": { "type": "MultiPolygon", "coordinates": [ [ [ [ -8606212.73908182606101, 4652955.316649902611971 ], [ -8603769.819634417071939, 4652955.316649902611971 ], [ -8604006.228810461238027, 4652538.262116760015488 ], [ -8604320.372413476929069, 4652591.187707755714655 ], [ -8604743.720436966046691, 4652405.94933576323092 ], [ -8604928.956069644540548, 4652009.163513069041073 ], [ -8604925.569902211427689, 4651938.141951910220087 ], [ -8605005.65519880130887, 4651763.758676813915372 ], [ -8604828.768527930602431, 4651428.452703600749373 ], [ -8604802.942406067624688, 4651162.150475977919996 ], [ -8604849.13999474607408, 4651056.883342082612216 ], [ -8605140.129143679514527, 4650950.33703369833529 ], [ -8605686.262565512210131, 4651225.453530017286539 ], [ -8605957.548164574429393, 4651171.112457611598074 ], [ -8606212.73908182606101, 4650987.654229762963951 ], [ -8606212.73908182606101, 4652955.316649902611971 ] ] ], [ [ [ -8606212.73908182606101, 4650937.849943711422384 ], [ -8606186.421037646010518, 4650810.647824816405773 ], [ -8605905.228003900498152, 4650455.316649902611971 ], [ -8606212.73908182606101, 4650504.201132167130709 ], [ -8606212.73908182606101, 4650937.849943711422384 ] ] ] ] } },
{ "type": "Feature", "properties": { "cell_id": "G0505" }, "geometry": { "type": "Polygon", "coordinates": [ [ [ -8606212.73908182606101, 4650504.201132167130709 ], [ -8606281.042604818940163, 4650515.059220209717751 ], [ -8607164.474083755165339, 4651013.212024259380996 ], [ -8608002.598529938608408, 4651236.407131876796484 ], [ -8608712.73908182606101, 4651805.494873287156224 ], [ -8608712.73908182606101, 4652955.316649902611971 ], [ -8606212.73908182606101, 4652955.316649902611971 ], [ -8606212.73908182606101, 4650987.654229762963951 ], [ -8606221.709316225722432, 4650981.205476319417357 ], [ -8606212.73908182606101, 4650937.849943711422384 ], [ -8606212.73908182606101, 4650504.201132167130709 ] ] ] } },
{ "type": "Feature", "properties": { "cell_id": "G0506" }, "geometry": { "type": "Polygon", "coordinates": [ [ [ -8606212.73908182606101, 4652955.316649902611971 ], [ -8606212.73908182606101, 4655455.316649902611971 ], [ -8603712.73908182606101, 4655455.316649902611971 ], [ -8603712.73908182606101, 4653029.301479790359735 ], [ -8603729.599875837564468, 4653026.269194631837308 ], [ -8603769.819634417071939, 4652955.316649902611971 ], [ -8606212.73908182606101, 4652955.316649902611971 ] ] ] } },
{ "type": "Feature", "properties": { "cell_id": "G0507" }, "geometry": { "type": "Polygon", "coordinates": [ [ [ -8603712.73908182606101, 4655455.316649902611971 ], [ -8602625.823231095448136, 4655455.316649902611971 ], [ -8602672.621310755610466, 4655136.349366598762572 ], [ -8603116.563440039753914, 4654998.879961868748069 ], [ -8603381.058550164103508, 4654668.164028041996062 ], [ -8603437.220692254602909, 4654464.63821920286864 ], [ -8603485.62195972725749, 4654289.240264803171158 ], [ -8603486.923385908827186, 4654284.524159356020391 ], [ -8603208.513339433819056, 4654268.871502552181482 ], [ -8603076.822381826117635, 4654036.788098756223917 ], [ -8603160.200680430978537, 4653889.942212080582976 ], [ -8603429.593848150223494, 4653459.519453594461083 ], [ -8603442.061631118878722, 4653439.59949947334826 ], [ -8603500.170405313372612, 4653067.530334401875734 ], [ -8603712.73908182606101, 4653029.301479790359735 ], [ -8603712.73908182606101, 4655455.316649902611971 ] ] ] } },
{ "type": "Feature", "properties": { "cell_id": "G0508" }, "geometry": { "type": "Polygon", "coordinates": [ [ [ -8608712.73908182606101, 4652955.316649902611971 ], [ -8608712.73908182606101, 4655455.316649902611971 ], [ -8606212.73908182606101, 4655455.316649902611971 ], [ -8606212.73908182606101, 4652955.316649902611971 ], [ -8608712.73908182606101, 4652955.316649902611971 ] ] ] } },
{ "type": "Feature", "properties": { "cell_id": "G0509" }, "geometry": { "type": "Polygon", "coordinates": [ [ [ -8606212.73908182606101, 4655455.316649902611971 ], [ -8606212.73908182606101, 4657955.316649902611971 ], [ -8603712.73908182606101, 4657955.316649902611971 ], [ -8603712.73908182606101, 4655455.316649902611971 ], [ -8606212.73908182606101, 4655455.316649902611971 ] ] ] } },
{ "type": "Feature", "properties": { "cell_id": "G0510" }, "geometry": { "type": "Polygon", "coordinates": [ [ [ -8608712.73908182606101, 4655455.316649902611971 ], [ -8608712.73908182606101, 4657955.316649902611971 ], [ -8606212.73908182606101, 4657955.316649902611971 ], [ -8606212.73908182606101, 4655455.316649902611971 ], [ -8608712.73908182606101, 4655455.316649902611971 ] ] ] } },
{ "type": "Feature", "properties": { "cell_id": "G0511" }, "geometry": { "type": "Polygon", "coordinates": [ [ [ -8603712.73908182606101, 4655455.316649902611971 ], [ -8603712.73908182606101, 4657955.316649902611971 ], [ -8601372.117905205115676, 4657955.316649902611971 ], [ -8601944.703160457313061, 4657621.078410109505057 ], [ -8602392.096193956211209, 4657006.458167834207416 ], [ -8602391.256598645821214, 4656979.620213032700121 ], [ -8602358.7003467194736, 4655939.002619164995849 ], [ -8602612.174827255308628, 4655548.341712593100965 ], [ -8602625.823231095448136, 4655455.316649902611971 ], [ -8603712.73908182606101, 4655455.316649902611971 ] ] ] } },
{ "type": "Feature", "properties": { "cell_id": "G0512" }, "geometry": { "type": "Polygon", "coordinates": [ [ [ -8606212.73908182606101, 4657955.316649902611971 ], [ -8606212.73908182606101, 4660455.316649902611971 ], [ -8603712.73908182606101, 4660455.316649902611971 ], [ -8603712.73908182606101, 4657955.316649902611971 ], [ -8606212.73908182606101, 4657955.316649902611971 ] ] ] } },
{ "type": "Feature", "properties": { "cell_id": "G0513" }, "geometry": { "type": "Polygon", "coordinates": [ [ [ -8601212.73908182606101, 4660455.316649902611971 ], [ -8601212.73908182606101, 4662955.316649902611971 ], [ -8599525.09566367790103, 4662955.316649902611971 ], [ -8600021.102359550073743, 4662672.240996066480875 ], [ -8600315.653732189908624, 4662171.099552353844047 ], [ -8600601.188226073980331, 4662341.276970636099577 ], [ -8600973.440603286027908, 4662407.212580869905651 ], [ -8601009.39898538403213, 4662229.25143238902092 ], [ -8601037.004032529890537, 4662092.633763548918068 ], [ -8601134.29726748354733, 4661732.92353368923068 ], [ -8600836.153814718127251, 4660455.316649902611971 ], [ -8601212.73908182606101, 4660455.316649902611971 ] ] ] } },
{ "type": "Feature", "properties": { "cell_id": "G0514" }, "geometry": { "type": "Polygon", "coordinates": [ [ [ -8601212.73908182606101, 4662955.316649902611971 ], [ -8601212.73908182606101, 4665455.316649902611971 ], [ -8599423.83267686702311, 4665455.316649902611971 ], [ -8599425.543083807453513, 4665410.368078497238457 ], [ -8599650.51977469958365, 4665145.696023161523044 ], [ -8599981.249981846660376, 4665000.257515163160861 ], [ -8600139.991575717926025, 4664656.255959069356322 ], [ -8600143.178572900593281, 4664595.771625945344567 ], [ -8600151.971047837287188, 4664428.90575191564858 ], [ -8600153.238595122471452, 4664404.850134723819792 ], [ -8599954.755943037569523, 4663941.795303572900593 ], [ -8599565.137725261971354, 4663604.808263688348234 ], [ -8599075.554604751989245, 4663680.437101892195642 ], [ -8599097.039266476407647, 4663199.612433658912778 ], [ -8599525.09566367790103, 4662955.316649902611971 ], [ -8601212.73908182606101, 4662955.316649902611971 ] ] ] } },
{ "type": "Feature", "properties": { "cell_id": "G0515" }, "geometry": { "type": "Polygon", "coordinates": [ [ [ -8601212.73908182606101, 4665455.316649902611971 ], [ -8601212.73908182606101, 4667955.316649902611971 ], [ -8599053.107938703149557, 4667955.316649902611971 ], [ -8598967.018101228401065, 4667813.670366899110377 ], [ -8598885.643553458154202, 4667487.241707493551075 ], [ -8599002.306379809975624, 4667037.439813943579793 ], [ -8599186.651456566527486, 4666336.204386273398995 ], [ -8599397.267933145165443, 4666153.423779834061861 ], [ -8599423.83267686702311, 4665455.316649902611971 ], [ -8601212.73908182606101, 4665455.316649902611971 ] ] ] } },
{ "type": "Feature", "properties": { "cell_id": "G0516" }, "geometry": { "type": "Polygon", "coordinates": [ [ [ -8616212.73908182606101, 4657955.316649902611971 ], [ -8616212.73908182606101, 4660455.316649902611971 ], [ -8613712.73908182606101, 4660455.316649902611971 ], [ -8613712.73908182606101, 4657955.316649902611971 ], [ -8616212.73908182606101, 4657955.316649902611971 ] ] ] } },
{ "type": "Feature", "properties": { "cell_id": "G0517" }, "geometry": { "type": "Polygon", "coordinates": [ [ [ -8613712.73908182606101, 4657955.316649902611971 ], [ -8613712.73908182606101, 4660455.316649902611971 ], [ -8611212.73908182606101, 4660455.316649902611971 ], [ -8611212.73908182606101, 4657955.316649902611971 ], [ -8613712.73908182606101, 4657955.316649902611971 ] ] ] } },
{ "type": "Feature", "properties": { "cell_id": "G0518" }, "geometry": { "type": "Polygon", "coordinates": [ [ [ -8611212.73908182606101, 4660455.316649902611971 ], [ -8611212.73908182606101, 4662955.316649902611971 ], [ -8608712.73908182606101, 4662955.316649902611971 ], [ -8608712.73908182606101, 4660455.316649902611971 ], [ -8611212.73908182606101, 4660455.316649902611971 ] ] ] } },
{ "type": "Feature", "properties": { "cell_id": "G0519" }, "geometry": { "type": "Polygon", "coordinates": [ [ [ -8616212.73908182606101, 4660455.316649902611971 ], [ -8616212.73908182606101, 4662955.316649902611971 ], [ -8613712.73908182606101, 4662955.316649902611971 ], [ -8613712.73908182606101, 4660455.316649902611971 ], [ -8616212.73908182606101, 4660455.316649902611971 ] ] ] } },
{ "type": "Feature", "properties": { "cell_id": "G0520" }, "geometry": { "type": "Polygon", "coordinates": [ [ [ -8613712.73908182606101, 4660455.316649902611971 ], [ -8613712.73908182606101, 4662955.316649902611971 ], [ -8611212.73908182606101, 4662955.316649902611971 ], [ -8611212.73908182606101, 4660455.316649902611971 ], [ -8613712.73908182606101, 4660455.316649902611971 ] ] ] } },
{ "type": "Feature", "properties": { "cell_id": "G0521" }, "geometry": { "type": "Polygon", "coordinates": [ [ [ -8611212.73908182606101, 4662955.316649902611971 ], [ -8611212.73908182606101, 4665455.316649902611971 ], [ -8608712.73908182606101, 4665455.316649902611971 ], [ -8608712.73908182606101, 4662955.316649902611971 ], [ -8611212.73908182606101, 4662955.316649902611971 ] ] ] } },
{ "type": "Feature", "properties": { "cell_id": "G0522" }, "geometry": { "type": "Polygon", "coordinates": [ [ [ -8616212.73908182606101, 4662955.316649902611971 ], [ -8616212.73908182606101, 4665455.316649902611971 ], [ -8613712.73908182606101, 4665455.316649902611971 ], [ -8613712.73908182606101, 4662955.316649902611971 ], [ -8616212.73908182606101, 4662955.316649902611971 ] ] ] } },
{ "type": "Feature", "properties": { "cell_id": "G0523" }, "geometry": { "type": "Polygon", "coordinates": [ [ [ -8613712.73908182606101, 4662955.316649902611971 ], [ -8613712.73908182606101, 4665455.316649902611971 ], [ -8611212.73908182606101, 4665455.316649902611971 ], [ -8611212.73908182606101, 4662955.316649902611971 ], [ -8613712.73908182606101, 4662955.316649902611971 ] ] ] } },
{ "type": "Feature", "properties": { "cell_id": "G0524" }, "geometry": { "type": "Polygon", "coordinates": [ [ [ -8611212.73908182606101, 4665455.316649902611971 ], [ -8611212.73908182606101, 4667955.316649902611971 ], [ -8608712.73908182606101, 4667955.316649902611971 ], [ -8608712.73908182606101, 4665455.316649902611971 ], [ -8611212.73908182606101, 4665455.316649902611971 ] ] ] } },
{ "type": "Feature", "properties": { "cell_id": "G0525" }, "geometry": { "type": "Polygon", "coordinates": [ [ [ -8613712.73908182606101, 4665455.316649902611971 ], [ -8613712.73908182606101, 4667955.316649902611971 ], [ -8611212.73908182606101, 4667955.316649902611971 ], [ -8611212.73908182606101, 4665455.316649902611971 ], [ -8613712.73908182606101, 4665455.316649902611971 ] ] ] } },
{ "type": "Feature", "properties": { "cell_id": "G0526" }, "geometry": { "type": "Polygon", "coordinates": [ [ [ -8608712.73908182606101, 4657955.316649902611971 ], [ -8608712.73908182606101, 4660455.316649902611971 ], [ -8606212.73908182606101, 4660455.316649902611971 ], [ -8606212.73908182606101, 4657955.316649902611971 ], [ -8608712.73908182606101, 4657955.316649902611971 ] ] ] } },
{ "type": "Feature", "properties": { "cell_id": "G0527" }, "geometry": { "type": "Polygon", "coordinates": [ [ [ -8603712.73908182606101, 4657955.316649902611971 ], [ -8603712.73908182606101, 4660455.316649902611971 ], [ -8601212.73908182606101, 4660455.316649902611971 ], [ -8601212.73908182606101, 4658048.351699090562761 ], [ -8601372.117905205115676, 4657955.316649902611971 ], [ -8603712.73908182606101, 4657955.316649902611971 ] ] ] } },
{ "type": "Feature", "properties": { "cell_id": "G0528" }, "geometry": { "type": "Polygon", "coordinates": [ [ [ -8608712.73908182606101, 4660455.316649902611971 ], [ -8608712.73908182606101, 4662955.316649902611971 ], [ -8606212.73908182606101, 4662955.316649902611971 ], [ -8606212.73908182606101, 4660455.316649902611971 ], [ -8608712.73908182606101, 4660455.316649902611971 ] ] ] } },
{ "type": "Feature", "properties": { "cell_id": "G0529" }, "geometry": { "type": "Polygon", "coordinates": [ [ [ -8603712.73908182606101, 4660455.316649902611971 ], [ -8603712.73908182606101, 4662955.316649902611971 ], [ -8601212.73908182606101, 4662955.316649902611971 ], [ -8601212.73908182606101, 4660455.316649902611971 ], [ -8603712.73908182606101, 4660455.316649902611971 ] ] ] } },
{ "type": "Feature", "properties": { "cell_id": "G0530" }, "geometry": { "type": "Polygon", "coordinates": [ [ [ -8606212.73908182606101, 4660455.316649902611971 ], [ -8606212.73908182606101, 4662955.316649902611971 ], [ -8603712.73908182606101, 4662955.316649902611971 ], [ -8603712.73908182606101, 4660455.316649902611971 ], [ -8606212.73908182606101, 4660455.316649902611971 ] ] ] } },
{ "type": "Feature", "properties": { "cell_id": "G0531" }, "geometry": { "type": "Polygon", "coordinates": [ [ [ -8603712.73908182606101, 4662955.316649902611971 ], [ -8603712.73908182606101, 4665455.316649902611971 ], [ -8601212.73908182606101, 4665455.316649902611971 ], [ -8601212.73908182606101, 4662955.316649902611971 ], [ -8603712.73908182606101, 4662955.316649902611971 ] ] ] } },
{ "type": "Feature", "properties": { "cell_id": "G0532" }, "geometry": { "type": "Polygon", "coordinates": [ [ [ -8608712.73908182606101, 4662955.316649902611971 ], [ -8608712.73908182606101, 4665455.316649902611971 ], [ -8606212.73908182606101, 4665455.316649902611971 ], [ -8606212.73908182606101, 4662955.316649902611971 ], [ -8608712.73908182606101, 4662955.316649902611971 ] ] ] } },
{ "type": "Feature", "properties": { "cell_id": "G0533" }, "geometry": { "type": "Polygon", "coordinates": [ [ [ -8606212.73908182606101, 4662955.316649902611971 ], [ -8606212.73908182606101, 4665455.316649902611971 ], [ -8603712.73908182606101, 4665455.316649902611971 ], [ -8603712.73908182606101, 4662955.316649902611971 ], [ -8606212.73908182606101, 4662955.316649902611971 ] ] ] } },
{ "type": "Feature", "properties": { "cell_id": "G0534" }, "geometry": { "type": "Polygon", "coordinates": [ [ [ -8603712.73908182606101, 4665455.316649902611971 ], [ -8603712.73908182606101, 4667955.316649902611971 ], [ -8601212.73908182606101, 4667955.316649902611971 ], [ -8601212.73908182606101, 4665455.316649902611971 ], [ -8603712.73908182606101, 4665455.316649902611971 ] ] ] } },
{ "type": "Feature", "properties": { "cell_id": "G0535" }, "geometry": { "type": "Polygon", "coordinates": [ [ [ -8608712.73908182606101, 4665455.316649902611971 ], [ -8608712.73908182606101, 4667955.316649902611971 ], [ -8606212.73908182606101, 4667955.316649902611971 ], [ -8606212.73908182606101, 4665455.316649902611971 ], [ -8608712.73908182606101, 4665455.316649902611971 ] ] ] } },
{ "type": "Feature", "properties": { "cell_id": "G0536" }, "geometry": { "type": "Polygon", "coordinates": [ [ [ -8593712.73908182606101, 4667955.316649902611971 ], [ -8593712.73908182606101, 4667272.76311154756695 ], [ -8593924.356487784534693, 4667199.862033982761204 ], [ -8594083.87731809169054, 4667053.824394509196281 ], [ -8594276.126078689470887, 4667124.634579557925463 ], [ -8594449.561845347285271, 4667485.816899886354804 ], [ -8594432.75260223634541, 4667943.190345727838576 ], [ -8594435.032874064520001, 4667955.316649902611971 ], [ -8593712.73908182606101, 4667955.316649902611971 ] ] ] } },
{ "type": "Feature", "properties": { "cell_id": "G0537" }, "geometry": { "type": "Polygon", "coordinates": [ [ [ -8598712.73908182606101, 4670455.316649902611971 ], [ -8596829.450740525498986, 4670455.316649902611971 ], [ -8596912.060301184654236, 4670305.044990604743361 ], [ -8596936.527591587975621, 4670219.436932484619319 ], [ -8597017.925136929377913, 4669934.642035414464772 ], [ -8597343.312008518725634, 4669799.966337462887168 ], [ -8597671.704506359994411, 4669744.956457301042974 ], [ -8598007.221451610326767, 4669917.540261063724756 ], [ -8598152.159428624436259, 4670071.457260982133448 ], [ -8598384.705844890326262, 4670080.72085811663419 ], [ -8598712.73908182606101, 4669894.343108900822699 ], [ -8598712.73908182606101, 4670455.316649902611971 ] ] ] } },
{ "type": "Feature", "properties": { "cell_id": "G0538" }, "geometry": { "type": "Polygon", "coordinates": [ [ [ -8601212.73908182606101, 4667955.316649902611971 ], [ -8601212.73908182606101, 4670455.316649902611971 ], [ -8598712.73908182606101, 4670455.316649902611971 ], [ -8598712.73908182606101, 4669894.343108900822699 ], [ -8598786.791845634579659, 4669852.268752135336399 ], [ -8598997.475164828822017, 4669624.937601622194052 ], [ -8599063.754738727584481, 4669553.421776589006186 ], [ -8599217.709594495594501, 4669139.582317989319563 ], [ -8599308.657618474215269, 4668612.901796633377671 ], [ -8599252.886553585529327, 4668284.025241363793612 ], [ -8599077.745268937200308, 4667995.853214414790273 ], [ -8599053.107938703149557, 4667955.316649902611971 ], [ -8601212.73908182606101, 4667955.316649902611971 ] ] ] } },
{ "type": "Feature", "properties": { "cell_id": "G0539" }, "geometry": { "type": "Polygon", "coordinates": [ [ [ -8593712.73908182606101, 4670455.316649902611971 ], [ -8593712.73908182606101, 4667955.316649902611971 ], [ -8594435.032874064520001, 4667955.316649902611971 ], [ -8594488.189708653837442, 4668238.000467319972813 ], [ -8595091.763987733051181, 4668813.823792291805148 ], [ -8595252.693981818854809, 4669227.973399011418223 ], [ -8595403.903839917853475, 4669617.123760659247637 ], [ -8595612.516565663740039, 4669817.495454778894782 ], [ -8595523.015695065259933, 4669934.642035414464772 ], [ -8594835.061241963878274, 4669895.02296850271523 ], [ -8594239.724605200812221, 4670252.17018017731607 ], [ -8594112.753064787015319, 4670455.316649902611971 ], [ -8593712.73908182606101, 4670455.316649902611971 ] ] ] } },
{ "type": "Feature", "properties": { "cell_id": "G0540" }, "geometry": { "type": "MultiPolygon", "coordinates": [ [ [ [ -8596212.73908182606101, 4672955.316649902611971 ], [ -8596212.73908182606101, 4672771.045557135716081 ], [ -8596620.959832761436701, 4672752.550416647456586 ], [ -8596700.676189897581935, 4672955.316649902611971 ], [ -8596212.73908182606101, 4672955.316649902611971 ] ] ], [ [ [ -8598712.73908182606101, 4670455.316649902611971 ], [ -8598712.73908182606101, 4672955.316649902611971 ], [ -8597780.624684670940042, 4672955.316649902611971 ], [ -8597573.520715478807688, 4672607.003581043332815 ], [ -8597486.183722659945488, 4672521.596580090001225 ], [ -8596978.18407871760428, 4672024.836984016001225 ], [ -8596581.330094039440155, 4671416.334457924589515 ], [ -8596528.34201642125845, 4671085.65726235602051 ], [ -8596581.330094039440155, 4670913.623834709636867 ], [ -8596766.565726719796658, 4670569.708196037448943 ], [ -8596829.450740525498986, 4670455.316649902611971 ], [ -8598712.73908182606101, 4670455.316649902611971 ] ] ] ] } },
{ "type": "Feature", "properties": { "cell_id": "G0541" }, "geometry": { "type": "Polygon", "coordinates": [ [ [ -8601212.73908182606101, 4670455.316649902611971 ], [ -8601212.73908182606101, 4672955.316649902611971 ], [ -8598712.73908182606101, 4672955.316649902611971 ], [ -8598712.73908182606101, 4670455.316649902611971 ], [ -8601212.73908182606101, 4670455.316649902611971 ] ] ] } },
{ "type": "Feature", "properties": { "cell_id": "G0542" }, "geometry": { "type": "MultiPolygon", "coordinates": [ [ [ [ -8593712.73908182606101, 4670455.316649902611971 ], [ -8594112.753064787015319, 4670455.316649902611971 ], [ -8593712.73908182606101, 4671095.313835212960839 ], [ -8593712.73908182606101, 4670455.316649902611971 ] ] ], [ [ [ -8596212.73908182606101, 4672955.316649902611971 ], [ -8593712.73908182606101, 4672955.316649902611971 ], [ -8593712.73908182606101, 4672616.645045731216669 ], [ -8593948.735456269234419, 4672805.43817445077002 ], [ -8594252.971624605357647, 4672871.583895920775831 ], [ -8594649.825609285384417, 4672712.777862810529768 ], [ -8595033.543894048780203, 4672593.746234863065183 ], [ -8595377.409801108762622, 4672633.375772474333644 ], [ -8596038.870215404778719, 4672778.922984003089368 ], [ -8596212.73908182606101, 4672771.045557135716081 ], [ -8596212.73908182606101, 4672955.316649902611971 ] ] ] ] } },
{ "type": "Feature", "properties": { "cell_id": "G0543" }, "geometry": { "type": "Polygon", "coordinates": [ [ [ -8598712.73908182606101, 4672955.316649902611971 ], [ -8598712.73908182606101, 4675455.316649902611971 ], [ -8596212.73908182606101, 4675455.316649902611971 ], [ -8596212.73908182606101, 4672955.316649902611971 ], [ -8596700.676189897581935, 4672955.316649902611971 ], [ -8596766.565726719796658, 4673122.913033786229789 ], [ -8597203.049450118094683, 4673321.357654262334108 ], [ -8597414.779121607542038, 4673453.656210818327963 ], [ -8597638.113281480967999, 4673276.241423157975078 ], [ -8597864.509864412248135, 4673096.397018864750862 ], [ -8597780.624684670940042, 4672955.316649902611971 ], [ -8598712.73908182606101, 4672955.316649902611971 ] ] ] } },
{ "type": "Feature", "properties": { "cell_id": "G0544" }, "geometry": { "type": "Polygon", "coordinates": [ [ [ -8596212.73908182606101, 4672955.316649902611971 ], [ -8596212.73908182606101, 4675455.316649902611971 ], [ -8593712.73908182606101, 4675455.316649902611971 ], [ -8593712.73908182606101, 4672955.316649902611971 ], [ -8596212.73908182606101, 4672955.316649902611971 ] ] ] } },
{ "type": "Feature", "properties": { "cell_id": "G0545" }, "geometry": { "type": "Polygon", "coordinates": [ [ [ -8601212.73908182606101, 4672955.316649902611971 ], [ -8601212.73908182606101, 4675455.316649902611971 ], [ -8598712.73908182606101, 4675455.316649902611971 ], [ -8598712.73908182606101, 4672955.316649902611971 ], [ -8601212.73908182606101, 4672955.316649902611971 ] ] ] } },
{ "type": "Feature", "properties": { "cell_id": "G0546" }, "geometry": { "type": "Polygon", "coordinates": [ [ [ -8616212.73908182606101, 4665455.316649902611971 ], [ -8616212.73908182606101, 4667955.316649902611971 ], [ -8613712.73908182606101, 4667955.316649902611971 ], [ -8613712.73908182606101, 4665455.316649902611971 ], [ -8616212.73908182606101, 4665455.316649902611971 ] ] ] } },
{ "type": "Feature", "properties": { "cell_id": "G0547" }, "geometry": { "type": "Polygon", "coordinates": [ [ [ -8611212.73908182606101, 4667955.316649902611971 ], [ -8611212.73908182606101, 4670455.316649902611971 ], [ -8608712.73908182606101, 4670455.316649902611971 ], [ -8608712.73908182606101, 4667955.316649902611971 ], [ -8611212.73908182606101, 4667955.316649902611971 ] ] ] } },
{ "type": "Feature", "properties": { "cell_id": "G0548" }, "geometry": { "type": "Polygon", "coordinates": [ [ [ -8613712.73908182606101, 4667955.316649902611971 ], [ -8613712.73908182606101, 4670455.316649902611971 ], [ -8611212.73908182606101, 4670455.316649902611971 ], [ -8611212.73908182606101, 4667955.316649902611971 ], [ -8613712.73908182606101, 4667955.316649902611971 ] ] ] } },
{ "type": "Feature", "properties": { "cell_id": "G0549" }, "geometry": { "type": "Polygon", "coordinates": [ [ [ -8616212.73908182606101, 4667955.316649902611971 ], [ -8616212.73908182606101, 4670455.316649902611971 ], [ -8613712.73908182606101, 4670455.316649902611971 ], [ -8613712.73908182606101, 4667955.316649902611971 ], [ -8616212.73908182606101, 4667955.316649902611971 ] ] ] } },
{ "type": "Feature", "properties": { "cell_id": "G0550" }, "geometry": { "type": "Polygon", "coordinates": [ [ [ -8611212.73908182606101, 4670455.316649902611971 ], [ -8611212.73908182606101, 4672955.316649902611971 ], [ -8608712.73908182606101, 4672955.316649902611971 ], [ -8608712.73908182606101, 4670455.316649902611971 ], [ -8611212.73908182606101, 4670455.316649902611971 ] ] ] } },
{ "type": "Feature", "properties": { "cell_id": "G0551" }, "geometry": { "type": "Polygon", "coordinates": [ [ [ -8613712.73908182606101, 4670455.316649902611971 ], [ -8613712.73908182606101, 4672955.316649902611971 ], [ -8611212.73908182606101, 4672955.316649902611971 ], [ -8611212.73908182606101, 4670455.316649902611971 ], [ -8613712.73908182606101, 4670455.316649902611971 ] ] ] } },
{ "type": "Feature", "properties": { "cell_id": "G0552" }, "geometry": { "type": "Polygon", "coordinates": [ [ [ -8616212.73908182606101, 4670455.316649902611971 ], [ -8616212.73908182606101, 4672955.316649902611971 ], [ -8613712.73908182606101, 4672955.316649902611971 ], [ -8613712.73908182606101, 4670455.316649902611971 ], [ -8616212.73908182606101, 4670455.316649902611971 ] ] ] } },
{ "type": "Feature", "properties": { "cell_id": "G0553" }, "geometry": { "type": "Polygon", "coordinates": [ [ [ -8616212.73908182606101, 4672955.316649902611971 ], [ -8616212.73908182606101, 4675455.316649902611971 ], [ -8613712.73908182606101, 4675455.316649902611971 ], [ -8613712.73908182606101, 4672955.316649902611971 ], [ -8616212.73908182606101, 4672955.316649902611971 ] ] ] } },
{ "type": "Feature", "properties": { "cell_id": "G0554" }, "geometry": { "type": "Polygon", "coordinates": [ [ [ -8613712.73908182606101, 4672955.316649902611971 ], [ -8613712.73908182606101, 4675455.316649902611971 ], [ -8611212.73908182606101, 4675455.316649902611971 ], [ -8611212.73908182606101, 4672955.316649902611971 ], [ -8613712.73908182606101, 4672955.316649902611971 ] ] ] } },
{ "type": "Feature", "properties": { "cell_id": "G0555" }, "geometry": { "type": "Polygon", "coordinates": [ [ [ -8611212.73908182606101, 4672955.316649902611971 ], [ -8611212.73908182606101, 4675455.316649902611971 ], [ -8608712.73908182606101, 4675455.316649902611971 ], [ -8608712.73908182606101, 4672955.316649902611971 ], [ -8611212.73908182606101, 4672955.316649902611971 ] ] ] } },
{ "type": "Feature", "properties": { "cell_id": "G0556" }, "geometry": { "type": "Polygon", "coordinates": [ [ [ -8606212.73908182606101, 4665455.316649902611971 ], [ -8606212.73908182606101, 4667955.316649902611971 ], [ -8603712.73908182606101, 4667955.316649902611971 ], [ -8603712.73908182606101, 4665455.316649902611971 ], [ -8606212.73908182606101, 4665455.316649902611971 ] ] ] } },
{ "type": "Feature", "properties": { "cell_id": "G0557" }, "geometry": { "type": "Polygon", "coordinates": [ [ [ -8603712.73908182606101, 4667955.316649902611971 ], [ -8603712.73908182606101, 4670455.316649902611971 ], [ -8601212.73908182606101, 4670455.316649902611971 ], [ -8601212.73908182606101, 4667955.316649902611971 ], [ -8603712.73908182606101, 4667955.316649902611971 ] ] ] } },
{ "type": "Feature", "properties": { "cell_id": "G0558" }, "geometry": { "type": "Polygon", "coordinates": [ [ [ -8608712.73908182606101, 4667955.316649902611971 ], [ -8608712.73908182606101, 4670455.316649902611971 ], [ -8606212.73908182606101, 4670455.316649902611971 ], [ -8606212.73908182606101, 4667955.316649902611971 ], [ -8608712.73908182606101, 4667955.316649902611971 ] ] ] } },
{ "type": "Feature", "properties": { "cell_id": "G0559" }, "geometry": { "type": "Polygon", "coordinates": [ [ [ -8606212.73908182606101, 4667955.316649902611971 ], [ -8606212.73908182606101, 4670455.316649902611971 ], [ -8603712.73908182606101, 4670455.316649902611971 ], [ -8603712.73908182606101, 4667955.316649902611971 ], [ -8606212.73908182606101, 4667955.316649902611971 ] ] ] } },
{ "type": "Feature", "properties": { "cell_id": "G0560" }, "geometry": { "type": "Polygon", "coordinates": [ [ [ -8603712.73908182606101, 4670455.316649902611971 ], [ -8603712.73908182606101, 4672955.316649902611971 ], [ -8601212.73908182606101, 4672955.316649902611971 ], [ -8601212.73908182606101, 4670455.316649902611971 ], [ -8603712.73908182606101, 4670455.316649902611971 ] ] ] } },
{ "type": "Feature", "properties": { "cell_id": "G0561" }, "geometry": { "type": "Polygon", "coordinates": [ [ [ -8608712.73908182606101, 4670455.316649902611971 ], [ -8608712.73908182606101, 4672955.316649902611971 ], [ -8606212.73908182606101, 4672955.316649902611971 ], [ -8606212.73908182606101, 4670455.316649902611971 ], [ -8608712.73908182606101, 4670455.316649902611971 ] ] ] } },
{ "type": "Feature", "properties": { "cell_id": "G0562" }, "geometry": { "type": "Polygon", "coordinates": [ [ [ -8606212.73908182606101, 4670455.316649902611971 ], [ -8606212.73908182606101, 4672955.316649902611971 ], [ -8603712.73908182606101, 4672955.316649902611971 ], [ -8603712.73908182606101, 4670455.316649902611971 ], [ -8606212.73908182606101, 4670455.316649902611971 ] ] ] } },
{ "type": "Feature", "properties": { "cell_id": "G0563" }, "geometry": { "type": "Polygon", "coordinates": [ [ [ -8603712.73908182606101, 4672955.316649902611971 ], [ -8603712.73908182606101, 4675455.316649902611971 ], [ -8601212.73908182606101, 4675455.316649902611971 ], [ -8601212.73908182606101, 4672955.316649902611971 ], [ -8603712.73908182606101, 4672955.316649902611971 ] ] ] } },
{ "type": "Feature", "properties": { "cell_id": "G0564" }, "geometry": { "type": "Polygon", "coordinates": [ [ [ -8608712.73908182606101, 4672955.316649902611971 ], [ -8608712.73908182606101, 4675455.316649902611971 ], [ -8606212.73908182606101, 4675455.316649902611971 ], [ -8606212.73908182606101, 4672955.316649902611971 ], [ -8608712.73908182606101, 4672955.316649902611971 ] ] ] } },
{ "type": "Feature", "properties": { "cell_id": "G0565" }, "geometry": { "type": "Polygon", "coordinates": [ [ [ -8606212.73908182606101, 4672955.316649902611971 ], [ -8606212.73908182606101, 4675455.316649902611971 ], [ -8603712.73908182606101, 4675455.316649902611971 ], [ -8603712.73908182606101, 4672955.316649902611971 ], [ -8606212.73908182606101, 4672955.316649902611971 ] ] ] } },
{ "type": "Feature", "properties": { "cell_id": "G0566" }, "geometry": { "type": "Polygon", "coordinates": [ [ [ -8616212.73908182606101, 4675455.316649902611971 ], [ -8616212.73908182606101, 4677955.316649902611971 ], [ -8613712.73908182606101, 4677955.316649902611971 ], [ -8613712.73908182606101, 4675455.316649902611971 ], [ -8616212.73908182606101, 4675455.316649902611971 ] ] ] } },
{ "type": "Feature", "properties": { "cell_id": "G0567" }, "geometry": { "type": "Polygon", "coordinates": [ [ [ -8613712.73908182606101, 4675455.316649902611971 ], [ -8613712.73908182606101, 4677955.316649902611971 ], [ -8611212.73908182606101, 4677955.316649902611971 ], [ -8611212.73908182606101, 4675455.316649902611971 ], [ -8613712.73908182606101, 4675455.316649902611971 ] ] ] } },
{ "type": "Feature", "properties": { "cell_id": "G0568" }, "geometry": { "type": "Polygon", "coordinates": [ [ [ -8611212.73908182606101, 4675455.316649902611971 ], [ -8611212.73908182606101, 4677955.316649902611971 ], [ -8608712.73908182606101, 4677955.316649902611971 ], [ -8608712.73908182606101, 4675455.316649902611971 ], [ -8611212.73908182606101, 4675455.316649902611971 ] ] ] } },
{ "type": "Feature", "properties": { "cell_id": "G0569" }, "geometry": { "type": "Polygon", "coordinates": [ [ [ -8611212.73908182606101, 4677955.316649902611971 ], [ -8611212.73908182606101, 4680455.316649902611971 ], [ -8608712.73908182606101, 4680455.316649902611971 ], [ -8608712.73908182606101, 4677955.316649902611971 ], [ -8611212.73908182606101, 4677955.316649902611971 ] ] ] } },
{ "type": "Feature", "properties": { "cell_id": "G0570" }, "geometry": { "type": "Polygon", "coordinates": [ [ [ -8616212.73908182606101, 4677955.316649902611971 ], [ -8616212.73908182606101, 4680455.316649902611971 ], [ -8613712.73908182606101, 4680455.316649902611971 ], [ -8613712.73908182606101, 4677955.316649902611971 ], [ -8616212.73908182606101, 4677955.316649902611971 ] ] ] } },
{ "type": "Feature", "properties": { "cell_id": "G0571" }, "geometry": { "type": "Polygon", "coordinates": [ [ [ -8613712.73908182606101, 4677955.316649902611971 ], [ -8613712.73908182606101, 4680455.316649902611971 ], [ -8611212.73908182606101, 4680455.316649902611971 ], [ -8611212.73908182606101, 4677955.316649902611971 ], [ -8613712.73908182606101, 4677955.316649902611971 ] ] ] } },
{ "type": "Feature", "properties": { "cell_id": "G0572" }, "geometry": { "type": "Polygon", "coordinates": [ [ [ -8611212.73908182606101, 4680455.316649902611971 ], [ -8611212.73908182606101, 4682955.316649902611971 ], [ -8608712.73908182606101, 4682955.316649902611971 ], [ -8608712.73908182606101, 4680455.316649902611971 ], [ -8611212.73908182606101, 4680455.316649902611971 ] ] ] } },
{ "type": "Feature", "properties": { "cell_id": "G0573" }, "geometry": { "type": "Polygon", "coordinates": [ [ [ -8613712.73908182606101, 4680455.316649902611971 ], [ -8613712.73908182606101, 4682955.316649902611971 ], [ -8611212.73908182606101, 4682955.316649902611971 ], [ -8611212.73908182606101, 4680455.316649902611971 ], [ -8613712.73908182606101, 4680455.316649902611971 ] ] ] } },
{ "type": "Feature", "properties": { "cell_id": "G0574" }, "geometry": { "type": "Polygon", "coordinates": [ [ [ -8616212.73908182606101, 4680455.316649902611971 ], [ -8616212.73908182606101, 4682955.316649902611971 ], [ -8613712.73908182606101, 4682955.316649902611971 ], [ -8613712.73908182606101, 4680455.316649902611971 ], [ -8616212.73908182606101, 4680455.316649902611971 ] ] ] } },
{ "type": "Feature", "properties": { "cell_id": "G0575" }, "geometry": { "type": "Polygon", "coordinates": [ [ [ -8611212.73908182606101, 4682955.316649902611971 ], [ -8611212.73908182606101, 4685455.316649902611971 ], [ -8608712.73908182606101, 4685455.316649902611971 ], [ -8608712.73908182606101, 4682955.316649902611971 ], [ -8611212.73908182606101, 4682955.316649902611971 ] ] ] } },
{ "type": "Feature", "properties": { "cell_id": "G0576" }, "geometry": { "type": "Polygon", "coordinates": [ [ [ -8591212.73908182606101, 4667955.316649902611971 ], [ -8591203.679745405912399, 4667955.316649902611971 ], [ -8591212.73908182606101, 4667953.229192033410072 ], [ -8591212.73908182606101, 4667955.316649902611971 ] ] ] } },
{ "type": "Feature", "properties": { "cell_id": "G0577" }, "geometry": { "type": "Polygon", "coordinates": [ [ [ -8593712.73908182606101, 4667955.316649902611971 ], [ -8591212.73908182606101, 4667955.316649902611971 ], [ -8591212.73908182606101, 4667953.229192033410072 ], [ -8591661.342559447512031, 4667849.861702853813767 ], [ -8591860.827086951583624, 4667673.323288265615702 ], [ -8592119.199625082314014, 4667593.817879729904234 ], [ -8592295.418379006907344, 4667601.084477405063808 ], [ -8592801.254145171493292, 4667324.10252729896456 ], [ -8592934.948853613808751, 4667266.541377007961273 ], [ -8593249.537734596058726, 4667307.005122076719999 ], [ -8593629.471156673505902, 4667301.448471537791193 ], [ -8593712.73908182606101, 4667272.76311154756695 ], [ -8593712.73908182606101, 4667955.316649902611971 ] ] ] } },
{ "type": "Feature", "properties": { "cell_id": "G0578" }, "geometry": { "type": "Polygon", "coordinates": [ [ [ -8591212.73908182606101, 4667955.316649902611971 ], [ -8591212.73908182606101, 4670455.316649902611971 ], [ -8588712.73908182606101, 4670455.316649902611971 ], [ -8588712.73908182606101, 4669684.046999542973936 ], [ -8589199.400701064616442, 4669789.135353179648519 ], [ -8589516.883888807147741, 4669380.559109940193594 ], [ -8589754.996279614046216, 4668982.116816793568432 ], [ -8590403.320993995293975, 4668161.910428704693913 ], [ -8591070.792660789564252, 4667985.936573658138514 ], [ -8591203.679745405912399, 4667955.316649902611971 ], [ -8591212.73908182606101, 4667955.316649902611971 ] ] ] } },
{ "type": "Feature", "properties": { "cell_id": "G0579" }, "geometry": { "type": "Polygon", "coordinates": [ [ [ -8593712.73908182606101, 4667955.316649902611971 ], [ -8593712.73908182606101, 4670455.316649902611971 ], [ -8591212.73908182606101, 4670455.316649902611971 ], [ -8591212.73908182606101, 4667955.316649902611971 ], [ -8593712.73908182606101, 4667955.316649902611971 ] ] ] } },
{ "type": "Feature", "properties": { "cell_id": "G0580" }, "geometry": { "type": "Polygon", "coordinates": [ [ [ -8591212.73908182606101, 4670455.316649902611971 ], [ -8591212.73908182606101, 4672955.316649902611971 ], [ -8588712.73908182606101, 4672955.316649902611971 ], [ -8588712.73908182606101, 4670455.316649902611971 ], [ -8591212.73908182606101, 4670455.316649902611971 ] ] ] } },
{ "type": "Feature", "properties": { "cell_id": "G0581" }, "geometry": { "type": "Polygon", "coordinates": [ [ [ -8593712.73908182606101, 4672955.316649902611971 ], [ -8591212.73908182606101, 4672955.316649902611971 ], [ -8591212.73908182606101, 4670455.316649902611971 ], [ -8593712.73908182606101, 4670455.316649902611971 ], [ -8593712.73908182606101, 4671095.313835212960839 ], [ -8593644.387968439608812, 4671204.671312809921801 ], [ -8593326.904780698940158, 4671535.352362009696662 ], [ -8593115.286428699269891, 4671786.791153401136398 ], [ -8593234.286964358761907, 4672051.350216377526522 ], [ -8593618.005249122157693, 4672540.859573543071747 ], [ -8593712.73908182606101, 4672616.645045731216669 ], [ -8593712.73908182606101, 4672955.316649902611971 ] ] ] } },
{ "type": "Feature", "properties": { "cell_id": "G0582" }, "geometry": { "type": "Polygon", "coordinates": [ [ [ -8591212.73908182606101, 4672955.316649902611971 ], [ -8591212.73908182606101, 4675455.316649902611971 ], [ -8588712.73908182606101, 4675455.316649902611971 ], [ -8588712.73908182606101, 4672955.316649902611971 ], [ -8591212.73908182606101, 4672955.316649902611971 ] ] ] } },
{ "type": "Feature", "properties": { "cell_id": "G0583" }, "geometry": { "type": "Polygon", "coordinates": [ [ [ -8586212.73908182606101, 4669993.592824729159474 ], [ -8586094.588783349841833, 4669524.919898921623826 ], [ -8586212.73908182606101, 4669532.673470057547092 ], [ -8586212.73908182606101, 4669993.592824729159474 ] ] ] } },
{ "type": "Feature", "properties": { "cell_id": "G0584" }, "geometry": { "type": "Polygon", "coordinates": [ [ [ -8586212.73908182606101, 4669532.673470057547092 ], [ -8587638.590120650827885, 4669626.244435182772577 ], [ -8588035.221466347575188, 4669537.745734030380845 ], [ -8588712.73908182606101, 4669684.046999542973936 ], [ -8588712.73908182606101, 4670455.316649902611971 ], [ -8586313.683624476194382, 4670455.316649902611971 ], [ -8586317.33908442594111, 4670408.51508806925267 ], [ -8586212.73908182606101, 4669993.592824729159474 ], [ -8586212.73908182606101, 4669532.673470057547092 ] ] ] } },
{ "type": "Feature", "properties": { "cell_id": "G0585" }, "geometry": { "type": "Polygon", "coordinates": [ [ [ -8588712.73908182606101, 4670455.316649902611971 ], [ -8588712.73908182606101, 4672955.316649902611971 ], [ -8586583.067237935960293, 4672955.316649902611971 ], [ -8586729.221200361847878, 4671634.273687508888543 ], [ -8586283.943237187340856, 4670836.088589281775057 ], [ -8586313.683624476194382, 4670455.316649902611971 ], [ -8588712.73908182606101, 4670455.316649902611971 ] ] ] } },
{ "type": "Feature", "properties": { "cell_id": "G0586" }, "geometry": { "type": "Polygon", "coordinates": [ [ [ -8588712.73908182606101, 4672955.316649902611971 ], [ -8588712.73908182606101, 4675455.316649902611971 ], [ -8586212.73908182606101, 4675455.316649902611971 ], [ -8586212.73908182606101, 4675257.651446001604199 ], [ -8586329.702443802729249, 4675086.419880216941237 ], [ -8586350.734931664541364, 4675055.631266443058848 ], [ -8586569.13256699219346, 4673081.268069066107273 ], [ -8586583.067237935960293, 4672955.316649902611971 ], [ -8588712.73908182606101, 4672955.316649902611971 ] ] ] } },
{ "type": "Feature", "properties": { "cell_id": "G0587" }, "geometry": { "type": "Polygon", "coordinates": [ [ [ -8586212.73908182606101, 4675455.316649902611971 ], [ -8586077.719661265611649, 4675455.316649902611971 ], [ -8586212.73908182606101, 4675257.651446001604199 ], [ -8586212.73908182606101, 4675455.316649902611971 ] ] ] } },
{ "type": "Feature", "properties": { "cell_id": "G0588" }, "geometry": { "type": "Polygon", "coordinates": [ [ [ -8588712.73908182606101, 4675455.316649902611971 ], [ -8588712.73908182606101, 4677955.316649902611971 ], [ -8586212.73908182606101, 4677955.316649902611971 ], [ -8586212.73908182606101, 4675455.316649902611971 ], [ -8588712.73908182606101, 4675455.316649902611971 ] ] ] } },
{ "type": "Feature", "properties": { "cell_id": "G0589" }, "geometry": { "type": "Polygon", "coordinates": [ [ [ -8593712.73908182606101, 4672955.316649902611971 ], [ -8593712.73908182606101, 4675455.316649902611971 ], [ -8591212.73908182606101, 4675455.316649902611971 ], [ -8591212.73908182606101, 4672955.316649902611971 ], [ -8593712.73908182606101, 4672955.316649902611971 ] ] ] } },
{ "type": "Feature", "properties": { "cell_id": "G0590" }, "geometry": { "type": "Polygon", "coordinates": [ [ [ -8591212.73908182606101, 4675455.316649902611971 ], [ -8591212.73908182606101, 4677955.316649902611971 ], [ -8588712.73908182606101, 4677955.316649902611971 ], [ -8588712.73908182606101, 4675455.316649902611971 ], [ -8591212.73908182606101, 4675455.316649902611971 ] ] ] } },
{ "type": "Feature", "properties": { "cell_id": "G0591" }, "geometry": { "type": "Polygon", "coordinates": [ [ [ -8593712.73908182606101, 4675455.316649902611971 ], [ -8593712.73908182606101, 4677955.316649902611971 ], [ -8591212.73908182606101, 4677955.316649902611971 ], [ -8591212.73908182606101, 4675455.316649902611971 ], [ -8593712.73908182606101, 4675455.316649902611971 ] ] ] } },
{ "type": "Feature", "properties": { "cell_id": "G0592" }, "geometry": { "type": "Polygon", "coordinates": [ [ [ -8596212.73908182606101, 4677955.316649902611971 ], [ -8596212.73908182606101, 4680455.316649902611971 ], [ -8593712.73908182606101, 4680455.316649902611971 ], [ -8593712.73908182606101, 4677955.316649902611971 ], [ -8596212.73908182606101, 4677955.316649902611971 ] ] ] } },
{ "type": "Feature", "properties": { "cell_id": "G0593" }, "geometry": { "type": "Polygon", "coordinates": [ [ [ -8593712.73908182606101, 4677955.316649902611971 ], [ -8593712.73908182606101, 4680455.316649902611971 ], [ -8591212.73908182606101, 4680455.316649902611971 ], [ -8591212.73908182606101, 4677955.316649902611971 ], [ -8593712.73908182606101, 4677955.316649902611971 ] ] ] } },
{ "type": "Feature", "properties": { "cell_id": "G0594" }, "geometry": { "type": "Polygon", "coordinates": [ [ [ -8591212.73908182606101, 4677955.316649902611971 ], [ -8591212.73908182606101, 4680455.316649902611971 ], [ -8588712.73908182606101, 4680455.316649902611971 ], [ -8588712.73908182606101, 4677955.316649902611971 ], [ -8591212.73908182606101, 4677955.316649902611971 ] ] ] } },
{ "type": "Feature", "properties": { "cell_id": "G0595" }, "geometry": { "type": "Polygon", "coordinates": [ [ [ -8596212.73908182606101, 4680455.316649902611971 ], [ -8596212.73908182606101, 4682955.316649902611971 ], [ -8593712.73908182606101, 4682955.316649902611971 ], [ -8593712.73908182606101, 4680455.316649902611971 ], [ -8596212.73908182606101, 4680455.316649902611971 ] ] ] } },
{ "type": "Feature", "properties": { "cell_id": "G0596" }, "geometry": { "type": "Polygon", "coordinates": [ [ [ -8593712.73908182606101, 4680455.316649902611971 ], [ -8593712.73908182606101, 4682955.316649902611971 ], [ -8591212.73908182606101, 4682955.316649902611971 ], [ -8591212.73908182606101, 4680455.316649902611971 ], [ -8593712.73908182606101, 4680455.316649902611971 ] ] ] } },
{ "type": "Feature", "properties": { "cell_id": "G0597" }, "geometry": { "type": "Polygon", "coordinates": [ [ [ -8591212.73908182606101, 4680455.316649902611971 ], [ -8591212.73908182606101, 4682955.316649902611971 ], [ -8588712.73908182606101, 4682955.316649902611971 ], [ -8588712.73908182606101, 4680455.316649902611971 ], [ -8591212.73908182606101, 4680455.316649902611971 ] ] ] } },
{ "type": "Feature", "properties": { "cell_id": "G0598" }, "geometry": { "type": "Polygon", "coordinates": [ [ [ -8593712.73908182606101, 4682955.316649902611971 ], [ -8593712.73908182606101, 4685455.316649902611971 ], [ -8591212.73908182606101, 4685455.316649902611971 ], [ -8591212.73908182606101, 4682955.316649902611971 ], [ -8593712.73908182606101, 4682955.316649902611971 ] ] ] } },
{ "type": "Feature", "properties": { "cell_id": "G0599" }, "geometry": { "type": "Polygon", "coordinates": [ [ [ -8586212.73908182606101, 4675455.316649902611971 ], [ -8586212.73908182606101, 4677955.316649902611971 ], [ -8583823.918234545737505, 4677955.316649902611971 ], [ -8585181.880278334021568, 4676766.811485665850341 ], [ -8585243.233079811558127, 4676676.985055751167238 ], [ -8586077.719661265611649, 4675455.316649902611971 ], [ -8586212.73908182606101, 4675455.316649902611971 ] ] ] } },
{ "type": "Feature", "properties": { "cell_id": "G0600" }, "geometry": { "type": "Polygon", "coordinates": [ [ [ -8586212.73908182606101, 4677955.316649902611971 ], [ -8586212.73908182606101, 4680455.316649902611971 ], [ -8583712.73908182606101, 4680455.316649902611971 ], [ -8583712.73908182606101, 4678052.622018463909626 ], [ -8583823.918234545737505, 4677955.316649902611971 ], [ -8586212.73908182606101, 4677955.316649902611971 ] ] ] } },
{ "type": "Feature", "properties": { "cell_id": "G0601" }, "geometry": { "type": "Polygon", "coordinates": [ [ [ -8583712.73908182606101, 4680455.316649902611971 ], [ -8581212.73908182606101, 4680455.316649902611971 ], [ -8581212.73908182606101, 4679644.219341716729105 ], [ -8581819.92033688724041, 4679276.919031336903572 ], [ -8582194.801566688343883, 4678956.674164925701916 ], [ -8582621.420670598745346, 4678592.24409447889775 ], [ -8583033.302786534652114, 4678549.453436708077788 ], [ -8583389.525157073512673, 4678335.502840117551386 ], [ -8583712.73908182606101, 4678052.622018463909626 ], [ -8583712.73908182606101, 4680455.316649902611971 ] ] ] } },
{ "type": "Feature", "properties": { "cell_id": "G0602" }, "geometry": { "type": "Polygon", "coordinates": [ [ [ -8588712.73908182606101, 4677955.316649902611971 ], [ -8588712.73908182606101, 4680455.316649902611971 ], [ -8586212.73908182606101, 4680455.316649902611971 ], [ -8586212.73908182606101, 4677955.316649902611971 ], [ -8588712.73908182606101, 4677955.316649902611971 ] ] ] } },
{ "type": "Feature", "properties": { "cell_id": "G0603" }, "geometry": { "type": "Polygon", "coordinates": [ [ [ -8586212.73908182606101, 4680455.316649902611971 ], [ -8586212.73908182606101, 4682955.316649902611971 ], [ -8583712.73908182606101, 4682955.316649902611971 ], [ -8583712.73908182606101, 4680455.316649902611971 ], [ -8586212.73908182606101, 4680455.316649902611971 ] ] ] } },
{ "type": "Feature", "properties": { "cell_id": "G0604" }, "geometry": { "type": "Polygon", "coordinates": [ [ [ -8583712.73908182606101, 4680455.316649902611971 ], [ -8583712.73908182606101, 4682955.316649902611971 ], [ -8581212.73908182606101, 4682955.316649902611971 ], [ -8581212.73908182606101, 4680455.316649902611971 ], [ -8583712.73908182606101, 4680455.316649902611971 ] ] ] } },
{ "type": "Feature", "properties": { "cell_id": "G0605" }, "geometry": { "type": "Polygon", "coordinates": [ [ [ -8581212.73908182606101, 4680455.316649902611971 ], [ -8581212.73908182606101, 4682955.316649902611971 ], [ -8578712.73908182606101, 4682955.316649902611971 ], [ -8578712.73908182606101, 4680455.316649902611971 ], [ -8579804.855014834553003, 4680455.316649902611971 ], [ -8579861.699174342676997, 4680588.770480763167143 ], [ -8579863.028329074382782, 4680589.052520946599543 ], [ -8580184.414378151297569, 4680657.24930948857218 ], [ -8580290.613172370940447, 4680705.184763194061816 ], [ -8580457.70372804813087, 4680620.727210278622806 ], [ -8580491.6561727412045, 4680513.016312178224325 ], [ -8580539.651033805683255, 4680455.316649902611971 ], [ -8581212.73908182606101, 4680455.316649902611971 ] ] ] } },
{ "type": "Feature", "properties": { "cell_id": "G0606" }, "geometry": { "type": "Polygon", "coordinates": [ [ [ -8588712.73908182606101, 4680455.316649902611971 ], [ -8588712.73908182606101, 4682955.316649902611971 ], [ -8586212.73908182606101, 4682955.316649902611971 ], [ -8586212.73908182606101, 4680455.316649902611971 ], [ -8588712.73908182606101, 4680455.316649902611971 ] ] ] } },
{ "type": "Feature", "properties": { "cell_id": "G0607" }, "geometry": { "type": "Polygon", "coordinates": [ [ [ -8586212.73908182606101, 4682955.316649902611971 ], [ -8586212.73908182606101, 4685455.316649902611971 ], [ -8583712.73908182606101, 4685455.316649902611971 ], [ -8583712.73908182606101, 4682955.316649902611971 ], [ -8586212.73908182606101, 4682955.316649902611971 ] ] ] } },
{ "type": "Feature", "properties": { "cell_id": "G0608" }, "geometry": { "type": "MultiPolygon", "coordinates": [ [ [ [ -8578712.73908182606101, 4680455.316649902611971 ], [ -8578712.73908182606101, 4680160.007477045990527 ], [ -8578872.402859661728144, 4680154.083305932581425 ], [ -8579597.315383709967136, 4680228.408221269026399 ], [ -8579782.884974859654903, 4680403.737278789281845 ], [ -8579804.855014834553003, 4680455.316649902611971 ], [ -8578712.73908182606101, 4680455.316649902611971 ] ] ], [ [ [ -8581212.73908182606101, 4680455.316649902611971 ], [ -8580539.651033805683255, 4680455.316649902611971 ], [ -8580586.9456568621099, 4680398.458817266859114 ], [ -8580595.628577142953873, 4680260.221162466332316 ], [ -8580500.56173200532794, 4680075.051264617592096 ], [ -8581203.784135259687901, 4679649.636430313810706 ], [ -8581212.73908182606101, 4679644.219341716729105 ], [ -8581212.73908182606101, 4680455.316649902611971 ] ] ] ] } },
{ "type": "Feature", "properties": { "cell_id": "G0609" }, "geometry": { "type": "Polygon", "coordinates": [ [ [ -8578712.73908182606101, 4680455.316649902611971 ], [ -8577218.969067631289363, 4680455.316649902611971 ], [ -8577522.876672776415944, 4680204.15626997500658 ], [ -8578523.856203878298402, 4680167.015794802457094 ], [ -8578712.73908182606101, 4680160.007477045990527 ], [ -8578712.73908182606101, 4680455.316649902611971 ] ] ] } },
{ "type": "Feature", "properties": { "cell_id": "G0610" }, "geometry": { "type": "Polygon", "coordinates": [ [ [ -8578712.73908182606101, 4680455.316649902611971 ], [ -8578712.73908182606101, 4682955.316649902611971 ], [ -8576224.187739172950387, 4682955.316649902611971 ], [ -8576223.161659728735685, 4682860.659047855995595 ], [ -8576219.102796606719494, 4682486.232183760032058 ], [ -8576345.446510752663016, 4681853.947006021626294 ], [ -8576415.804336838424206, 4681501.85934182908386 ], [ -8576421.960918394848704, 4681489.575237709097564 ], [ -8576743.306278750300407, 4680848.421806699596345 ], [ -8577218.969067631289363, 4680455.316649902611971 ], [ -8578712.73908182606101, 4680455.316649902611971 ] ] ] } },
{ "type": "Feature", "properties": { "cell_id": "G0611" }, "geometry": { "type": "Polygon", "coordinates": [ [ [ -8581212.73908182606101, 4682955.316649902611971 ], [ -8581212.73908182606101, 4685455.316649902611971 ], [ -8578712.73908182606101, 4685455.316649902611971 ], [ -8578712.73908182606101, 4682955.316649902611971 ], [ -8581212.73908182606101, 4682955.316649902611971 ] ] ] } },
{ "type": "Feature", "properties": { "cell_id": "G0612" }, "geometry": { "type": "Polygon", "coordinates": [ [ [ -8578712.73908182606101, 4682955.316649902611971 ], [ -8578712.73908182606101, 4685455.316649902611971 ], [ -8576285.256709771230817, 4685455.316649902611971 ], [ -8576307.601791786029935, 4684680.331609849818051 ], [ -8576396.323425948619843, 4684467.964953719638288 ], [ -8576439.515388377010822, 4684375.198649818077683 ], [ -8576318.733740866184235, 4684180.820301866158843 ], [ -8576235.800720224156976, 4684026.690326191484928 ], [ -8576225.167289279401302, 4683045.681840098462999 ], [ -8576224.187739172950387, 4682955.316649902611971 ], [ -8578712.73908182606101, 4682955.316649902611971 ] ] ] } },
{ "type": "Feature", "properties": { "cell_id": "G0613" }, "geometry": { "type": "Polygon", "coordinates": [ [ [ -8581212.73908182606101, 4685455.316649902611971 ], [ -8581212.73908182606101, 4687955.316649902611971 ], [ -8578712.73908182606101, 4687955.316649902611971 ], [ -8578712.73908182606101, 4685455.316649902611971 ], [ -8581212.73908182606101, 4685455.316649902611971 ] ] ] } },
{ "type": "Feature", "properties": { "cell_id": "G0614" }, "geometry": { "type": "Polygon", "coordinates": [ [ [ -8578712.73908182606101, 4685455.316649902611971 ], [ -8578712.73908182606101, 4687955.316649902611971 ], [ -8576213.186821492388844, 4687955.316649902611971 ], [ -8576226.315221112221479, 4687499.842068149708211 ], [ -8576231.456208258867264, 4687321.498391631059349 ], [ -8576285.222483925521374, 4685456.503690427169204 ], [ -8576285.256709771230817, 4685455.316649902611971 ], [ -8578712.73908182606101, 4685455.316649902611971 ] ] ] } },
{ "type": "Feature", "properties": { "cell_id": "G0615" }, "geometry": { "type": "Polygon", "coordinates": [ [ [ -8576212.73908182606101, 4690455.316649902611971 ], [ -8576119.309739662334323, 4690455.316649902611971 ], [ -8576175.799514686688781, 4689252.425850003957748 ], [ -8576212.73908182606101, 4687970.850457752123475 ], [ -8576212.73908182606101, 4690455.316649902611971 ] ] ] } },
{ "type": "Feature", "properties": { "cell_id": "G0616" }, "geometry": { "type": "Polygon", "coordinates": [ [ [ -8578712.73908182606101, 4687955.316649902611971 ], [ -8578712.73908182606101, 4690455.316649902611971 ], [ -8576212.73908182606101, 4690455.316649902611971 ], [ -8576212.73908182606101, 4687970.850457752123475 ], [ -8576213.186821492388844, 4687955.316649902611971 ], [ -8578712.73908182606101, 4687955.316649902611971 ] ] ] } },
{ "type": "Feature", "properties": { "cell_id": "G0617" }, "geometry": { "type": "Polygon", "coordinates": [ [ [ -8581212.73908182606101, 4687955.316649902611971 ], [ -8581212.73908182606101, 4690455.316649902611971 ], [ -8578712.73908182606101, 4690455.316649902611971 ], [ -8578712.73908182606101, 4687955.316649902611971 ], [ -8581212.73908182606101, 4687955.316649902611971 ] ] ] } },
{ "type": "Feature", "properties": { "cell_id": "G0618" }, "geometry": { "type": "Polygon", "coordinates": [ [ [ -8581212.73908182606101, 4690455.316649902611971 ], [ -8581212.73908182606101, 4692955.316649902611971 ], [ -8578712.73908182606101, 4692955.316649902611971 ], [ -8578712.73908182606101, 4690455.316649902611971 ], [ -8581212.73908182606101, 4690455.316649902611971 ] ] ] } },
{ "type": "Feature", "properties": { "cell_id": "G0619" }, "geometry": { "type": "Polygon", "coordinates": [ [ [ -8578712.73908182606101, 4690455.316649902611971 ], [ -8578712.73908182606101, 4692955.316649902611971 ], [ -8576212.73908182606101, 4692955.316649902611971 ], [ -8576212.73908182606101, 4690455.316649902611971 ], [ -8578712.73908182606101, 4690455.316649902611971 ] ] ] } },
{ "type": "Feature", "properties": { "cell_id": "G0620" }, "geometry": { "type": "Polygon", "coordinates": [ [ [ -8576212.73908182606101, 4690455.316649902611971 ], [ -8576212.73908182606101, 4692955.316649902611971 ], [ -8575932.957304256036878, 4692955.316649902611971 ], [ -8575934.36671344935894, 4692801.799310740083456 ], [ -8575935.911999836564064, 4692633.48570148460567 ], [ -8575941.448101200163364, 4692030.51274396572262 ], [ -8575942.919139947742224, 4691870.29831225797534 ], [ -8575997.688329417258501, 4691794.317404337227345 ], [ -8576064.480023892596364, 4691622.93397980183363 ], [ -8576095.043294033035636, 4690972.045282333157957 ], [ -8576119.309739662334323, 4690455.316649902611971 ], [ -8576212.73908182606101, 4690455.316649902611971 ] ] ] } },
{ "type": "Feature", "properties": { "cell_id": "G0621" }, "geometry": { "type": "Polygon", "coordinates": [ [ [ -8588712.73908182606101, 4682955.316649902611971 ], [ -8588712.73908182606101, 4685455.316649902611971 ], [ -8586212.73908182606101, 4685455.316649902611971 ], [ -8586212.73908182606101, 4682955.316649902611971 ], [ -8588712.73908182606101, 4682955.316649902611971 ] ] ] } },
{ "type": "Feature", "properties": { "cell_id": "G0622" }, "geometry": { "type": "Polygon", "coordinates": [ [ [ -8583712.73908182606101, 4682955.316649902611971 ], [ -8583712.73908182606101, 4685455.316649902611971 ], [ -8581212.73908182606101, 4685455.316649902611971 ], [ -8581212.73908182606101, 4682955.316649902611971 ], [ -8583712.73908182606101, 4682955.316649902611971 ] ] ] } },
{ "type": "Feature", "properties": { "cell_id": "G0623" }, "geometry": { "type": "Polygon", "coordinates": [ [ [ -8583712.73908182606101, 4685455.316649902611971 ], [ -8583712.73908182606101, 4687955.316649902611971 ], [ -8581212.73908182606101, 4687955.316649902611971 ], [ -8581212.73908182606101, 4685455.316649902611971 ], [ -8583712.73908182606101, 4685455.316649902611971 ] ] ] } },
{ "type": "Feature", "properties": { "cell_id": "G0624" }, "geometry": { "type": "Polygon", "coordinates": [ [ [ -8586212.73908182606101, 4685455.316649902611971 ], [ -8586212.73908182606101, 4687955.316649902611971 ], [ -8583712.73908182606101, 4687955.316649902611971 ], [ -8583712.73908182606101, 4685455.316649902611971 ], [ -8586212.73908182606101, 4685455.316649902611971 ] ] ] } },
{ "type": "Feature", "properties": { "cell_id": "G0625" }, "geometry": { "type": "Polygon", "coordinates": [ [ [ -8588712.73908182606101, 4685455.316649902611971 ], [ -8588712.73908182606101, 4687955.316649902611971 ], [ -8586212.73908182606101, 4687955.316649902611971 ], [ -8586212.73908182606101, 4685455.316649902611971 ], [ -8588712.73908182606101, 4685455.316649902611971 ] ] ] } },
{ "type": "Feature", "properties": { "cell_id": "G0626" }, "geometry": { "type": "Polygon", "coordinates": [ [ [ -8586212.73908182606101, 4687955.316649902611971 ], [ -8586212.73908182606101, 4690455.316649902611971 ], [ -8583712.73908182606101, 4690455.316649902611971 ], [ -8583712.73908182606101, 4687955.316649902611971 ], [ -8586212.73908182606101, 4687955.316649902611971 ] ] ] } },
{ "type": "Feature", "properties": { "cell_id": "G0627" }, "geometry": { "type": "Polygon", "coordinates": [ [ [ -8583712.73908182606101, 4687955.316649902611971 ], [ -8583712.73908182606101, 4690455.316649902611971 ], [ -8581212.73908182606101, 4690455.316649902611971 ], [ -8581212.73908182606101, 4687955.316649902611971 ], [ -8583712.73908182606101, 4687955.316649902611971 ] ] ] } },
{ "type": "Feature", "properties": { "cell_id": "G0628" }, "geometry": { "type": "Polygon", "coordinates": [ [ [ -8588712.73908182606101, 4687955.316649902611971 ], [ -8588712.73908182606101, 4690455.316649902611971 ], [ -8586212.73908182606101, 4690455.316649902611971 ], [ -8586212.73908182606101, 4687955.316649902611971 ], [ -8588712.73908182606101, 4687955.316649902611971 ] ] ] } },
{ "type": "Feature", "properties": { "cell_id": "G0629" }, "geometry": { "type": "Polygon", "coordinates": [ [ [ -8586212.73908182606101, 4690455.316649902611971 ], [ -8586212.73908182606101, 4692955.316649902611971 ], [ -8583712.73908182606101, 4692955.316649902611971 ], [ -8583712.73908182606101, 4690455.316649902611971 ], [ -8586212.73908182606101, 4690455.316649902611971 ] ] ] } },
{ "type": "Feature", "properties": { "cell_id": "G0630" }, "geometry": { "type": "Polygon", "coordinates": [ [ [ -8583712.73908182606101, 4690455.316649902611971 ], [ -8583712.73908182606101, 4692955.316649902611971 ], [ -8581212.73908182606101, 4692955.316649902611971 ], [ -8581212.73908182606101, 4690455.316649902611971 ], [ -8583712.73908182606101, 4690455.316649902611971 ] ] ] } },
{ "type": "Feature", "properties": { "cell_id": "G0631" }, "geometry": { "type": "Polygon", "coordinates": [ [ [ -8591212.73908182606101, 4682955.316649902611971 ], [ -8591212.73908182606101, 4685455.316649902611971 ], [ -8588712.73908182606101, 4685455.316649902611971 ], [ -8588712.73908182606101, 4682955.316649902611971 ], [ -8591212.73908182606101, 4682955.316649902611971 ] ] ] } },
{ "type": "Feature", "properties": { "cell_id": "G0632" }, "geometry": { "type": "Polygon", "coordinates": [ [ [ -8596212.73908182606101, 4682955.316649902611971 ], [ -8596212.73908182606101, 4685455.316649902611971 ], [ -8593712.73908182606101, 4685455.316649902611971 ], [ -8593712.73908182606101, 4682955.316649902611971 ], [ -8596212.73908182606101, 4682955.316649902611971 ] ] ] } },
{ "type": "Feature", "properties": { "cell_id": "G0633" }, "geometry": { "type": "Polygon", "coordinates": [ [ [ -8593712.73908182606101, 4685455.316649902611971 ], [ -8593712.73908182606101, 4687955.316649902611971 ], [ -8591212.73908182606101, 4687955.316649902611971 ], [ -8591212.73908182606101, 4685455.316649902611971 ], [ -8593712.73908182606101, 4685455.316649902611971 ] ] ] } },
{ "type": "Feature", "properties": { "cell_id": "G0634" }, "geometry": { "type": "Polygon", "coordinates": [ [ [ -8591212.73908182606101, 4685455.316649902611971 ], [ -8591212.73908182606101, 4687955.316649902611971 ], [ -8588712.73908182606101, 4687955.316649902611971 ], [ -8588712.73908182606101, 4685455.316649902611971 ], [ -8591212.73908182606101, 4685455.316649902611971 ] ] ] } },
{ "type": "Feature", "properties": { "cell_id": "G0635" }, "geometry": { "type": "Polygon", "coordinates": [ [ [ -8596212.73908182606101, 4685455.316649902611971 ], [ -8596212.73908182606101, 4687955.316649902611971 ], [ -8593712.73908182606101, 4687955.316649902611971 ], [ -8593712.73908182606101, 4685455.316649902611971 ], [ -8596212.73908182606101, 4685455.316649902611971 ] ] ] } },
{ "type": "Feature", "properties": { "cell_id": "G0636" }, "geometry": { "type": "Polygon", "coordinates": [ [ [ -8596212.73908182606101, 4687955.316649902611971 ], [ -8596212.73908182606101, 4690455.316649902611971 ], [ -8593712.73908182606101, 4690455.316649902611971 ], [ -8593712.73908182606101, 4687955.316649902611971 ], [ -8596212.73908182606101, 4687955.316649902611971 ] ] ] } },
{ "type": "Feature", "properties": { "cell_id": "G0637" }, "geometry": { "type": "Polygon", "coordinates": [ [ [ -8593712.73908182606101, 4687955.316649902611971 ], [ -8593712.73908182606101, 4690455.316649902611971 ], [ -8591212.73908182606101, 4690455.316649902611971 ], [ -8591212.73908182606101, 4687955.316649902611971 ], [ -8593712.73908182606101, 4687955.316649902611971 ] ] ] } },
{ "type": "Feature", "properties": { "cell_id": "G0638" }, "geometry": { "type": "Polygon", "coordinates": [ [ [ -8591212.73908182606101, 4687955.316649902611971 ], [ -8591212.73908182606101, 4690455.316649902611971 ], [ -8588712.73908182606101, 4690455.316649902611971 ], [ -8588712.73908182606101, 4687955.316649902611971 ], [ -8591212.73908182606101, 4687955.316649902611971 ] ] ] } },
{ "type": "Feature", "properties": { "cell_id": "G0639" }, "geometry": { "type": "Polygon", "coordinates": [ [ [ -8591212.73908182606101, 4690455.316649902611971 ], [ -8591212.73908182606101, 4692955.316649902611971 ], [ -8588712.73908182606101, 4692955.316649902611971 ], [ -8588712.73908182606101, 4690455.316649902611971 ], [ -8591212.73908182606101, 4690455.316649902611971 ] ] ] } },
{ "type": "Feature", "properties": { "cell_id": "G0640" }, "geometry": { "type": "Polygon", "coordinates": [ [ [ -8593712.73908182606101, 4690455.316649902611971 ], [ -8593712.73908182606101, 4692955.316649902611971 ], [ -8591212.73908182606101, 4692955.316649902611971 ], [ -8591212.73908182606101, 4690455.316649902611971 ], [ -8593712.73908182606101, 4690455.316649902611971 ] ] ] } },
{ "type": "Feature", "properties": { "cell_id": "G0641" }, "geometry": { "type": "Polygon", "coordinates": [ [ [ -8588712.73908182606101, 4690455.316649902611971 ], [ -8588712.73908182606101, 4692955.316649902611971 ], [ -8586212.73908182606101, 4692955.316649902611971 ], [ -8586212.73908182606101, 4690455.316649902611971 ], [ -8588712.73908182606101, 4690455.316649902611971 ] ] ] } },
{ "type": "Feature", "properties": { "cell_id": "G0642" }, "geometry": { "type": "Polygon", "coordinates": [ [ [ -8588712.73908182606101, 4692955.316649902611971 ], [ -8588712.73908182606101, 4695455.316649902611971 ], [ -8586212.73908182606101, 4695455.316649902611971 ], [ -8586212.73908182606101, 4692955.316649902611971 ], [ -8588712.73908182606101, 4692955.316649902611971 ] ] ] } },
{ "type": "Feature", "properties": { "cell_id": "G0643" }, "geometry": { "type": "Polygon", "coordinates": [ [ [ -8586212.73908182606101, 4692955.316649902611971 ], [ -8586212.73908182606101, 4695455.316649902611971 ], [ -8583712.73908182606101, 4695455.316649902611971 ], [ -8583712.73908182606101, 4692955.316649902611971 ], [ -8586212.73908182606101, 4692955.316649902611971 ] ] ] } },
{ "type": "Feature", "properties": { "cell_id": "G0644" }, "geometry": { "type": "Polygon", "coordinates": [ [ [ -8583712.73908182606101, 4692955.316649902611971 ], [ -8583712.73908182606101, 4695455.316649902611971 ], [ -8581212.73908182606101, 4695455.316649902611971 ], [ -8581212.73908182606101, 4692955.316649902611971 ], [ -8583712.73908182606101, 4692955.316649902611971 ] ] ] } },
{ "type": "Feature", "properties": { "cell_id": "G0645" }, "geometry": { "type": "Polygon", "coordinates": [ [ [ -8586212.73908182606101, 4695455.316649902611971 ], [ -8586212.73908182606101, 4697955.316649902611971 ], [ -8583712.73908182606101, 4697955.316649902611971 ], [ -8583712.73908182606101, 4695455.316649902611971 ], [ -8586212.73908182606101, 4695455.316649902611971 ] ] ] } },
{ "type": "Feature", "properties": { "cell_id": "G0646" }, "geometry": { "type": "Polygon", "coordinates": [ [ [ -8588712.73908182606101, 4695455.316649902611971 ], [ -8588712.73908182606101, 4697955.316649902611971 ], [ -8586212.73908182606101, 4697955.316649902611971 ], [ -8586212.73908182606101, 4695455.316649902611971 ], [ -8588712.73908182606101, 4695455.316649902611971 ] ] ] } },
{ "type": "Feature", "properties": { "cell_id": "G0647" }, "geometry": { "type": "Polygon", "coordinates": [ [ [ -8583712.73908182606101, 4695455.316649902611971 ], [ -8583712.73908182606101, 4697955.316649902611971 ], [ -8581212.73908182606101, 4697955.316649902611971 ], [ -8581212.73908182606101, 4695455.316649902611971 ], [ -8583712.73908182606101, 4695455.316649902611971 ] ] ] } },
{ "type": "Feature", "properties": { "cell_id": "G0648" }, "geometry": { "type": "Polygon", "coordinates": [ [ [ -8583712.73908182606101, 4697955.316649902611971 ], [ -8583712.73908182606101, 4700455.316649902611971 ], [ -8581212.73908182606101, 4700455.316649902611971 ], [ -8581212.73908182606101, 4697955.316649902611971 ], [ -8583712.73908182606101, 4697955.316649902611971 ] ] ] } },
{ "type": "Feature", "properties": { "cell_id": "G0649" }, "geometry": { "type": "Polygon", "coordinates": [ [ [ -8588712.73908182606101, 4697955.316649902611971 ], [ -8588712.73908182606101, 4700455.316649902611971 ], [ -8586212.73908182606101, 4700455.316649902611971 ], [ -8586212.73908182606101, 4697955.316649902611971 ], [ -8588712.73908182606101, 4697955.316649902611971 ] ] ] } },
{ "type": "Feature", "properties": { "cell_id": "G0650" }, "geometry": { "type": "Polygon", "coordinates": [ [ [ -8586212.73908182606101, 4697955.316649902611971 ], [ -8586212.73908182606101, 4700455.316649902611971 ], [ -8583712.73908182606101, 4700455.316649902611971 ], [ -8583712.73908182606101, 4697955.316649902611971 ], [ -8586212.73908182606101, 4697955.316649902611971 ] ] ] } },
{ "type": "Feature", "properties": { "cell_id": "G0651" }, "geometry": { "type": "Polygon", "coordinates": [ [ [ -8596212.73908182606101, 4690455.316649902611971 ], [ -8596212.73908182606101, 4692955.316649902611971 ], [ -8593712.73908182606101, 4692955.316649902611971 ], [ -8593712.73908182606101, 4690455.316649902611971 ], [ -8596212.73908182606101, 4690455.316649902611971 ] ] ] } },
{ "type": "Feature", "properties": { "cell_id": "G0652" }, "geometry": { "type": "Polygon", "coordinates": [ [ [ -8591212.73908182606101, 4692955.316649902611971 ], [ -8591212.73908182606101, 4695455.316649902611971 ], [ -8588712.73908182606101, 4695455.316649902611971 ], [ -8588712.73908182606101, 4692955.316649902611971 ], [ -8591212.73908182606101, 4692955.316649902611971 ] ] ] } },
{ "type": "Feature", "properties": { "cell_id": "G0653" }, "geometry": { "type": "Polygon", "coordinates": [ [ [ -8593712.73908182606101, 4692955.316649902611971 ], [ -8593712.73908182606101, 4695455.316649902611971 ], [ -8591212.73908182606101, 4695455.316649902611971 ], [ -8591212.73908182606101, 4692955.316649902611971 ], [ -8593712.73908182606101, 4692955.316649902611971 ] ] ] } },
{ "type": "Feature", "properties": { "cell_id": "G0654" }, "geometry": { "type": "Polygon", "coordinates": [ [ [ -8596212.73908182606101, 4692955.316649902611971 ], [ -8596212.73908182606101, 4695455.316649902611971 ], [ -8593712.73908182606101, 4695455.316649902611971 ], [ -8593712.73908182606101, 4692955.316649902611971 ], [ -8596212.73908182606101, 4692955.316649902611971 ] ] ] } },
{ "type": "Feature", "properties": { "cell_id": "G0655" }, "geometry": { "type": "Polygon", "coordinates": [ [ [ -8596212.73908182606101, 4695455.316649902611971 ], [ -8596212.73908182606101, 4697955.316649902611971 ], [ -8593712.73908182606101, 4697955.316649902611971 ], [ -8593712.73908182606101, 4695455.316649902611971 ], [ -8596212.73908182606101, 4695455.316649902611971 ] ] ] } },
{ "type": "Feature", "properties": { "cell_id": "G0656" }, "geometry": { "type": "Polygon", "coordinates": [ [ [ -8593712.73908182606101, 4695455.316649902611971 ], [ -8593712.73908182606101, 4697955.316649902611971 ], [ -8591212.73908182606101, 4697955.316649902611971 ], [ -8591212.73908182606101, 4695455.316649902611971 ], [ -8593712.73908182606101, 4695455.316649902611971 ] ] ] } },
{ "type": "Feature", "properties": { "cell_id": "G0657" }, "geometry": { "type": "Polygon", "coordinates": [ [ [ -8591212.73908182606101, 4695455.316649902611971 ], [ -8591212.73908182606101, 4697955.316649902611971 ], [ -8588712.73908182606101, 4697955.316649902611971 ], [ -8588712.73908182606101, 4695455.316649902611971 ], [ -8591212.73908182606101, 4695455.316649902611971 ] ] ] } },
{ "type": "Feature", "properties": { "cell_id": "G0658" }, "geometry": { "type": "Polygon", "coordinates": [ [ [ -8596212.73908182606101, 4697955.316649902611971 ], [ -8596212.73908182606101, 4700455.316649902611971 ], [ -8593712.73908182606101, 4700455.316649902611971 ], [ -8593712.73908182606101, 4697955.316649902611971 ], [ -8596212.73908182606101, 4697955.316649902611971 ] ] ] } },
{ "type": "Feature", "properties": { "cell_id": "G0659" }, "geometry": { "type": "Polygon", "coordinates": [ [ [ -8593712.73908182606101, 4697955.316649902611971 ], [ -8593712.73908182606101, 4700455.316649902611971 ], [ -8591212.73908182606101, 4700455.316649902611971 ], [ -8591212.73908182606101, 4697955.316649902611971 ], [ -8593712.73908182606101, 4697955.316649902611971 ] ] ] } },
{ "type": "Feature", "properties": { "cell_id": "G0660" }, "geometry": { "type": "Polygon", "coordinates": [ [ [ -8591212.73908182606101, 4697955.316649902611971 ], [ -8591212.73908182606101, 4700455.316649902611971 ], [ -8588712.73908182606101, 4700455.316649902611971 ], [ -8588712.73908182606101, 4697955.316649902611971 ], [ -8591212.73908182606101, 4697955.316649902611971 ] ] ] } },
{ "type": "Feature", "properties": { "cell_id": "G0661" }, "geometry": { "type": "Polygon", "coordinates": [ [ [ -8576212.73908182606101, 4692955.316649902611971 ], [ -8576212.73908182606101, 4695455.316649902611971 ], [ -8575863.507996182888746, 4695455.316649902611971 ], [ -8575841.841042308136821, 4695294.026663390919566 ], [ -8575759.241980139166117, 4695090.29631220921874 ], [ -8575769.367953982204199, 4694977.58383602462709 ], [ -8575830.910422764718533, 4694292.57987735234201 ], [ -8575875.756078060716391, 4693793.450334941036999 ], [ -8575920.052030676975846, 4693300.462979989126325 ], [ -8575930.896634941920638, 4693179.772684697061777 ], [ -8575931.573684338480234, 4693106.024938842281699 ], [ -8575932.957304256036878, 4692955.316649902611971 ], [ -8576212.73908182606101, 4692955.316649902611971 ] ] ] } },
{ "type": "Feature", "properties": { "cell_id": "G0662" }, "geometry": { "type": "Polygon", "coordinates": [ [ [ -8581212.73908182606101, 4692955.316649902611971 ], [ -8581212.73908182606101, 4695455.316649902611971 ], [ -8578712.73908182606101, 4695455.316649902611971 ], [ -8578712.73908182606101, 4692955.316649902611971 ], [ -8581212.73908182606101, 4692955.316649902611971 ] ] ] } },
{ "type": "Feature", "properties": { "cell_id": "G0663" }, "geometry": { "type": "Polygon", "coordinates": [ [ [ -8578712.73908182606101, 4692955.316649902611971 ], [ -8578712.73908182606101, 4695455.316649902611971 ], [ -8576212.73908182606101, 4695455.316649902611971 ], [ -8576212.73908182606101, 4692955.316649902611971 ], [ -8578712.73908182606101, 4692955.316649902611971 ] ] ] } },
{ "type": "Feature", "properties": { "cell_id": "G0664" }, "geometry": { "type": "Polygon", "coordinates": [ [ [ -8581212.73908182606101, 4695455.316649902611971 ], [ -8581212.73908182606101, 4697955.316649902611971 ], [ -8578712.73908182606101, 4697955.316649902611971 ], [ -8578712.73908182606101, 4695455.316649902611971 ], [ -8581212.73908182606101, 4695455.316649902611971 ] ] ] } },
{ "type": "Feature", "properties": { "cell_id": "G0665" }, "geometry": { "type": "Polygon", "coordinates": [ [ [ -8576212.73908182606101, 4695455.316649902611971 ], [ -8576212.73908182606101, 4697882.51279219519347 ], [ -8576187.042783258482814, 4697880.156535599380732 ], [ -8575964.40380167029798, 4697665.799551521427929 ], [ -8575893.2829954251647, 4697367.27773744892329 ], [ -8575841.841042308136821, 4697151.361219241283834 ], [ -8575929.335470233112574, 4696342.853930233046412 ], [ -8575953.160533100366592, 4696122.705474631860852 ], [ -8575918.689841575920582, 4695866.093316992744803 ], [ -8575863.507996182888746, 4695455.316649902611971 ], [ -8576212.73908182606101, 4695455.316649902611971 ] ] ] } },
{ "type": "Feature", "properties": { "cell_id": "G0666" }, "geometry": { "type": "Polygon", "coordinates": [ [ [ -8576212.73908182606101, 4695455.316649902611971 ], [ -8578712.73908182606101, 4695455.316649902611971 ], [ -8578712.73908182606101, 4697955.316649902611971 ], [ -8576549.670400258153677, 4697955.316649902611971 ], [ -8576443.077612081542611, 4697808.70370564237237 ], [ -8576342.890070367604494, 4697894.447161825373769 ], [ -8576212.73908182606101, 4697882.51279219519347 ], [ -8576212.73908182606101, 4695455.316649902611971 ] ] ] } },
{ "type": "Feature", "properties": { "cell_id": "G0667" }, "geometry": { "type": "Polygon", "coordinates": [ [ [ -8581212.73908182606101, 4697955.316649902611971 ], [ -8581212.73908182606101, 4700455.316649902611971 ], [ -8578712.73908182606101, 4700455.316649902611971 ], [ -8578712.73908182606101, 4697955.316649902611971 ], [ -8581212.73908182606101, 4697955.316649902611971 ] ] ] } },
{ "type": "Feature", "properties": { "cell_id": "G0668" }, "geometry": { "type": "Polygon", "coordinates": [ [ [ -8578712.73908182606101, 4697955.316649902611971 ], [ -8578712.73908182606101, 4700455.316649902611971 ], [ -8576212.73908182606101, 4700455.316649902611971 ], [ -8576212.73908182606101, 4698797.487314833328128 ], [ -8576242.702528651803732, 4698809.089006870985031 ], [ -8576521.001255637034774, 4698809.089006870985031 ], [ -8576553.129385160282254, 4698721.436989777721465 ], [ -8576610.056848270818591, 4698566.129244134761393 ], [ -8576598.924899192526937, 4698023.063701373524964 ], [ -8576549.670400258153677, 4697955.316649902611971 ], [ -8578712.73908182606101, 4697955.316649902611971 ] ] ] } },
{ "type": "Feature", "properties": { "cell_id": "G0669" }, "geometry": { "type": "Polygon", "coordinates": [ [ [ -8576212.73908182606101, 4700455.316649902611971 ], [ -8575176.540734698995948, 4700455.316649902611971 ], [ -8575144.283989604562521, 4700336.225780315697193 ], [ -8575129.396301230415702, 4700281.263473464176059 ], [ -8575315.800976805388927, 4699436.11184808332473 ], [ -8575445.877613555639982, 4698846.390990296378732 ], [ -8575892.04613265581429, 4698673.316659277305007 ], [ -8576212.73908182606101, 4698797.487314833328128 ], [ -8576212.73908182606101, 4700455.316649902611971 ] ] ] } },
{ "type": "Feature", "properties": { "cell_id": "G0670" }, "geometry": { "type": "Polygon", "coordinates": [ [ [ -8581212.73908182606101, 4700455.316649902611971 ], [ -8581212.73908182606101, 4702955.316649902611971 ], [ -8578712.73908182606101, 4702955.316649902611971 ], [ -8578712.73908182606101, 4700455.316649902611971 ], [ -8581212.73908182606101, 4700455.316649902611971 ] ] ] } },
{ "type": "Feature", "properties": { "cell_id": "G0671" }, "geometry": { "type": "Polygon", "coordinates": [ [ [ -8596212.73908182606101, 4700455.316649902611971 ], [ -8596212.73908182606101, 4702955.316649902611971 ], [ -8593712.73908182606101, 4702955.316649902611971 ], [ -8593712.73908182606101, 4700455.316649902611971 ], [ -8596212.73908182606101, 4700455.316649902611971 ] ] ] } },
{ "type": "Feature", "properties": { "cell_id": "G0672" }, "geometry": { "type": "Polygon", "coordinates": [ [ [ -8591212.73908182606101, 4700455.316649902611971 ], [ -8591212.73908182606101, 4702955.316649902611971 ], [ -8588712.73908182606101, 4702955.316649902611971 ], [ -8588712.73908182606101, 4700455.316649902611971 ], [ -8591212.73908182606101, 4700455.316649902611971 ] ] ] } },
{ "type": "Feature", "properties": { "cell_id": "G0673" }, "geometry": { "type": "Polygon", "coordinates": [ [ [ -8593712.73908182606101, 4700455.316649902611971 ], [ -8593712.73908182606101, 4702955.316649902611971 ], [ -8591212.73908182606101, 4702955.316649902611971 ], [ -8591212.73908182606101, 4700455.316649902611971 ], [ -8593712.73908182606101, 4700455.316649902611971 ] ] ] } },
{ "type": "Feature", "properties": { "cell_id": "G0674" }, "geometry": { "type": "Polygon", "coordinates": [ [ [ -8591212.73908182606101, 4702955.316649902611971 ], [ -8591212.73908182606101, 4705455.316649902611971 ], [ -8588712.73908182606101, 4705455.316649902611971 ], [ -8588712.73908182606101, 4702955.316649902611971 ], [ -8591212.73908182606101, 4702955.316649902611971 ] ] ] } },
{ "type": "Feature", "properties": { "cell_id": "G0675" }, "geometry": { "type": "Polygon", "coordinates": [ [ [ -8593712.73908182606101, 4702955.316649902611971 ], [ -8593712.73908182606101, 4705455.316649902611971 ], [ -8591212.73908182606101, 4705455.316649902611971 ], [ -8591212.73908182606101, 4702955.316649902611971 ], [ -8593712.73908182606101, 4702955.316649902611971 ] ] ] } },
{ "type": "Feature", "properties": { "cell_id": "G0676" }, "geometry": { "type": "Polygon", "coordinates": [ [ [ -8596212.73908182606101, 4702955.316649902611971 ], [ -8596212.73908182606101, 4705455.316649902611971 ], [ -8593712.73908182606101, 4705455.316649902611971 ], [ -8593712.73908182606101, 4702955.316649902611971 ], [ -8596212.73908182606101, 4702955.316649902611971 ] ] ] } },
{ "type": "Feature", "properties": { "cell_id": "G0677" }, "geometry": { "type": "Polygon", "coordinates": [ [ [ -8591212.73908182606101, 4705455.316649902611971 ], [ -8591212.73908182606101, 4707955.316649902611971 ], [ -8588712.73908182606101, 4707955.316649902611971 ], [ -8588712.73908182606101, 4705455.316649902611971 ], [ -8591212.73908182606101, 4705455.316649902611971 ] ] ] } },
{ "type": "Feature", "properties": { "cell_id": "G0678" }, "geometry": { "type": "Polygon", "coordinates": [ [ [ -8593712.73908182606101, 4705455.316649902611971 ], [ -8593712.73908182606101, 4707955.316649902611971 ], [ -8591212.73908182606101, 4707955.316649902611971 ], [ -8591212.73908182606101, 4705455.316649902611971 ], [ -8593712.73908182606101, 4705455.316649902611971 ] ] ] } },
{ "type": "Feature", "properties": { "cell_id": "G0679" }, "geometry": { "type": "Polygon", "coordinates": [ [ [ -8588712.73908182606101, 4705455.316649902611971 ], [ -8588712.73908182606101, 4707955.316649902611971 ], [ -8586212.73908182606101, 4707955.316649902611971 ], [ -8586212.73908182606101, 4705455.316649902611971 ], [ -8588712.73908182606101, 4705455.316649902611971 ] ] ] } },
{ "type": "Feature", "properties": { "cell_id": "G0680" }, "geometry": { "type": "Polygon", "coordinates": [ [ [ -8596212.73908182606101, 4705455.316649902611971 ], [ -8596212.73908182606101, 4707955.316649902611971 ], [ -8593712.73908182606101, 4707955.316649902611971 ], [ -8593712.73908182606101, 4705455.316649902611971 ], [ -8596212.73908182606101, 4705455.316649902611971 ] ] ] } },
{ "type": "Feature", "properties": { "cell_id": "G0681" }, "geometry": { "type": "Polygon", "coordinates": [ [ [ -8583712.73908182606101, 4700455.316649902611971 ], [ -8583712.73908182606101, 4702955.316649902611971 ], [ -8581212.73908182606101, 4702955.316649902611971 ], [ -8581212.73908182606101, 4700455.316649902611971 ], [ -8583712.73908182606101, 4700455.316649902611971 ] ] ] } },
{ "type": "Feature", "properties": { "cell_id": "G0682" }, "geometry": { "type": "Polygon", "coordinates": [ [ [ -8586212.73908182606101, 4700455.316649902611971 ], [ -8586212.73908182606101, 4702955.316649902611971 ], [ -8583712.73908182606101, 4702955.316649902611971 ], [ -8583712.73908182606101, 4700455.316649902611971 ], [ -8586212.73908182606101, 4700455.316649902611971 ] ] ] } },
{ "type": "Feature", "properties": { "cell_id": "G0683" }, "geometry": { "type": "Polygon", "coordinates": [ [ [ -8588712.73908182606101, 4700455.316649902611971 ], [ -8588712.73908182606101, 4702955.316649902611971 ], [ -8586212.73908182606101, 4702955.316649902611971 ], [ -8586212.73908182606101, 4700455.316649902611971 ], [ -8588712.73908182606101, 4700455.316649902611971 ] ] ] } },
{ "type": "Feature", "properties": { "cell_id": "G0684" }, "geometry": { "type": "Polygon", "coordinates": [ [ [ -8583712.73908182606101, 4702955.316649902611971 ], [ -8583712.73908182606101, 4705455.316649902611971 ], [ -8581212.73908182606101, 4705455.316649902611971 ], [ -8581212.73908182606101, 4702955.316649902611971 ], [ -8583712.73908182606101, 4702955.316649902611971 ] ] ] } },
{ "type": "Feature", "properties": { "cell_id": "G0685" }, "geometry": { "type": "Polygon", "coordinates": [ [ [ -8586212.73908182606101, 4702955.316649902611971 ], [ -8586212.73908182606101, 4705455.316649902611971 ], [ -8583712.73908182606101, 4705455.316649902611971 ], [ -8583712.73908182606101, 4702955.316649902611971 ], [ -8586212.73908182606101, 4702955.316649902611971 ] ] ] } },
{ "type": "Feature", "properties": { "cell_id": "G0686" }, "geometry": { "type": "Polygon", "coordinates": [ [ [ -8588712.73908182606101, 4702955.316649902611971 ], [ -8588712.73908182606101, 4705455.316649902611971 ], [ -8586212.73908182606101, 4705455.316649902611971 ], [ -8586212.73908182606101, 4702955.316649902611971 ], [ -8588712.73908182606101, 4702955.316649902611971 ] ] ] } },
{ "type": "Feature", "properties": { "cell_id": "G0687" }, "geometry": { "type": "Polygon", "coordinates": [ [ [ -8581212.73908182606101, 4705455.316649902611971 ], [ -8583712.73908182606101, 4705455.316649902611971 ], [ -8583712.73908182606101, 4707955.316649902611971 ], [ -8581629.420867364853621, 4707955.316649902611971 ], [ -8581212.73908182606101, 4707801.378471055068076 ], [ -8581212.73908182606101, 4705455.316649902611971 ] ] ] } },
{ "type": "Feature", "properties": { "cell_id": "G0688" }, "geometry": { "type": "Polygon", "coordinates": [ [ [ -8586212.73908182606101, 4705455.316649902611971 ], [ -8586212.73908182606101, 4707955.316649902611971 ], [ -8583712.73908182606101, 4707955.316649902611971 ], [ -8583712.73908182606101, 4705455.316649902611971 ], [ -8586212.73908182606101, 4705455.316649902611971 ] ] ] } },
{ "type": "Feature", "properties": { "cell_id": "G0689" }, "geometry": { "type": "Polygon", "coordinates": [ [ [ -8583712.73908182606101, 4707955.316649902611971 ], [ -8583712.73908182606101, 4710399.284438453614712 ], [ -8583552.10798592120409, 4710221.896459371782839 ], [ -8583434.052953390404582, 4710091.53164213616401 ], [ -8583334.136594036594033, 4709816.978738502599299 ], [ -8583111.226430088281631, 4709204.486852348782122 ], [ -8582915.816130850464106, 4708999.013002433814108 ], [ -8582866.323550345376134, 4708946.972234111279249 ], [ -8582845.795469073578715, 4708928.681012488901615 ], [ -8582031.427369395270944, 4708203.077795591205359 ], [ -8581641.80915161781013, 4707959.893355635926127 ], [ -8581629.420867364853621, 4707955.316649902611971 ], [ -8583712.73908182606101, 4707955.316649902611971 ] ] ] } },
{ "type": "Feature", "properties": { "cell_id": "G0690" }, "geometry": { "type": "Polygon", "coordinates": [ [ [ -8583712.73908182606101, 4707955.316649902611971 ], [ -8586212.73908182606101, 4707955.316649902611971 ], [ -8586212.73908182606101, 4710455.316649902611971 ], [ -8583763.478233247995377, 4710455.316649902611971 ], [ -8583712.73908182606101, 4710399.284438453614712 ], [ -8583712.73908182606101, 4707955.316649902611971 ] ] ] } },
{ "type": "Feature", "properties": { "cell_id": "G0691" }, "geometry": { "type": "Polygon", "coordinates": [ [ [ -8578712.73908182606101, 4700455.316649902611971 ], [ -8578712.73908182606101, 4702955.316649902611971 ], [ -8576212.73908182606101, 4702955.316649902611971 ], [ -8576212.73908182606101, 4700455.316649902611971 ], [ -8578712.73908182606101, 4700455.316649902611971 ] ] ] } },
{ "type": "Feature", "properties": { "cell_id": "G0692" }, "geometry": { "type": "Polygon", "coordinates": [ [ [ -8576212.73908182606101, 4700455.316649902611971 ], [ -8576212.73908182606101, 4702955.316649902611971 ], [ -8576012.79501941613853, 4702955.316649902611971 ], [ -8575953.271852590143681, 4702797.31715240702033 ], [ -8575931.007954431697726, 4702468.479307030327618 ], [ -8575975.53575075045228, 4702254.025574089027941 ], [ -8575386.099046999588609, 4701228.99922598619014 ], [ -8575176.540734698995948, 4700455.316649902611971 ], [ -8576212.73908182606101, 4700455.316649902611971 ] ] ] } },
{ "type": "Feature", "properties": { "cell_id": "G0693" }, "geometry": { "type": "Polygon", "coordinates": [ [ [ -8581212.73908182606101, 4702955.316649902611971 ], [ -8581212.73908182606101, 4705455.316649902611971 ], [ -8578712.73908182606101, 4705455.316649902611971 ], [ -8578712.73908182606101, 4702955.316649902611971 ], [ -8581212.73908182606101, 4702955.316649902611971 ] ] ] } },
{ "type": "Feature", "properties": { "cell_id": "G0694" }, "geometry": { "type": "Polygon", "coordinates": [ [ [ -8576212.73908182606101, 4702955.316649902611971 ], [ -8578712.73908182606101, 4702955.316649902611971 ], [ -8578712.73908182606101, 4705455.316649902611971 ], [ -8578538.851913087069988, 4705455.316649902611971 ], [ -8578085.596698736771941, 4704507.016485356725752 ], [ -8577745.515654362738132, 4704498.865525986067951 ], [ -8577623.064214488491416, 4704370.167034139856696 ], [ -8577289.105742109939456, 4703812.492403994314373 ], [ -8577311.36964026838541, 4703526.517285024747252 ], [ -8577066.466760523617268, 4703169.059702278114855 ], [ -8576754.772186303511262, 4703254.848375528119504 ], [ -8576676.848542746156454, 4703497.920215724036098 ], [ -8576788.168033540248871, 4703769.595623123459518 ], [ -8576654.584644589573145, 4703812.492403994314373 ], [ -8576474.440668614581227, 4703680.267876714468002 ], [ -8576438.078552408143878, 4703653.578524435870349 ], [ -8576420.813713923096657, 4703640.906366930343211 ], [ -8576212.73908182606101, 4703363.745294786989689 ], [ -8576212.73908182606101, 4702955.316649902611971 ] ] ] } },
{ "type": "Feature", "properties": { "cell_id": "G0695" }, "geometry": { "type": "Polygon", "coordinates": [ [ [ -8576212.73908182606101, 4702955.316649902611971 ], [ -8576212.73908182606101, 4703363.745294786989689 ], [ -8576175.204821899533272, 4703313.748639171011746 ], [ -8576120.251088781282306, 4703240.550213031470776 ], [ -8576012.79501941613853, 4702955.316649902611971 ], [ -8576212.73908182606101, 4702955.316649902611971 ] ] ] } },
{ "type": "Feature", "properties": { "cell_id": "G0696" }, "geometry": { "type": "Polygon", "coordinates": [ [ [ -8578712.73908182606101, 4705455.316649902611971 ], [ -8578712.73908182606101, 4705883.668496844358742 ], [ -8578669.46742794662714, 4705728.590316289104521 ], [ -8578538.851913087069988, 4705455.316649902611971 ], [ -8578712.73908182606101, 4705455.316649902611971 ] ] ] } },
{ "type": "Feature", "properties": { "cell_id": "G0697" }, "geometry": { "type": "Polygon", "coordinates": [ [ [ -8578712.73908182606101, 4705455.316649902611971 ], [ -8581212.73908182606101, 4705455.316649902611971 ], [ -8581212.73908182606101, 4707801.378471055068076 ], [ -8580822.409949820488691, 4707657.175969729200006 ], [ -8580751.253225272521377, 4707630.888381573371589 ], [ -8580428.13620039075613, 4707589.71511456463486 ], [ -8580323.376147029921412, 4707576.366074624471366 ], [ -8579782.645467959344387, 4707507.463797718286514 ], [ -8579467.491376880556345, 4707467.305695521645248 ], [ -8579462.362964594736695, 4707466.652215531095862 ], [ -8579404.176067182794213, 4707459.237843279726803 ], [ -8579323.157389190047979, 4707409.924772277474403 ], [ -8579192.669034676626325, 4707330.501843270845711 ], [ -8579092.481492962688208, 4707244.67874975502491 ], [ -8578798.480542384088039, 4706190.95117521379143 ], [ -8578712.73908182606101, 4705883.668496844358742 ], [ -8578712.73908182606101, 4705455.316649902611971 ] ] ] } },
{ "type": "Feature", "properties": { "cell_id": "G0698" }, "geometry": { "type": "Polygon", "coordinates": [ [ [ -8596212.73908182606101, 4675455.316649902611971 ], [ -8596212.73908182606101, 4677955.316649902611971 ], [ -8593712.73908182606101, 4677955.316649902611971 ], [ -8593712.73908182606101, 4675455.316649902611971 ], [ -8596212.73908182606101, 4675455.316649902611971 ] ] ] } },
{ "type": "Feature", "properties": { "cell_id": "G0699" }, "geometry": { "type": "Polygon", "coordinates": [ [ [ -8601212.73908182606101, 4675455.316649902611971 ], [ -8601212.73908182606101, 4677955.316649902611971 ], [ -8598712.73908182606101, 4677955.316649902611971 ], [ -8598712.73908182606101, 4675455.316649902611971 ], [ -8601212.73908182606101, 4675455.316649902611971 ] ] ] } },
{ "type": "Feature", "properties": { "cell_id": "G0700" }, "geometry": { "type": "Polygon", "coordinates": [ [ [ -8598712.73908182606101, 4675455.316649902611971 ], [ -8598712.73908182606101, 4677955.316649902611971 ], [ -8596212.73908182606101, 4677955.316649902611971 ], [ -8596212.73908182606101, 4675455.316649902611971 ], [ -8598712.73908182606101, 4675455.316649902611971 ] ] ] } },
{ "type": "Feature", "properties": { "cell_id": "G0701" }, "geometry": { "type": "Polygon", "coordinates": [ [ [ -8598712.73908182606101, 4677955.316649902611971 ], [ -8598712.73908182606101, 4680455.316649902611971 ], [ -8596212.73908182606101, 4680455.316649902611971 ], [ -8596212.73908182606101, 4677955.316649902611971 ], [ -8598712.73908182606101, 4677955.316649902611971 ] ] ] } },
{ "type": "Feature", "properties": { "cell_id": "G0702" }, "geometry": { "type": "Polygon", "coordinates": [ [ [ -8601212.73908182606101, 4677955.316649902611971 ], [ -8601212.73908182606101, 4680455.316649902611971 ], [ -8598712.73908182606101, 4680455.316649902611971 ], [ -8598712.73908182606101, 4677955.316649902611971 ], [ -8601212.73908182606101, 4677955.316649902611971 ] ] ] } },
{ "type": "Feature", "properties": { "cell_id": "G0703" }, "geometry": { "type": "Polygon", "coordinates": [ [ [ -8598712.73908182606101, 4680455.316649902611971 ], [ -8598712.73908182606101, 4682955.316649902611971 ], [ -8596212.73908182606101, 4682955.316649902611971 ], [ -8596212.73908182606101, 4680455.316649902611971 ], [ -8598712.73908182606101, 4680455.316649902611971 ] ] ] } },
{ "type": "Feature", "properties": { "cell_id": "G0704" }, "geometry": { "type": "Polygon", "coordinates": [ [ [ -8601212.73908182606101, 4680455.316649902611971 ], [ -8601212.73908182606101, 4682955.316649902611971 ], [ -8598712.73908182606101, 4682955.316649902611971 ], [ -8598712.73908182606101, 4680455.316649902611971 ], [ -8601212.73908182606101, 4680455.316649902611971 ] ] ] } },
{ "type": "Feature", "properties": { "cell_id": "G0705" }, "geometry": { "type": "Polygon", "coordinates": [ [ [ -8601212.73908182606101, 4682955.316649902611971 ], [ -8601212.73908182606101, 4685455.316649902611971 ], [ -8598712.73908182606101, 4685455.316649902611971 ], [ -8598712.73908182606101, 4682955.316649902611971 ], [ -8601212.73908182606101, 4682955.316649902611971 ] ] ] } },
{ "type": "Feature", "properties": { "cell_id": "G0706" }, "geometry": { "type": "Polygon", "coordinates": [ [ [ -8598712.73908182606101, 4682955.316649902611971 ], [ -8598712.73908182606101, 4685455.316649902611971 ], [ -8596212.73908182606101, 4685455.316649902611971 ], [ -8596212.73908182606101, 4682955.316649902611971 ], [ -8598712.73908182606101, 4682955.316649902611971 ] ] ] } },
{ "type": "Feature", "properties": { "cell_id": "G0707" }, "geometry": { "type": "Polygon", "coordinates": [ [ [ -8603712.73908182606101, 4682955.316649902611971 ], [ -8603712.73908182606101, 4685455.316649902611971 ], [ -8601212.73908182606101, 4685455.316649902611971 ], [ -8601212.73908182606101, 4682955.316649902611971 ], [ -8603712.73908182606101, 4682955.316649902611971 ] ] ] } },
{ "type": "Feature", "properties": { "cell_id": "G0708" }, "geometry": { "type": "Polygon", "coordinates": [ [ [ -8603712.73908182606101, 4675455.316649902611971 ], [ -8603712.73908182606101, 4677955.316649902611971 ], [ -8601212.73908182606101, 4677955.316649902611971 ], [ -8601212.73908182606101, 4675455.316649902611971 ], [ -8603712.73908182606101, 4675455.316649902611971 ] ] ] } },
{ "type": "Feature", "properties": { "cell_id": "G0709" }, "geometry": { "type": "Polygon", "coordinates": [ [ [ -8608712.73908182606101, 4675455.316649902611971 ], [ -8608712.73908182606101, 4677955.316649902611971 ], [ -8606212.73908182606101, 4677955.316649902611971 ], [ -8606212.73908182606101, 4675455.316649902611971 ], [ -8608712.73908182606101, 4675455.316649902611971 ] ] ] } },
{ "type": "Feature", "properties": { "cell_id": "G0710" }, "geometry": { "type": "Polygon", "coordinates": [ [ [ -8606212.73908182606101, 4675455.316649902611971 ], [ -8606212.73908182606101, 4677955.316649902611971 ], [ -8603712.73908182606101, 4677955.316649902611971 ], [ -8603712.73908182606101, 4675455.316649902611971 ], [ -8606212.73908182606101, 4675455.316649902611971 ] ] ] } },
{ "type": "Feature", "properties": { "cell_id": "G0711" }, "geometry": { "type": "Polygon", "coordinates": [ [ [ -8606212.73908182606101, 4677955.316649902611971 ], [ -8606212.73908182606101, 4680455.316649902611971 ], [ -8603712.73908182606101, 4680455.316649902611971 ], [ -8603712.73908182606101, 4677955.316649902611971 ], [ -8606212.73908182606101, 4677955.316649902611971 ] ] ] } },
{ "type": "Feature", "properties": { "cell_id": "G0712" }, "geometry": { "type": "Polygon", "coordinates": [ [ [ -8608712.73908182606101, 4677955.316649902611971 ], [ -8608712.73908182606101, 4680455.316649902611971 ], [ -8606212.73908182606101, 4680455.316649902611971 ], [ -8606212.73908182606101, 4677955.316649902611971 ], [ -8608712.73908182606101, 4677955.316649902611971 ] ] ] } },
{ "type": "Feature", "properties": { "cell_id": "G0713" }, "geometry": { "type": "Polygon", "coordinates": [ [ [ -8603712.73908182606101, 4677955.316649902611971 ], [ -8603712.73908182606101, 4680455.316649902611971 ], [ -8601212.73908182606101, 4680455.316649902611971 ], [ -8601212.73908182606101, 4677955.316649902611971 ], [ -8603712.73908182606101, 4677955.316649902611971 ] ] ] } },
{ "type": "Feature", "properties": { "cell_id": "G0714" }, "geometry": { "type": "Polygon", "coordinates": [ [ [ -8608712.73908182606101, 4680455.316649902611971 ], [ -8608712.73908182606101, 4682955.316649902611971 ], [ -8606212.73908182606101, 4682955.316649902611971 ], [ -8606212.73908182606101, 4680455.316649902611971 ], [ -8608712.73908182606101, 4680455.316649902611971 ] ] ] } },
{ "type": "Feature", "properties": { "cell_id": "G0715" }, "geometry": { "type": "Polygon", "coordinates": [ [ [ -8606212.73908182606101, 4680455.316649902611971 ], [ -8606212.73908182606101, 4682955.316649902611971 ], [ -8603712.73908182606101, 4682955.316649902611971 ], [ -8603712.73908182606101, 4680455.316649902611971 ], [ -8606212.73908182606101, 4680455.316649902611971 ] ] ] } },
{ "type": "Feature", "properties": { "cell_id": "G0716" }, "geometry": { "type": "Polygon", "coordinates": [ [ [ -8603712.73908182606101, 4680455.316649902611971 ], [ -8603712.73908182606101, 4682955.316649902611971 ], [ -8601212.73908182606101, 4682955.316649902611971 ], [ -8601212.73908182606101, 4680455.316649902611971 ], [ -8603712.73908182606101, 4680455.316649902611971 ] ] ] } },
{ "type": "Feature", "properties": { "cell_id": "G0717" }, "geometry": { "type": "Polygon", "coordinates": [ [ [ -8608712.73908182606101, 4682955.316649902611971 ], [ -8608712.73908182606101, 4685455.316649902611971 ], [ -8606212.73908182606101, 4685455.316649902611971 ], [ -8606212.73908182606101, 4682955.316649902611971 ], [ -8608712.73908182606101, 4682955.316649902611971 ] ] ] } },
{ "type": "Feature", "properties": { "cell_id": "G0718" }, "geometry": { "type": "Polygon", "coordinates": [ [ [ -8613712.73908182606101, 4682955.316649902611971 ], [ -8613712.73908182606101, 4685455.316649902611971 ], [ -8611212.73908182606101, 4685455.316649902611971 ], [ -8611212.73908182606101, 4682955.316649902611971 ], [ -8613712.73908182606101, 4682955.316649902611971 ] ] ] } },
{ "type": "Feature", "properties": { "cell_id": "G0719" }, "geometry": { "type": "Polygon", "coordinates": [ [ [ -8616212.73908182606101, 4682955.316649902611971 ], [ -8616212.73908182606101, 4685455.316649902611971 ], [ -8613712.73908182606101, 4685455.316649902611971 ], [ -8613712.73908182606101, 4682955.316649902611971 ], [ -8616212.73908182606101, 4682955.316649902611971 ] ] ] } },
{ "type": "Feature", "properties": { "cell_id": "G0720" }, "geometry": { "type": "Polygon", "coordinates": [ [ [ -8613712.73908182606101, 4685455.316649902611971 ], [ -8613712.73908182606101, 4687955.316649902611971 ], [ -8611212.73908182606101, 4687955.316649902611971 ], [ -8611212.73908182606101, 4685455.316649902611971 ], [ -8613712.73908182606101, 4685455.316649902611971 ] ] ] } },
{ "type": "Feature", "properties": { "cell_id": "G0721" }, "geometry": { "type": "Polygon", "coordinates": [ [ [ -8616212.73908182606101, 4685455.316649902611971 ], [ -8616212.73908182606101, 4687955.316649902611971 ], [ -8613712.73908182606101, 4687955.316649902611971 ], [ -8613712.73908182606101, 4685455.316649902611971 ], [ -8616212.73908182606101, 4685455.316649902611971 ] ] ] } },
{ "type": "Feature", "properties": { "cell_id": "G0722" }, "geometry": { "type": "Polygon", "coordinates": [ [ [ -8611212.73908182606101, 4685455.316649902611971 ], [ -8611212.73908182606101, 4687955.316649902611971 ], [ -8608712.73908182606101, 4687955.316649902611971 ], [ -8608712.73908182606101, 4685455.316649902611971 ], [ -8611212.73908182606101, 4685455.316649902611971 ] ] ] } },
{ "type": "Feature", "properties": { "cell_id": "G0723" }, "geometry": { "type": "Polygon", "coordinates": [ [ [ -8613712.73908182606101, 4687955.316649902611971 ], [ -8613712.73908182606101, 4690455.316649902611971 ], [ -8611212.73908182606101, 4690455.316649902611971 ], [ -8611212.73908182606101, 4687955.316649902611971 ], [ -8613712.73908182606101, 4687955.316649902611971 ] ] ] } },
{ "type": "Feature", "properties": { "cell_id": "G0724" }, "geometry": { "type": "Polygon", "coordinates": [ [ [ -8616212.73908182606101, 4687955.316649902611971 ], [ -8616212.73908182606101, 4690455.316649902611971 ], [ -8613712.73908182606101, 4690455.316649902611971 ], [ -8613712.73908182606101, 4687955.316649902611971 ], [ -8616212.73908182606101, 4687955.316649902611971 ] ] ] } },
{ "type": "Feature", "properties": { "cell_id": "G0725" }, "geometry": { "type": "Polygon", "coordinates": [ [ [ -8611212.73908182606101, 4687955.316649902611971 ], [ -8611212.73908182606101, 4690455.316649902611971 ], [ -8608712.73908182606101, 4690455.316649902611971 ], [ -8608712.73908182606101, 4687955.316649902611971 ], [ -8611212.73908182606101, 4687955.316649902611971 ] ] ] } },
{ "type": "Feature", "properties": { "cell_id": "G0726" }, "geometry": { "type": "Polygon", "coordinates": [ [ [ -8616212.73908182606101, 4690455.316649902611971 ], [ -8616212.73908182606101, 4692955.316649902611971 ], [ -8613712.73908182606101, 4692955.316649902611971 ], [ -8613712.73908182606101, 4690455.316649902611971 ], [ -8616212.73908182606101, 4690455.316649902611971 ] ] ] } },
{ "type": "Feature", "properties": { "cell_id": "G0727" }, "geometry": { "type": "Polygon", "coordinates": [ [ [ -8611212.73908182606101, 4690455.316649902611971 ], [ -8611212.73908182606101, 4692955.316649902611971 ], [ -8608712.73908182606101, 4692955.316649902611971 ], [ -8608712.73908182606101, 4690455.316649902611971 ], [ -8611212.73908182606101, 4690455.316649902611971 ] ] ] } },
{ "type": "Feature", "properties": { "cell_id": "G0728" }, "geometry": { "type": "Polygon", "coordinates": [ [ [ -8606212.73908182606101, 4682955.316649902611971 ], [ -8606212.73908182606101, 4685455.316649902611971 ], [ -8603712.73908182606101, 4685455.316649902611971 ], [ -8603712.73908182606101, 4682955.316649902611971 ], [ -8606212.73908182606101, 4682955.316649902611971 ] ] ] } },
{ "type": "Feature", "properties": { "cell_id": "G0729" }, "geometry": { "type": "Polygon", "coordinates": [ [ [ -8608712.73908182606101, 4685455.316649902611971 ], [ -8608712.73908182606101, 4687955.316649902611971 ], [ -8606212.73908182606101, 4687955.316649902611971 ], [ -8606212.73908182606101, 4685455.316649902611971 ], [ -8608712.73908182606101, 4685455.316649902611971 ] ] ] } },
{ "type": "Feature", "properties": { "cell_id": "G0730" }, "geometry": { "type": "Polygon", "coordinates": [ [ [ -8606212.73908182606101, 4685455.316649902611971 ], [ -8606212.73908182606101, 4687955.316649902611971 ], [ -8603712.73908182606101, 4687955.316649902611971 ], [ -8603712.73908182606101, 4685455.316649902611971 ], [ -8606212.73908182606101, 4685455.316649902611971 ] ] ] } },
{ "type": "Feature", "properties": { "cell_id": "G0731" }, "geometry": { "type": "Polygon", "coordinates": [ [ [ -8608712.73908182606101, 4687955.316649902611971 ], [ -8608712.73908182606101, 4690455.316649902611971 ], [ -8606212.73908182606101, 4690455.316649902611971 ], [ -8606212.73908182606101, 4687955.316649902611971 ], [ -8608712.73908182606101, 4687955.316649902611971 ] ] ] } },
{ "type": "Feature", "properties": { "cell_id": "G0732" }, "geometry": { "type": "Polygon", "coordinates": [ [ [ -8606212.73908182606101, 4687955.316649902611971 ], [ -8606212.73908182606101, 4690455.316649902611971 ], [ -8603712.73908182606101, 4690455.316649902611971 ], [ -8603712.73908182606101, 4687955.316649902611971 ], [ -8606212.73908182606101, 4687955.316649902611971 ] ] ] } },
{ "type": "Feature", "properties": { "cell_id": "G0733" }, "geometry": { "type": "Polygon", "coordinates": [ [ [ -8603712.73908182606101, 4690455.316649902611971 ], [ -8603712.73908182606101, 4692955.316649902611971 ], [ -8601212.73908182606101, 4692955.316649902611971 ], [ -8601212.73908182606101, 4690455.316649902611971 ], [ -8603712.73908182606101, 4690455.316649902611971 ] ] ] } },
{ "type": "Feature", "properties": { "cell_id": "G0734" }, "geometry": { "type": "Polygon", "coordinates": [ [ [ -8606212.73908182606101, 4690455.316649902611971 ], [ -8606212.73908182606101, 4692955.316649902611971 ], [ -8603712.73908182606101, 4692955.316649902611971 ], [ -8603712.73908182606101, 4690455.316649902611971 ], [ -8606212.73908182606101, 4690455.316649902611971 ] ] ] } },
{ "type": "Feature", "properties": { "cell_id": "G0735" }, "geometry": { "type": "Polygon", "coordinates": [ [ [ -8608712.73908182606101, 4690455.316649902611971 ], [ -8608712.73908182606101, 4692955.316649902611971 ], [ -8606212.73908182606101, 4692955.316649902611971 ], [ -8606212.73908182606101, 4690455.316649902611971 ], [ -8608712.73908182606101, 4690455.316649902611971 ] ] ] } },
{ "type": "Feature", "properties": { "cell_id": "G0736" }, "geometry": { "type": "Polygon", "coordinates": [ [ [ -8603712.73908182606101, 4692955.316649902611971 ], [ -8603712.73908182606101, 4695455.316649902611971 ], [ -8601212.73908182606101, 4695455.316649902611971 ], [ -8601212.73908182606101, 4692955.316649902611971 ], [ -8603712.73908182606101, 4692955.316649902611971 ] ] ] } },
{ "type": "Feature", "properties": { "cell_id": "G0737" }, "geometry": { "type": "Polygon", "coordinates": [ [ [ -8608712.73908182606101, 4692955.316649902611971 ], [ -8608712.73908182606101, 4695455.316649902611971 ], [ -8606212.73908182606101, 4695455.316649902611971 ], [ -8606212.73908182606101, 4692955.316649902611971 ], [ -8608712.73908182606101, 4692955.316649902611971 ] ] ] } },
{ "type": "Feature", "properties": { "cell_id": "G0738" }, "geometry": { "type": "Polygon", "coordinates": [ [ [ -8598712.73908182606101, 4685455.316649902611971 ], [ -8598712.73908182606101, 4687955.316649902611971 ], [ -8596212.73908182606101, 4687955.316649902611971 ], [ -8596212.73908182606101, 4685455.316649902611971 ], [ -8598712.73908182606101, 4685455.316649902611971 ] ] ] } },
{ "type": "Feature", "properties": { "cell_id": "G0739" }, "geometry": { "type": "Polygon", "coordinates": [ [ [ -8603712.73908182606101, 4685455.316649902611971 ], [ -8603712.73908182606101, 4687955.316649902611971 ], [ -8601212.73908182606101, 4687955.316649902611971 ], [ -8601212.73908182606101, 4685455.316649902611971 ], [ -8603712.73908182606101, 4685455.316649902611971 ] ] ] } },
{ "type": "Feature", "properties": { "cell_id": "G0740" }, "geometry": { "type": "Polygon", "coordinates": [ [ [ -8601212.73908182606101, 4685455.316649902611971 ], [ -8601212.73908182606101, 4687955.316649902611971 ], [ -8598712.73908182606101, 4687955.316649902611971 ], [ -8598712.73908182606101, 4685455.316649902611971 ], [ -8601212.73908182606101, 4685455.316649902611971 ] ] ] } },
{ "type": "Feature", "properties": { "cell_id": "G0741" }, "geometry": { "type": "Polygon", "coordinates": [ [ [ -8603712.73908182606101, 4687955.316649902611971 ], [ -8603712.73908182606101, 4690455.316649902611971 ], [ -8601212.73908182606101, 4690455.316649902611971 ], [ -8601212.73908182606101, 4687955.316649902611971 ], [ -8603712.73908182606101, 4687955.316649902611971 ] ] ] } },
{ "type": "Feature", "properties": { "cell_id": "G0742" }, "geometry": { "type": "Polygon", "coordinates": [ [ [ -8601212.73908182606101, 4687955.316649902611971 ], [ -8601212.73908182606101, 4690455.316649902611971 ], [ -8598712.73908182606101, 4690455.316649902611971 ], [ -8598712.73908182606101, 4687955.316649902611971 ], [ -8601212.73908182606101, 4687955.316649902611971 ] ] ] } },
{ "type": "Feature", "properties": { "cell_id": "G0743" }, "geometry": { "type": "Polygon", "coordinates": [ [ [ -8598712.73908182606101, 4687955.316649902611971 ], [ -8598712.73908182606101, 4690455.316649902611971 ], [ -8596212.73908182606101, 4690455.316649902611971 ], [ -8596212.73908182606101, 4687955.316649902611971 ], [ -8598712.73908182606101, 4687955.316649902611971 ] ] ] } },
{ "type": "Feature", "properties": { "cell_id": "G0744" }, "geometry": { "type": "Polygon", "coordinates": [ [ [ -8601212.73908182606101, 4690455.316649902611971 ], [ -8601212.73908182606101, 4692955.316649902611971 ], [ -8598712.73908182606101, 4692955.316649902611971 ], [ -8598712.73908182606101, 4690455.316649902611971 ], [ -8601212.73908182606101, 4690455.316649902611971 ] ] ] } },
{ "type": "Feature", "properties": { "cell_id": "G0745" }, "geometry": { "type": "Polygon", "coordinates": [ [ [ -8598712.73908182606101, 4690455.316649902611971 ], [ -8598712.73908182606101, 4692955.316649902611971 ], [ -8596212.73908182606101, 4692955.316649902611971 ], [ -8596212.73908182606101, 4690455.316649902611971 ], [ -8598712.73908182606101, 4690455.316649902611971 ] ] ] } },
{ "type": "Feature", "properties": { "cell_id": "G0746" }, "geometry": { "type": "Polygon", "coordinates": [ [ [ -8601212.73908182606101, 4692955.316649902611971 ], [ -8601212.73908182606101, 4695455.316649902611971 ], [ -8598712.73908182606101, 4695455.316649902611971 ], [ -8598712.73908182606101, 4692955.316649902611971 ], [ -8601212.73908182606101, 4692955.316649902611971 ] ] ] } },
{ "type": "Feature", "properties": { "cell_id": "G0747" }, "geometry": { "type": "Polygon", "coordinates": [ [ [ -8598712.73908182606101, 4692955.316649902611971 ], [ -8598712.73908182606101, 4695455.316649902611971 ], [ -8596212.73908182606101, 4695455.316649902611971 ], [ -8596212.73908182606101, 4692955.316649902611971 ], [ -8598712.73908182606101, 4692955.316649902611971 ] ] ] } },
{ "type": "Feature", "properties": { "cell_id": "G0748" }, "geometry": { "type": "Polygon", "coordinates": [ [ [ -8613712.73908182606101, 4690455.316649902611971 ], [ -8613712.73908182606101, 4692955.316649902611971 ], [ -8611212.73908182606101, 4692955.316649902611971 ], [ -8611212.73908182606101, 4690455.316649902611971 ], [ -8613712.73908182606101, 4690455.316649902611971 ] ] ] } },
{ "type": "Feature", "properties": { "cell_id": "G0749" }, "geometry": { "type": "Polygon", "coordinates": [ [ [ -8616212.73908182606101, 4692955.316649902611971 ], [ -8616212.73908182606101, 4695455.316649902611971 ], [ -8613712.73908182606101, 4695455.316649902611971 ], [ -8613712.73908182606101, 4692955.316649902611971 ], [ -8616212.73908182606101, 4692955.316649902611971 ] ] ] } },
{ "type": "Feature", "properties": { "cell_id": "G0750" }, "geometry": { "type": "Polygon", "coordinates": [ [ [ -8613712.73908182606101, 4692955.316649902611971 ], [ -8613712.73908182606101, 4695455.316649902611971 ], [ -8611212.73908182606101, 4695455.316649902611971 ], [ -8611212.73908182606101, 4692955.316649902611971 ], [ -8613712.73908182606101, 4692955.316649902611971 ] ] ] } },
{ "type": "Feature", "properties": { "cell_id": "G0751" }, "geometry": { "type": "Polygon", "coordinates": [ [ [ -8611212.73908182606101, 4692955.316649902611971 ], [ -8611212.73908182606101, 4695455.316649902611971 ], [ -8608712.73908182606101, 4695455.316649902611971 ], [ -8608712.73908182606101, 4692955.316649902611971 ], [ -8611212.73908182606101, 4692955.316649902611971 ] ] ] } },
{ "type": "Feature", "properties": { "cell_id": "G0752" }, "geometry": { "type": "Polygon", "coordinates": [ [ [ -8611212.73908182606101, 4695455.316649902611971 ], [ -8611212.73908182606101, 4697955.316649902611971 ], [ -8608712.73908182606101, 4697955.316649902611971 ], [ -8608712.73908182606101, 4695455.316649902611971 ], [ -8611212.73908182606101, 4695455.316649902611971 ] ] ] } },
{ "type": "Feature", "properties": { "cell_id": "G0753" }, "geometry": { "type": "Polygon", "coordinates": [ [ [ -8616212.73908182606101, 4695455.316649902611971 ], [ -8616212.73908182606101, 4697955.316649902611971 ], [ -8613712.73908182606101, 4697955.316649902611971 ], [ -8613712.73908182606101, 4695455.316649902611971 ], [ -8616212.73908182606101, 4695455.316649902611971 ] ] ] } },
{ "type": "Feature", "properties": { "cell_id": "G0754" }, "geometry": { "type": "Polygon", "coordinates": [ [ [ -8613712.73908182606101, 4695455.316649902611971 ], [ -8613712.73908182606101, 4697955.316649902611971 ], [ -8611212.73908182606101, 4697955.316649902611971 ], [ -8611212.73908182606101, 4695455.316649902611971 ], [ -8613712.73908182606101, 4695455.316649902611971 ] ] ] } },
{ "type": "Feature", "properties": { "cell_id": "G0755" }, "geometry": { "type": "Polygon", "coordinates": [ [ [ -8611212.73908182606101, 4697955.316649902611971 ], [ -8611212.73908182606101, 4700455.316649902611971 ], [ -8608712.73908182606101, 4700455.316649902611971 ], [ -8608712.73908182606101, 4697955.316649902611971 ], [ -8611212.73908182606101, 4697955.316649902611971 ] ] ] } },
{ "type": "Feature", "properties": { "cell_id": "G0756" }, "geometry": { "type": "Polygon", "coordinates": [ [ [ -8616212.73908182606101, 4697955.316649902611971 ], [ -8616212.73908182606101, 4700455.316649902611971 ], [ -8613712.73908182606101, 4700455.316649902611971 ], [ -8613712.73908182606101, 4697955.316649902611971 ], [ -8616212.73908182606101, 4697955.316649902611971 ] ] ] } },
{ "type": "Feature", "properties": { "cell_id": "G0757" }, "geometry": { "type": "Polygon", "coordinates": [ [ [ -8613712.73908182606101, 4697955.316649902611971 ], [ -8613712.73908182606101, 4700455.316649902611971 ], [ -8611212.73908182606101, 4700455.316649902611971 ], [ -8611212.73908182606101, 4697955.316649902611971 ], [ -8613712.73908182606101, 4697955.316649902611971 ] ] ] } },
{ "type": "Feature", "properties": { "cell_id": "G0758" }, "geometry": { "type": "Polygon", "coordinates": [ [ [ -8606212.73908182606101, 4692955.316649902611971 ], [ -8606212.73908182606101, 4695455.316649902611971 ], [ -8603712.73908182606101, 4695455.316649902611971 ], [ -8603712.73908182606101, 4692955.316649902611971 ], [ -8606212.73908182606101, 4692955.316649902611971 ] ] ] } },
{ "type": "Feature", "properties": { "cell_id": "G0759" }, "geometry": { "type": "Polygon", "coordinates": [ [ [ -8608712.73908182606101, 4695455.316649902611971 ], [ -8608712.73908182606101, 4697955.316649902611971 ], [ -8606212.73908182606101, 4697955.316649902611971 ], [ -8606212.73908182606101, 4695455.316649902611971 ], [ -8608712.73908182606101, 4695455.316649902611971 ] ] ] } },
{ "type": "Feature", "properties": { "cell_id": "G0760" }, "geometry": { "type": "Polygon", "coordinates": [ [ [ -8603712.73908182606101, 4695455.316649902611971 ], [ -8603712.73908182606101, 4697955.316649902611971 ], [ -8601212.73908182606101, 4697955.316649902611971 ], [ -8601212.73908182606101, 4695455.316649902611971 ], [ -8603712.73908182606101, 4695455.316649902611971 ] ] ] } },
{ "type": "Feature", "properties": { "cell_id": "G0761" }, "geometry": { "type": "Polygon", "coordinates": [ [ [ -8606212.73908182606101, 4695455.316649902611971 ], [ -8606212.73908182606101, 4697955.316649902611971 ], [ -8603712.73908182606101, 4697955.316649902611971 ], [ -8603712.73908182606101, 4695455.316649902611971 ], [ -8606212.73908182606101, 4695455.316649902611971 ] ] ] } },
{ "type": "Feature", "properties": { "cell_id": "G0762" }, "geometry": { "type": "Polygon", "coordinates": [ [ [ -8603712.73908182606101, 4697955.316649902611971 ], [ -8603712.73908182606101, 4700455.316649902611971 ], [ -8601212.73908182606101, 4700455.316649902611971 ], [ -8601212.73908182606101, 4697955.316649902611971 ], [ -8603712.73908182606101, 4697955.316649902611971 ] ] ] } },
{ "type": "Feature", "properties": { "cell_id": "G0763" }, "geometry": { "type": "Polygon", "coordinates": [ [ [ -8606212.73908182606101, 4697955.316649902611971 ], [ -8606212.73908182606101, 4700455.316649902611971 ], [ -8603712.73908182606101, 4700455.316649902611971 ], [ -8603712.73908182606101, 4697955.316649902611971 ], [ -8606212.73908182606101, 4697955.316649902611971 ] ] ] } },
{ "type": "Feature", "properties": { "cell_id": "G0764" }, "geometry": { "type": "Polygon", "coordinates": [ [ [ -8608712.73908182606101, 4697955.316649902611971 ], [ -8608712.73908182606101, 4700455.316649902611971 ], [ -8606212.73908182606101, 4700455.316649902611971 ], [ -8606212.73908182606101, 4697955.316649902611971 ], [ -8608712.73908182606101, 4697955.316649902611971 ] ] ] } },
{ "type": "Feature", "properties": { "cell_id": "G0765" }, "geometry": { "type": "Polygon", "coordinates": [ [ [ -8603712.73908182606101, 4700455.316649902611971 ], [ -8603712.73908182606101, 4702955.316649902611971 ], [ -8601212.73908182606101, 4702955.316649902611971 ], [ -8601212.73908182606101, 4700455.316649902611971 ], [ -8603712.73908182606101, 4700455.316649902611971 ] ] ] } },
{ "type": "Feature", "properties": { "cell_id": "G0766" }, "geometry": { "type": "Polygon", "coordinates": [ [ [ -8608712.73908182606101, 4700455.316649902611971 ], [ -8608712.73908182606101, 4702955.316649902611971 ], [ -8606212.73908182606101, 4702955.316649902611971 ], [ -8606212.73908182606101, 4700455.316649902611971 ], [ -8608712.73908182606101, 4700455.316649902611971 ] ] ] } },
{ "type": "Feature", "properties": { "cell_id": "G0767" }, "geometry": { "type": "Polygon", "coordinates": [ [ [ -8606212.73908182606101, 4700455.316649902611971 ], [ -8606212.73908182606101, 4702955.316649902611971 ], [ -8603712.73908182606101, 4702955.316649902611971 ], [ -8603712.73908182606101, 4700455.316649902611971 ], [ -8606212.73908182606101, 4700455.316649902611971 ] ] ] } },
{ "type": "Feature", "properties": { "cell_id": "G0768" }, "geometry": { "type": "Polygon", "coordinates": [ [ [ -8601212.73908182606101, 4695455.316649902611971 ], [ -8601212.73908182606101, 4697955.316649902611971 ], [ -8598712.73908182606101, 4697955.316649902611971 ], [ -8598712.73908182606101, 4695455.316649902611971 ], [ -8601212.73908182606101, 4695455.316649902611971 ] ] ] } },
{ "type": "Feature", "properties": { "cell_id": "G0769" }, "geometry": { "type": "Polygon", "coordinates": [ [ [ -8598712.73908182606101, 4695455.316649902611971 ], [ -8598712.73908182606101, 4697955.316649902611971 ], [ -8596212.73908182606101, 4697955.316649902611971 ], [ -8596212.73908182606101, 4695455.316649902611971 ], [ -8598712.73908182606101, 4695455.316649902611971 ] ] ] } },
{ "type": "Feature", "properties": { "cell_id": "G0770" }, "geometry": { "type": "Polygon", "coordinates": [ [ [ -8601212.73908182606101, 4697955.316649902611971 ], [ -8601212.73908182606101, 4700455.316649902611971 ], [ -8598712.73908182606101, 4700455.316649902611971 ], [ -8598712.73908182606101, 4697955.316649902611971 ], [ -8601212.73908182606101, 4697955.316649902611971 ] ] ] } },
{ "type": "Feature", "properties": { "cell_id": "G0771" }, "geometry": { "type": "Polygon", "coordinates": [ [ [ -8598712.73908182606101, 4697955.316649902611971 ], [ -8598712.73908182606101, 4700455.316649902611971 ], [ -8596212.73908182606101, 4700455.316649902611971 ], [ -8596212.73908182606101, 4697955.316649902611971 ], [ -8598712.73908182606101, 4697955.316649902611971 ] ] ] } },
{ "type": "Feature", "properties": { "cell_id": "G0772" }, "geometry": { "type": "Polygon", "coordinates": [ [ [ -8601212.73908182606101, 4700455.316649902611971 ], [ -8601212.73908182606101, 4702955.316649902611971 ], [ -8598712.73908182606101, 4702955.316649902611971 ], [ -8598712.73908182606101, 4700455.316649902611971 ], [ -8601212.73908182606101, 4700455.316649902611971 ] ] ] } },
{ "type": "Feature", "properties": { "cell_id": "G0773" }, "geometry": { "type": "Polygon", "coordinates": [ [ [ -8598712.73908182606101, 4700455.316649902611971 ], [ -8598712.73908182606101, 4702955.316649902611971 ], [ -8596212.73908182606101, 4702955.316649902611971 ], [ -8596212.73908182606101, 4700455.316649902611971 ], [ -8598712.73908182606101, 4700455.316649902611971 ] ] ] } },
{ "type": "Feature", "properties": { "cell_id": "G0774" }, "geometry": { "type": "Polygon", "coordinates": [ [ [ -8598712.73908182606101, 4702955.316649902611971 ], [ -8598712.73908182606101, 4705455.316649902611971 ], [ -8596212.73908182606101, 4705455.316649902611971 ], [ -8596212.73908182606101, 4702955.316649902611971 ], [ -8598712.73908182606101, 4702955.316649902611971 ] ] ] } },
{ "type": "Feature", "properties": { "cell_id": "G0775" }, "geometry": { "type": "Polygon", "coordinates": [ [ [ -8601212.73908182606101, 4702955.316649902611971 ], [ -8601212.73908182606101, 4705455.316649902611971 ], [ -8598712.73908182606101, 4705455.316649902611971 ], [ -8598712.73908182606101, 4702955.316649902611971 ], [ -8601212.73908182606101, 4702955.316649902611971 ] ] ] } },
{ "type": "Feature", "properties": { "cell_id": "G0776" }, "geometry": { "type": "Polygon", "coordinates": [ [ [ -8598712.73908182606101, 4705455.316649902611971 ], [ -8598712.73908182606101, 4707955.316649902611971 ], [ -8596212.73908182606101, 4707955.316649902611971 ], [ -8596212.73908182606101, 4705455.316649902611971 ], [ -8598712.73908182606101, 4705455.316649902611971 ] ] ] } },
{ "type": "Feature", "properties": { "cell_id": "G0777" }, "geometry": { "type": "Polygon", "coordinates": [ [ [ -8601212.73908182606101, 4705455.316649902611971 ], [ -8601212.73908182606101, 4707955.316649902611971 ], [ -8598712.73908182606101, 4707955.316649902611971 ], [ -8598712.73908182606101, 4705455.316649902611971 ], [ -8601212.73908182606101, 4705455.316649902611971 ] ] ] } },
{ "type": "Feature", "properties": { "cell_id": "G0778" }, "geometry": { "type": "Polygon", "coordinates": [ [ [ -8613712.73908182606101, 4700455.316649902611971 ], [ -8613712.73908182606101, 4702955.316649902611971 ], [ -8611212.73908182606101, 4702955.316649902611971 ], [ -8611212.73908182606101, 4700455.316649902611971 ], [ -8613712.73908182606101, 4700455.316649902611971 ] ] ] } },
{ "type": "Feature", "properties": { "cell_id": "G0779" }, "geometry": { "type": "Polygon", "coordinates": [ [ [ -8616212.73908182606101, 4700455.316649902611971 ], [ -8616212.73908182606101, 4702955.316649902611971 ], [ -8613712.73908182606101, 4702955.316649902611971 ], [ -8613712.73908182606101, 4700455.316649902611971 ], [ -8616212.73908182606101, 4700455.316649902611971 ] ] ] } },
{ "type": "Feature", "properties": { "cell_id": "G0780" }, "geometry": { "type": "Polygon", "coordinates": [ [ [ -8611212.73908182606101, 4700455.316649902611971 ], [ -8611212.73908182606101, 4702955.316649902611971 ], [ -8608712.73908182606101, 4702955.316649902611971 ], [ -8608712.73908182606101, 4700455.316649902611971 ], [ -8611212.73908182606101, 4700455.316649902611971 ] ] ] } },
{ "type": "Feature", "properties": { "cell_id": "G0781" }, "geometry": { "type": "Polygon", "coordinates": [ [ [ -8613712.73908182606101, 4702955.316649902611971 ], [ -8613712.73908182606101, 4705455.316649902611971 ], [ -8611212.73908182606101, 4705455.316649902611971 ], [ -8611212.73908182606101, 4702955.316649902611971 ], [ -8613712.73908182606101, 4702955.316649902611971 ] ] ] } },
{ "type": "Feature", "properties": { "cell_id": "G0782" }, "geometry": { "type": "Polygon", "coordinates": [ [ [ -8616212.73908182606101, 4702955.316649902611971 ], [ -8616212.73908182606101, 4705455.316649902611971 ], [ -8613712.73908182606101, 4705455.316649902611971 ], [ -8613712.73908182606101, 4702955.316649902611971 ], [ -8616212.73908182606101, 4702955.316649902611971 ] ] ] } },
{ "type": "Feature", "properties": { "cell_id": "G0783" }, "geometry": { "type": "Polygon", "coordinates": [ [ [ -8611212.73908182606101, 4702955.316649902611971 ], [ -8611212.73908182606101, 4705455.316649902611971 ], [ -8608712.73908182606101, 4705455.316649902611971 ], [ -8608712.73908182606101, 4702955.316649902611971 ], [ -8611212.73908182606101, 4702955.316649902611971 ] ] ] } },
{ "type": "Feature", "properties": { "cell_id": "G0784" }, "geometry": { "type": "Polygon", "coordinates": [ [ [ -8611212.73908182606101, 4705455.316649902611971 ], [ -8611212.73908182606101, 4707955.316649902611971 ], [ -8608712.73908182606101, 4707955.316649902611971 ], [ -8608712.73908182606101, 4705455.316649902611971 ], [ -8611212.73908182606101, 4705455.316649902611971 ] ] ] } },
{ "type": "Feature", "properties": { "cell_id": "G0785" }, "geometry": { "type": "Polygon", "coordinates": [ [ [ -8616212.73908182606101, 4705455.316649902611971 ], [ -8616212.73908182606101, 4707955.316649902611971 ], [ -8613712.73908182606101, 4707955.316649902611971 ], [ -8613712.73908182606101, 4705455.316649902611971 ], [ -8616212.73908182606101, 4705455.316649902611971 ] ] ] } },
{ "type": "Feature", "properties": { "cell_id": "G0786" }, "geometry": { "type": "Polygon", "coordinates": [ [ [ -8613712.73908182606101, 4705455.316649902611971 ], [ -8613712.73908182606101, 4707955.316649902611971 ], [ -8611212.73908182606101, 4707955.316649902611971 ], [ -8611212.73908182606101, 4705455.316649902611971 ], [ -8613712.73908182606101, 4705455.316649902611971 ] ] ] } },
{ "type": "Feature", "properties": { "cell_id": "G0787" }, "geometry": { "type": "Polygon", "coordinates": [ [ [ -8611212.73908182606101, 4707955.316649902611971 ], [ -8611212.73908182606101, 4710455.316649902611971 ], [ -8608712.73908182606101, 4710455.316649902611971 ], [ -8608712.73908182606101, 4707955.316649902611971 ], [ -8611212.73908182606101, 4707955.316649902611971 ] ] ] } },
{ "type": "Feature", "properties": { "cell_id": "G0788" }, "geometry": { "type": "Polygon", "coordinates": [ [ [ -8608712.73908182606101, 4702955.316649902611971 ], [ -8608712.73908182606101, 4705455.316649902611971 ], [ -8606212.73908182606101, 4705455.316649902611971 ], [ -8606212.73908182606101, 4702955.316649902611971 ], [ -8608712.73908182606101, 4702955.316649902611971 ] ] ] } },
{ "type": "Feature", "properties": { "cell_id": "G0789" }, "geometry": { "type": "Polygon", "coordinates": [ [ [ -8603712.73908182606101, 4702955.316649902611971 ], [ -8603712.73908182606101, 4705455.316649902611971 ], [ -8601212.73908182606101, 4705455.316649902611971 ], [ -8601212.73908182606101, 4702955.316649902611971 ], [ -8603712.73908182606101, 4702955.316649902611971 ] ] ] } },
{ "type": "Feature", "properties": { "cell_id": "G0790" }, "geometry": { "type": "Polygon", "coordinates": [ [ [ -8606212.73908182606101, 4702955.316649902611971 ], [ -8606212.73908182606101, 4705455.316649902611971 ], [ -8603712.73908182606101, 4705455.316649902611971 ], [ -8603712.73908182606101, 4702955.316649902611971 ], [ -8606212.73908182606101, 4702955.316649902611971 ] ] ] } },
{ "type": "Feature", "properties": { "cell_id": "G0791" }, "geometry": { "type": "Polygon", "coordinates": [ [ [ -8608712.73908182606101, 4705455.316649902611971 ], [ -8608712.73908182606101, 4707955.316649902611971 ], [ -8606212.73908182606101, 4707955.316649902611971 ], [ -8606212.73908182606101, 4705455.316649902611971 ], [ -8608712.73908182606101, 4705455.316649902611971 ] ] ] } },
{ "type": "Feature", "properties": { "cell_id": "G0792" }, "geometry": { "type": "Polygon", "coordinates": [ [ [ -8606212.73908182606101, 4705455.316649902611971 ], [ -8606212.73908182606101, 4707955.316649902611971 ], [ -8603712.73908182606101, 4707955.316649902611971 ], [ -8603712.73908182606101, 4705455.316649902611971 ], [ -8606212.73908182606101, 4705455.316649902611971 ] ] ] } },
{ "type": "Feature", "properties": { "cell_id": "G0793" }, "geometry": { "type": "Polygon", "coordinates": [ [ [ -8603712.73908182606101, 4705455.316649902611971 ], [ -8603712.73908182606101, 4707955.316649902611971 ], [ -8601212.73908182606101, 4707955.316649902611971 ], [ -8601212.73908182606101, 4705455.316649902611971 ], [ -8603712.73908182606101, 4705455.316649902611971 ] ] ] } },
{ "type": "Feature", "properties": { "cell_id": "G0794" }, "geometry": { "type": "Polygon", "coordinates": [ [ [ -8608712.73908182606101, 4707955.316649902611971 ], [ -8608712.73908182606101, 4710455.316649902611971 ], [ -8606212.73908182606101, 4710455.316649902611971 ], [ -8606212.73908182606101, 4707955.316649902611971 ], [ -8608712.73908182606101, 4707955.316649902611971 ] ] ] } },
{ "type": "Feature", "properties": { "cell_id": "G0795" }, "geometry": { "type": "Polygon", "coordinates": [ [ [ -8603712.73908182606101, 4707955.316649902611971 ], [ -8603712.73908182606101, 4710455.316649902611971 ], [ -8601212.73908182606101, 4710455.316649902611971 ], [ -8601212.73908182606101, 4707955.316649902611971 ], [ -8603712.73908182606101, 4707955.316649902611971 ] ] ] } },
{ "type": "Feature", "properties": { "cell_id": "G0796" }, "geometry": { "type": "Polygon", "coordinates": [ [ [ -8606212.73908182606101, 4707955.316649902611971 ], [ -8606212.73908182606101, 4710455.316649902611971 ], [ -8603712.73908182606101, 4710455.316649902611971 ], [ -8603712.73908182606101, 4707955.316649902611971 ], [ -8606212.73908182606101, 4707955.316649902611971 ] ] ] } },
{ "type": "Feature", "properties": { "cell_id": "G0797" }, "geometry": { "type": "Polygon", "coordinates": [ [ [ -8606212.73908182606101, 4710455.316649902611971 ], [ -8606212.73908182606101, 4712955.316649902611971 ], [ -8603712.73908182606101, 4712955.316649902611971 ], [ -8603712.73908182606101, 4710455.316649902611971 ], [ -8606212.73908182606101, 4710455.316649902611971 ] ] ] } },
{ "type": "Feature", "properties": { "cell_id": "G0798" }, "geometry": { "type": "Polygon", "coordinates": [ [ [ -8636212.73908182606101, 4707955.316649902611971 ], [ -8636212.73908182606101, 4710455.316649902611971 ], [ -8633712.73908182606101, 4710455.316649902611971 ], [ -8633712.73908182606101, 4707955.316649902611971 ], [ -8636212.73908182606101, 4707955.316649902611971 ] ] ] } },
{ "type": "Feature", "properties": { "cell_id": "G0799" }, "geometry": { "type": "Polygon", "coordinates": [ [ [ -8633712.73908182606101, 4707955.316649902611971 ], [ -8633712.73908182606101, 4710455.316649902611971 ], [ -8631212.73908182606101, 4710455.316649902611971 ], [ -8631212.73908182606101, 4707955.316649902611971 ], [ -8633712.73908182606101, 4707955.316649902611971 ] ] ] } },
{ "type": "Feature", "properties": { "cell_id": "G0800" }, "geometry": { "type": "Polygon", "coordinates": [ [ [ -8631212.73908182606101, 4707955.316649902611971 ], [ -8631212.73908182606101, 4710455.316649902611971 ], [ -8628712.73908182606101, 4710455.316649902611971 ], [ -8628712.73908182606101, 4707955.316649902611971 ], [ -8631212.73908182606101, 4707955.316649902611971 ] ] ] } },
{ "type": "Feature", "properties": { "cell_id": "G0801" }, "geometry": { "type": "Polygon", "coordinates": [ [ [ -8633712.73908182606101, 4710455.316649902611971 ], [ -8633712.73908182606101, 4712955.316649902611971 ], [ -8631212.73908182606101, 4712955.316649902611971 ], [ -8631212.73908182606101, 4710455.316649902611971 ], [ -8633712.73908182606101, 4710455.316649902611971 ] ] ] } },
{ "type": "Feature", "properties": { "cell_id": "G0802" }, "geometry": { "type": "Polygon", "coordinates": [ [ [ -8636212.73908182606101, 4710455.316649902611971 ], [ -8636212.73908182606101, 4712955.316649902611971 ], [ -8633712.73908182606101, 4712955.316649902611971 ], [ -8633712.73908182606101, 4710455.316649902611971 ], [ -8636212.73908182606101, 4710455.316649902611971 ] ] ] } },
{ "type": "Feature", "properties": { "cell_id": "G0803" }, "geometry": { "type": "Polygon", "coordinates": [ [ [ -8631212.73908182606101, 4710455.316649902611971 ], [ -8631212.73908182606101, 4712955.316649902611971 ], [ -8628712.73908182606101, 4712955.316649902611971 ], [ -8628712.73908182606101, 4710455.316649902611971 ], [ -8631212.73908182606101, 4710455.316649902611971 ] ] ] } },
{ "type": "Feature", "properties": { "cell_id": "G0804" }, "geometry": { "type": "Polygon", "coordinates": [ [ [ -8636212.73908182606101, 4712955.316649902611971 ], [ -8636212.73908182606101, 4715455.316649902611971 ], [ -8633712.73908182606101, 4715455.316649902611971 ], [ -8633712.73908182606101, 4712955.316649902611971 ], [ -8636212.73908182606101, 4712955.316649902611971 ] ] ] } },
{ "type": "Feature", "properties": { "cell_id": "G0805" }, "geometry": { "type": "Polygon", "coordinates": [ [ [ -8633712.73908182606101, 4712955.316649902611971 ], [ -8633712.73908182606101, 4715455.316649902611971 ], [ -8631212.73908182606101, 4715455.316649902611971 ], [ -8631212.73908182606101, 4712955.316649902611971 ], [ -8633712.73908182606101, 4712955.316649902611971 ] ] ] } },
{ "type": "Feature", "properties": { "cell_id": "G0806" }, "geometry": { "type": "Polygon", "coordinates": [ [ [ -8631212.73908182606101, 4712955.316649902611971 ], [ -8631212.73908182606101, 4715455.316649902611971 ], [ -8628712.73908182606101, 4715455.316649902611971 ], [ -8628712.73908182606101, 4712955.316649902611971 ], [ -8631212.73908182606101, 4712955.316649902611971 ] ] ] } },
{ "type": "Feature", "properties": { "cell_id": "G0807" }, "geometry": { "type": "Polygon", "coordinates": [ [ [ -8636212.73908182606101, 4715455.316649902611971 ], [ -8636212.73908182606101, 4717955.316649902611971 ], [ -8633712.73908182606101, 4717955.316649902611971 ], [ -8633712.73908182606101, 4715455.316649902611971 ], [ -8636212.73908182606101, 4715455.316649902611971 ] ] ] } },
{ "type": "Feature", "properties": { "cell_id": "G0808" }, "geometry": { "type": "Polygon", "coordinates": [ [ [ -8618712.73908182606101, 4707955.316649902611971 ], [ -8618712.73908182606101, 4710455.316649902611971 ], [ -8616212.73908182606101, 4710455.316649902611971 ], [ -8616212.73908182606101, 4707955.316649902611971 ], [ -8618712.73908182606101, 4707955.316649902611971 ] ] ] } },
{ "type": "Feature", "properties": { "cell_id": "G0809" }, "geometry": { "type": "Polygon", "coordinates": [ [ [ -8623712.73908182606101, 4707955.316649902611971 ], [ -8623712.73908182606101, 4710455.316649902611971 ], [ -8621212.73908182606101, 4710455.316649902611971 ], [ -8621212.73908182606101, 4707955.316649902611971 ], [ -8623712.73908182606101, 4707955.316649902611971 ] ] ] } },
{ "type": "Feature", "properties": { "cell_id": "G0810" }, "geometry": { "type": "Polygon", "coordinates": [ [ [ -8616212.73908182606101, 4710455.316649902611971 ], [ -8616212.73908182606101, 4712955.316649902611971 ], [ -8613712.73908182606101, 4712955.316649902611971 ], [ -8613712.73908182606101, 4710455.316649902611971 ], [ -8616212.73908182606101, 4710455.316649902611971 ] ] ] } },
{ "type": "Feature", "properties": { "cell_id": "G0811" }, "geometry": { "type": "Polygon", "coordinates": [ [ [ -8618712.73908182606101, 4710455.316649902611971 ], [ -8618712.73908182606101, 4712955.316649902611971 ], [ -8616212.73908182606101, 4712955.316649902611971 ], [ -8616212.73908182606101, 4710455.316649902611971 ], [ -8618712.73908182606101, 4710455.316649902611971 ] ] ] } },
{ "type": "Feature", "properties": { "cell_id": "G0812" }, "geometry": { "type": "Polygon", "coordinates": [ [ [ -8621212.73908182606101, 4710455.316649902611971 ], [ -8621212.73908182606101, 4712955.316649902611971 ], [ -8618712.73908182606101, 4712955.316649902611971 ], [ -8618712.73908182606101, 4710455.316649902611971 ], [ -8621212.73908182606101, 4710455.316649902611971 ] ] ] } },
{ "type": "Feature", "properties": { "cell_id": "G0813" }, "geometry": { "type": "Polygon", "coordinates": [ [ [ -8616212.73908182606101, 4712955.316649902611971 ], [ -8616212.73908182606101, 4715455.316649902611971 ], [ -8613712.73908182606101, 4715455.316649902611971 ], [ -8613712.73908182606101, 4712955.316649902611971 ], [ -8616212.73908182606101, 4712955.316649902611971 ] ] ] } },
{ "type": "Feature", "properties": { "cell_id": "G0814" }, "geometry": { "type": "Polygon", "coordinates": [ [ [ -8621212.73908182606101, 4712955.316649902611971 ], [ -8621212.73908182606101, 4715455.316649902611971 ], [ -8618712.73908182606101, 4715455.316649902611971 ], [ -8618712.73908182606101, 4712955.316649902611971 ], [ -8621212.73908182606101, 4712955.316649902611971 ] ] ] } },
{ "type": "Feature", "properties": { "cell_id": "G0815" }, "geometry": { "type": "Polygon", "coordinates": [ [ [ -8618712.73908182606101, 4712955.316649902611971 ], [ -8618712.73908182606101, 4715455.316649902611971 ], [ -8616212.73908182606101, 4715455.316649902611971 ], [ -8616212.73908182606101, 4712955.316649902611971 ], [ -8618712.73908182606101, 4712955.316649902611971 ] ] ] } },
{ "type": "Feature", "properties": { "cell_id": "G0816" }, "geometry": { "type": "Polygon", "coordinates": [ [ [ -8618712.73908182606101, 4715455.316649902611971 ], [ -8618712.73908182606101, 4717955.316649902611971 ], [ -8616212.73908182606101, 4717955.316649902611971 ], [ -8616212.73908182606101, 4715455.316649902611971 ], [ -8618712.73908182606101, 4715455.316649902611971 ] ] ] } },
{ "type": "Feature", "properties": { "cell_id": "G0817" }, "geometry": { "type": "Polygon", "coordinates": [ [ [ -8616212.73908182606101, 4715455.316649902611971 ], [ -8616212.73908182606101, 4717955.316649902611971 ], [ -8613712.73908182606101, 4717955.316649902611971 ], [ -8613712.73908182606101, 4715455.316649902611971 ], [ -8616212.73908182606101, 4715455.316649902611971 ] ] ] } },
{ "type": "Feature", "properties": { "cell_id": "G0818" }, "geometry": { "type": "Polygon", "coordinates": [ [ [ -8621212.73908182606101, 4715455.316649902611971 ], [ -8621212.73908182606101, 4717955.316649902611971 ], [ -8618712.73908182606101, 4717955.316649902611971 ], [ -8618712.73908182606101, 4715455.316649902611971 ], [ -8621212.73908182606101, 4715455.316649902611971 ] ] ] } },
{ "type": "Feature", "properties": { "cell_id": "G0819" }, "geometry": { "type": "Polygon", "coordinates": [ [ [ -8618712.73908182606101, 4717955.316649902611971 ], [ -8618712.73908182606101, 4720455.316649902611971 ], [ -8616212.73908182606101, 4720455.316649902611971 ], [ -8616212.73908182606101, 4717955.316649902611971 ], [ -8618712.73908182606101, 4717955.316649902611971 ] ] ] } },
{ "type": "Feature", "properties": { "cell_id": "G0820" }, "geometry": { "type": "Polygon", "coordinates": [ [ [ -8621212.73908182606101, 4717955.316649902611971 ], [ -8621212.73908182606101, 4720455.316649902611971 ], [ -8618712.73908182606101, 4720455.316649902611971 ], [ -8618712.73908182606101, 4717955.316649902611971 ], [ -8621212.73908182606101, 4717955.316649902611971 ] ] ] } },
{ "type": "Feature", "properties": { "cell_id": "G0821" }, "geometry": { "type": "Polygon", "coordinates": [ [ [ -8616212.73908182606101, 4717955.316649902611971 ], [ -8616212.73908182606101, 4720455.316649902611971 ], [ -8613712.73908182606101, 4720455.316649902611971 ], [ -8613712.73908182606101, 4717955.316649902611971 ], [ -8616212.73908182606101, 4717955.316649902611971 ] ] ] } },
{ "type": "Feature", "properties": { "cell_id": "G0822" }, "geometry": { "type": "Polygon", "coordinates": [ [ [ -8618712.73908182606101, 4720455.316649902611971 ], [ -8618712.73908182606101, 4722955.316649902611971 ], [ -8616212.73908182606101, 4722955.316649902611971 ], [ -8616212.73908182606101, 4720455.316649902611971 ], [ -8618712.73908182606101, 4720455.316649902611971 ] ] ] } },
{ "type": "Feature", "properties": { "cell_id": "G0823" }, "geometry": { "type": "Polygon", "coordinates": [ [ [ -8621212.73908182606101, 4720455.316649902611971 ], [ -8621212.73908182606101, 4722955.316649902611971 ], [ -8618712.73908182606101, 4722955.316649902611971 ], [ -8618712.73908182606101, 4720455.316649902611971 ], [ -8621212.73908182606101, 4720455.316649902611971 ] ] ] } },
{ "type": "Feature", "properties": { "cell_id": "G0824" }, "geometry": { "type": "Polygon", "coordinates": [ [ [ -8616212.73908182606101, 4720455.316649902611971 ], [ -8616212.73908182606101, 4722955.316649902611971 ], [ -8613712.73908182606101, 4722955.316649902611971 ], [ -8613712.73908182606101, 4720455.316649902611971 ], [ -8616212.73908182606101, 4720455.316649902611971 ] ] ] } },
{ "type": "Feature", "properties": { "cell_id": "G0825" }, "geometry": { "type": "Polygon", "coordinates": [ [ [ -8618712.73908182606101, 4722955.316649902611971 ], [ -8618712.73908182606101, 4725455.316649902611971 ], [ -8616212.73908182606101, 4725455.316649902611971 ], [ -8616212.73908182606101, 4722955.316649902611971 ], [ -8618712.73908182606101, 4722955.316649902611971 ] ] ] } },
{ "type": "Feature", "properties": { "cell_id": "G0826" }, "geometry": { "type": "Polygon", "coordinates": [ [ [ -8621212.73908182606101, 4722955.316649902611971 ], [ -8621212.73908182606101, 4725455.316649902611971 ], [ -8618712.73908182606101, 4725455.316649902611971 ], [ -8618712.73908182606101, 4722955.316649902611971 ], [ -8621212.73908182606101, 4722955.316649902611971 ] ] ] } },
{ "type": "Feature", "properties": { "cell_id": "G0827" }, "geometry": { "type": "Polygon", "coordinates": [ [ [ -8616212.73908182606101, 4722955.316649902611971 ], [ -8616212.73908182606101, 4725455.316649902611971 ], [ -8613712.73908182606101, 4725455.316649902611971 ], [ -8613712.73908182606101, 4722955.316649902611971 ], [ -8616212.73908182606101, 4722955.316649902611971 ] ] ] } },
{ "type": "Feature", "properties": { "cell_id": "G0828" }, "geometry": { "type": "Polygon", "coordinates": [ [ [ -8623712.73908182606101, 4715455.316649902611971 ], [ -8623712.73908182606101, 4717955.316649902611971 ], [ -8621212.73908182606101, 4717955.316649902611971 ], [ -8621212.73908182606101, 4715455.316649902611971 ], [ -8623712.73908182606101, 4715455.316649902611971 ] ] ] } },
{ "type": "Feature", "properties": { "cell_id": "G0829" }, "geometry": { "type": "Polygon", "coordinates": [ [ [ -8628712.73908182606101, 4715455.316649902611971 ], [ -8628712.73908182606101, 4717955.316649902611971 ], [ -8626212.73908182606101, 4717955.316649902611971 ], [ -8626212.73908182606101, 4715455.316649902611971 ], [ -8628712.73908182606101, 4715455.316649902611971 ] ] ] } },
{ "type": "Feature", "properties": { "cell_id": "G0830" }, "geometry": { "type": "Polygon", "coordinates": [ [ [ -8626212.73908182606101, 4717955.316649902611971 ], [ -8626212.73908182606101, 4720455.316649902611971 ], [ -8623712.73908182606101, 4720455.316649902611971 ], [ -8623712.73908182606101, 4717955.316649902611971 ], [ -8626212.73908182606101, 4717955.316649902611971 ] ] ] } },
{ "type": "Feature", "properties": { "cell_id": "G0831" }, "geometry": { "type": "Polygon", "coordinates": [ [ [ -8623712.73908182606101, 4717955.316649902611971 ], [ -8623712.73908182606101, 4720455.316649902611971 ], [ -8621212.73908182606101, 4720455.316649902611971 ], [ -8621212.73908182606101, 4717955.316649902611971 ], [ -8623712.73908182606101, 4717955.316649902611971 ] ] ] } },
{ "type": "Feature", "properties": { "cell_id": "G0832" }, "geometry": { "type": "Polygon", "coordinates": [ [ [ -8628712.73908182606101, 4717955.316649902611971 ], [ -8628712.73908182606101, 4720455.316649902611971 ], [ -8626212.73908182606101, 4720455.316649902611971 ], [ -8626212.73908182606101, 4717955.316649902611971 ], [ -8628712.73908182606101, 4717955.316649902611971 ] ] ] } },
{ "type": "Feature", "properties": { "cell_id": "G0833" }, "geometry": { "type": "Polygon", "coordinates": [ [ [ -8628712.73908182606101, 4720455.316649902611971 ], [ -8628712.73908182606101, 4722955.316649902611971 ], [ -8626212.73908182606101, 4722955.316649902611971 ], [ -8626212.73908182606101, 4720455.316649902611971 ], [ -8628712.73908182606101, 4720455.316649902611971 ] ] ] } },
{ "type": "Feature", "properties": { "cell_id": "G0834" }, "geometry": { "type": "Polygon", "coordinates": [ [ [ -8626212.73908182606101, 4720455.316649902611971 ], [ -8626212.73908182606101, 4722955.316649902611971 ], [ -8623712.73908182606101, 4722955.316649902611971 ], [ -8623712.73908182606101, 4720455.316649902611971 ], [ -8626212.73908182606101, 4720455.316649902611971 ] ] ] } },
{ "type": "Feature", "properties": { "cell_id": "G0835" }, "geometry": { "type": "Polygon", "coordinates": [ [ [ -8623712.73908182606101, 4720455.316649902611971 ], [ -8623712.73908182606101, 4722955.316649902611971 ], [ -8621212.73908182606101, 4722955.316649902611971 ], [ -8621212.73908182606101, 4720455.316649902611971 ], [ -8623712.73908182606101, 4720455.316649902611971 ] ] ] } },
{ "type": "Feature", "properties": { "cell_id": "G0836" }, "geometry": { "type": "Polygon", "coordinates": [ [ [ -8626212.73908182606101, 4722955.316649902611971 ], [ -8626212.73908182606101, 4725455.316649902611971 ], [ -8623712.73908182606101, 4725455.316649902611971 ], [ -8623712.73908182606101, 4722955.316649902611971 ], [ -8626212.73908182606101, 4722955.316649902611971 ] ] ] } },
{ "type": "Feature", "properties": { "cell_id": "G0837" }, "geometry": { "type": "Polygon", "coordinates": [ [ [ -8628712.73908182606101, 4722955.316649902611971 ], [ -8628712.73908182606101, 4725455.316649902611971 ], [ -8626212.73908182606101, 4725455.316649902611971 ], [ -8626212.73908182606101, 4722955.316649902611971 ], [ -8628712.73908182606101, 4722955.316649902611971 ] ] ] } },
{ "type": "Feature", "properties": { "cell_id": "G0838" }, "geometry": { "type": "Polygon", "coordinates": [ [ [ -8631212.73908182606101, 4715455.316649902611971 ], [ -8631212.73908182606101, 4717955.316649902611971 ], [ -8628712.73908182606101, 4717955.316649902611971 ], [ -8628712.73908182606101, 4715455.316649902611971 ], [ -8631212.73908182606101, 4715455.316649902611971 ] ] ] } },
{ "type": "Feature", "properties": { "cell_id": "G0839" }, "geometry": { "type": "Polygon", "coordinates": [ [ [ -8633712.73908182606101, 4715455.316649902611971 ], [ -8633712.73908182606101, 4717955.316649902611971 ], [ -8631212.73908182606101, 4717955.316649902611971 ], [ -8631212.73908182606101, 4715455.316649902611971 ], [ -8633712.73908182606101, 4715455.316649902611971 ] ] ] } },
{ "type": "Feature", "properties": { "cell_id": "G0840" }, "geometry": { "type": "Polygon", "coordinates": [ [ [ -8636212.73908182606101, 4717955.316649902611971 ], [ -8636212.73908182606101, 4720455.316649902611971 ], [ -8633712.73908182606101, 4720455.316649902611971 ], [ -8633712.73908182606101, 4717955.316649902611971 ], [ -8636212.73908182606101, 4717955.316649902611971 ] ] ] } },
{ "type": "Feature", "properties": { "cell_id": "G0841" }, "geometry": { "type": "Polygon", "coordinates": [ [ [ -8631212.73908182606101, 4717955.316649902611971 ], [ -8631212.73908182606101, 4720455.316649902611971 ], [ -8628712.73908182606101, 4720455.316649902611971 ], [ -8628712.73908182606101, 4717955.316649902611971 ], [ -8631212.73908182606101, 4717955.316649902611971 ] ] ] } },
{ "type": "Feature", "properties": { "cell_id": "G0842" }, "geometry": { "type": "Polygon", "coordinates": [ [ [ -8633712.73908182606101, 4717955.316649902611971 ], [ -8633712.73908182606101, 4720455.316649902611971 ], [ -8631212.73908182606101, 4720455.316649902611971 ], [ -8631212.73908182606101, 4717955.316649902611971 ], [ -8633712.73908182606101, 4717955.316649902611971 ] ] ] } },
{ "type": "Feature", "properties": { "cell_id": "G0843" }, "geometry": { "type": "Polygon", "coordinates": [ [ [ -8631212.73908182606101, 4720455.316649902611971 ], [ -8631212.73908182606101, 4722955.316649902611971 ], [ -8628712.73908182606101, 4722955.316649902611971 ], [ -8628712.73908182606101, 4720455.316649902611971 ], [ -8631212.73908182606101, 4720455.316649902611971 ] ] ] } },
{ "type": "Feature", "properties": { "cell_id": "G0844" }, "geometry": { "type": "Polygon", "coordinates": [ [ [ -8633712.73908182606101, 4720455.316649902611971 ], [ -8633712.73908182606101, 4722955.316649902611971 ], [ -8631212.73908182606101, 4722955.316649902611971 ], [ -8631212.73908182606101, 4720455.316649902611971 ], [ -8633712.73908182606101, 4720455.316649902611971 ] ] ] } },
{ "type": "Feature", "properties": { "cell_id": "G0845" }, "geometry": { "type": "Polygon", "coordinates": [ [ [ -8636212.73908182606101, 4720455.316649902611971 ], [ -8636212.73908182606101, 4722955.316649902611971 ], [ -8633712.73908182606101, 4722955.316649902611971 ], [ -8633712.73908182606101, 4720455.316649902611971 ], [ -8636212.73908182606101, 4720455.316649902611971 ] ] ] } },
{ "type": "Feature", "properties": { "cell_id": "G0846" }, "geometry": { "type": "Polygon", "coordinates": [ [ [ -8633712.73908182606101, 4722955.316649902611971 ], [ -8633712.73908182606101, 4725455.316649902611971 ], [ -8631212.73908182606101, 4725455.316649902611971 ], [ -8631212.73908182606101, 4722955.316649902611971 ], [ -8633712.73908182606101, 4722955.316649902611971 ] ] ] } },
{ "type": "Feature", "properties": { "cell_id": "G0847" }, "geometry": { "type": "Polygon", "coordinates": [ [ [ -8631212.73908182606101, 4722955.316649902611971 ], [ -8631212.73908182606101, 4725455.316649902611971 ], [ -8628712.73908182606101, 4725455.316649902611971 ], [ -8628712.73908182606101, 4722955.316649902611971 ], [ -8631212.73908182606101, 4722955.316649902611971 ] ] ] } },
{ "type": "Feature", "properties": { "cell_id": "G0848" }, "geometry": { "type": "Polygon", "coordinates": [ [ [ -8623712.73908182606101, 4722955.316649902611971 ], [ -8623712.73908182606101, 4725455.316649902611971 ], [ -8621212.73908182606101, 4725455.316649902611971 ], [ -8621212.73908182606101, 4722955.316649902611971 ], [ -8623712.73908182606101, 4722955.316649902611971 ] ] ] } },
{ "type": "Feature", "properties": { "cell_id": "G0849" }, "geometry": { "type": "Polygon", "coordinates": [ [ [ -8626212.73908182606101, 4725455.316649902611971 ], [ -8626212.73908182606101, 4727955.316649902611971 ], [ -8623712.73908182606101, 4727955.316649902611971 ], [ -8623712.73908182606101, 4725455.316649902611971 ], [ -8626212.73908182606101, 4725455.316649902611971 ] ] ] } },
{ "type": "Feature", "properties": { "cell_id": "G0850" }, "geometry": { "type": "Polygon", "coordinates": [ [ [ -8623712.73908182606101, 4725455.316649902611971 ], [ -8623712.73908182606101, 4727955.316649902611971 ], [ -8621212.73908182606101, 4727955.316649902611971 ], [ -8621212.73908182606101, 4725455.316649902611971 ], [ -8623712.73908182606101, 4725455.316649902611971 ] ] ] } },
{ "type": "Feature", "properties": { "cell_id": "G0851" }, "geometry": { "type": "Polygon", "coordinates": [ [ [ -8628712.73908182606101, 4725455.316649902611971 ], [ -8628712.73908182606101, 4727955.316649902611971 ], [ -8626212.73908182606101, 4727955.316649902611971 ], [ -8626212.73908182606101, 4725455.316649902611971 ], [ -8628712.73908182606101, 4725455.316649902611971 ] ] ] } },
{ "type": "Feature", "properties": { "cell_id": "G0852" }, "geometry": { "type": "Polygon", "coordinates": [ [ [ -8623712.73908182606101, 4727955.316649902611971 ], [ -8623712.73908182606101, 4730455.316649902611971 ], [ -8621212.73908182606101, 4730455.316649902611971 ], [ -8621212.73908182606101, 4727955.316649902611971 ], [ -8623712.73908182606101, 4727955.316649902611971 ] ] ] } },
{ "type": "Feature", "properties": { "cell_id": "G0853" }, "geometry": { "type": "Polygon", "coordinates": [ [ [ -8628712.73908182606101, 4727955.316649902611971 ], [ -8628712.73908182606101, 4730455.316649902611971 ], [ -8626212.73908182606101, 4730455.316649902611971 ], [ -8626212.73908182606101, 4727955.316649902611971 ], [ -8628712.73908182606101, 4727955.316649902611971 ] ] ] } },
{ "type": "Feature", "properties": { "cell_id": "G0854" }, "geometry": { "type": "Polygon", "coordinates": [ [ [ -8626212.73908182606101, 4727955.316649902611971 ], [ -8626212.73908182606101, 4730455.316649902611971 ], [ -8623712.73908182606101, 4730455.316649902611971 ], [ -8623712.73908182606101, 4727955.316649902611971 ], [ -8626212.73908182606101, 4727955.316649902611971 ] ] ] } },
{ "type": "Feature", "properties": { "cell_id": "G0855" }, "geometry": { "type": "Polygon", "coordinates": [ [ [ -8626212.73908182606101, 4730455.316649902611971 ], [ -8626212.73908182606101, 4732955.316649902611971 ], [ -8623712.73908182606101, 4732955.316649902611971 ], [ -8623712.73908182606101, 4730455.316649902611971 ], [ -8626212.73908182606101, 4730455.316649902611971 ] ] ] } },
{ "type": "Feature", "properties": { "cell_id": "G0856" }, "geometry": { "type": "Polygon", "coordinates": [ [ [ -8621212.73908182606101, 4730455.316649902611971 ], [ -8623712.73908182606101, 4730455.316649902611971 ], [ -8623712.73908182606101, 4732955.316649902611971 ], [ -8623285.125745860859752, 4732955.316649902611971 ], [ -8623099.079954376444221, 4732599.336745847947896 ], [ -8622969.170108620077372, 4732442.032472795806825 ], [ -8622898.764052130281925, 4732402.159312691539526 ], [ -8622607.604402525350451, 4732237.268130922690034 ], [ -8622469.668586058542132, 4732195.7830507196486 ], [ -8622009.26213951036334, 4732057.314094549976289 ], [ -8621833.828493958339095, 4732030.113053703680634 ], [ -8621212.73908182606101, 4731933.813705943524837 ], [ -8621212.73908182606101, 4730455.316649902611971 ] ] ] } },
{ "type": "Feature", "properties": { "cell_id": "G0857" }, "geometry": { "type": "Polygon", "coordinates": [ [ [ -8628712.73908182606101, 4730455.316649902611971 ], [ -8628712.73908182606101, 4732955.316649902611971 ], [ -8626212.73908182606101, 4732955.316649902611971 ], [ -8626212.73908182606101, 4730455.316649902611971 ], [ -8628712.73908182606101, 4730455.316649902611971 ] ] ] } },
{ "type": "Feature", "properties": { "cell_id": "G0858" }, "geometry": { "type": "Polygon", "coordinates": [ [ [ -8636212.73908182606101, 4722955.316649902611971 ], [ -8636212.73908182606101, 4725455.316649902611971 ], [ -8633712.73908182606101, 4725455.316649902611971 ], [ -8633712.73908182606101, 4722955.316649902611971 ], [ -8636212.73908182606101, 4722955.316649902611971 ] ] ] } },
{ "type": "Feature", "properties": { "cell_id": "G0859" }, "geometry": { "type": "Polygon", "coordinates": [ [ [ -8631212.73908182606101, 4725455.316649902611971 ], [ -8631212.73908182606101, 4727955.316649902611971 ], [ -8628712.73908182606101, 4727955.316649902611971 ], [ -8628712.73908182606101, 4725455.316649902611971 ], [ -8631212.73908182606101, 4725455.316649902611971 ] ] ] } },
{ "type": "Feature", "properties": { "cell_id": "G0860" }, "geometry": { "type": "Polygon", "coordinates": [ [ [ -8636212.73908182606101, 4725455.316649902611971 ], [ -8636212.73908182606101, 4727955.316649902611971 ], [ -8633712.73908182606101, 4727955.316649902611971 ], [ -8633712.73908182606101, 4725455.316649902611971 ], [ -8636212.73908182606101, 4725455.316649902611971 ] ] ] } },
{ "type": "Feature", "properties": { "cell_id": "G0861" }, "geometry": { "type": "Polygon", "coordinates": [ [ [ -8633712.73908182606101, 4725455.316649902611971 ], [ -8633712.73908182606101, 4727955.316649902611971 ], [ -8631212.73908182606101, 4727955.316649902611971 ], [ -8631212.73908182606101, 4725455.316649902611971 ], [ -8633712.73908182606101, 4725455.316649902611971 ] ] ] } },
{ "type": "Feature", "properties": { "cell_id": "G0862" }, "geometry": { "type": "Polygon", "coordinates": [ [ [ -8633712.73908182606101, 4727955.316649902611971 ], [ -8633712.73908182606101, 4730455.316649902611971 ], [ -8631212.73908182606101, 4730455.316649902611971 ], [ -8631212.73908182606101, 4727955.316649902611971 ], [ -8633712.73908182606101, 4727955.316649902611971 ] ] ] } },
{ "type": "Feature", "properties": { "cell_id": "G0863" }, "geometry": { "type": "Polygon", "coordinates": [ [ [ -8631212.73908182606101, 4727955.316649902611971 ], [ -8631212.73908182606101, 4730455.316649902611971 ], [ -8628712.73908182606101, 4730455.316649902611971 ], [ -8628712.73908182606101, 4727955.316649902611971 ], [ -8631212.73908182606101, 4727955.316649902611971 ] ] ] } },
{ "type": "Feature", "properties": { "cell_id": "G0864" }, "geometry": { "type": "Polygon", "coordinates": [ [ [ -8636212.73908182606101, 4727955.316649902611971 ], [ -8636212.73908182606101, 4730455.316649902611971 ], [ -8633712.73908182606101, 4730455.316649902611971 ], [ -8633712.73908182606101, 4727955.316649902611971 ], [ -8636212.73908182606101, 4727955.316649902611971 ] ] ] } },
{ "type": "Feature", "properties": { "cell_id": "G0865" }, "geometry": { "type": "Polygon", "coordinates": [ [ [ -8636212.73908182606101, 4730455.316649902611971 ], [ -8636212.73908182606101, 4732955.316649902611971 ], [ -8633712.73908182606101, 4732955.316649902611971 ], [ -8633712.73908182606101, 4730455.316649902611971 ], [ -8636212.73908182606101, 4730455.316649902611971 ] ] ] } },
{ "type": "Feature", "properties": { "cell_id": "G0866" }, "geometry": { "type": "Polygon", "coordinates": [ [ [ -8633712.73908182606101, 4730455.316649902611971 ], [ -8633712.73908182606101, 4732955.316649902611971 ], [ -8631212.73908182606101, 4732955.316649902611971 ], [ -8631212.73908182606101, 4730455.316649902611971 ], [ -8633712.73908182606101, 4730455.316649902611971 ] ] ] } },
{ "type": "Feature", "properties": { "cell_id": "G0867" }, "geometry": { "type": "Polygon", "coordinates": [ [ [ -8631212.73908182606101, 4730455.316649902611971 ], [ -8631212.73908182606101, 4732955.316649902611971 ], [ -8628712.73908182606101, 4732955.316649902611971 ], [ -8628712.73908182606101, 4730455.316649902611971 ], [ -8631212.73908182606101, 4730455.316649902611971 ] ] ] } },
{ "type": "Feature", "properties": { "cell_id": "G0868" }, "geometry": { "type": "Polygon", "coordinates": [ [ [ -8618712.73908182606101, 4725455.316649902611971 ], [ -8618712.73908182606101, 4727955.316649902611971 ], [ -8616212.73908182606101, 4727955.316649902611971 ], [ -8616212.73908182606101, 4725455.316649902611971 ], [ -8618712.73908182606101, 4725455.316649902611971 ] ] ] } },
{ "type": "Feature", "properties": { "cell_id": "G0869" }, "geometry": { "type": "Polygon", "coordinates": [ [ [ -8616212.73908182606101, 4725455.316649902611971 ], [ -8616212.73908182606101, 4727955.316649902611971 ], [ -8613712.73908182606101, 4727955.316649902611971 ], [ -8613712.73908182606101, 4725455.316649902611971 ], [ -8616212.73908182606101, 4725455.316649902611971 ] ] ] } },
{ "type": "Feature", "properties": { "cell_id": "G0870" }, "geometry": { "type": "Polygon", "coordinates": [ [ [ -8621212.73908182606101, 4725455.316649902611971 ], [ -8621212.73908182606101, 4727955.316649902611971 ], [ -8618712.73908182606101, 4727955.316649902611971 ], [ -8618712.73908182606101, 4725455.316649902611971 ], [ -8621212.73908182606101, 4725455.316649902611971 ] ] ] } },
{ "type": "Feature", "properties": { "cell_id": "G0871" }, "geometry": { "type": "Polygon", "coordinates": [ [ [ -8621212.73908182606101, 4727955.316649902611971 ], [ -8621212.73908182606101, 4730455.316649902611971 ], [ -8618712.73908182606101, 4730455.316649902611971 ], [ -8618712.73908182606101, 4727955.316649902611971 ], [ -8621212.73908182606101, 4727955.316649902611971 ] ] ] } },
{ "type": "Feature", "properties": { "cell_id": "G0872" }, "geometry": { "type": "Polygon", "coordinates": [ [ [ -8616212.73908182606101, 4727955.316649902611971 ], [ -8616212.73908182606101, 4730455.316649902611971 ], [ -8613712.73908182606101, 4730455.316649902611971 ], [ -8613712.73908182606101, 4727955.316649902611971 ], [ -8616212.73908182606101, 4727955.316649902611971 ] ] ] } },
{ "type": "Feature", "properties": { "cell_id": "G0873" }, "geometry": { "type": "Polygon", "coordinates": [ [ [ -8618712.73908182606101, 4727955.316649902611971 ], [ -8618712.73908182606101, 4730455.316649902611971 ], [ -8616212.73908182606101, 4730455.316649902611971 ], [ -8616212.73908182606101, 4727955.316649902611971 ], [ -8618712.73908182606101, 4727955.316649902611971 ] ] ] } },
{ "type": "Feature", "properties": { "cell_id": "G0874" }, "geometry": { "type": "Polygon", "coordinates": [ [ [ -8613712.73908182606101, 4730455.316649902611971 ], [ -8616212.73908182606101, 4730455.316649902611971 ], [ -8616212.73908182606101, 4730943.686387280002236 ], [ -8616039.977084703743458, 4730955.577639417722821 ], [ -8614534.492291213944554, 4730554.571901270188391 ], [ -8613914.220088515430689, 4730672.276979357004166 ], [ -8613734.776613589376211, 4730602.839752706699073 ], [ -8613712.73908182606101, 4730594.312227740883827 ], [ -8613712.73908182606101, 4730455.316649902611971 ] ] ] } },
{ "type": "Feature", "properties": { "cell_id": "G0875" }, "geometry": { "type": "Polygon", "coordinates": [ [ [ -8618712.73908182606101, 4730455.316649902611971 ], [ -8621212.73908182606101, 4730455.316649902611971 ], [ -8621212.73908182606101, 4731933.813705943524837 ], [ -8620983.046710532158613, 4731898.200112942606211 ], [ -8620291.936355043202639, 4731791.045347430743277 ], [ -8618716.267017614096403, 4731258.270870444364846 ], [ -8618712.73908182606101, 4731257.078015831299126 ], [ -8618712.73908182606101, 4730455.316649902611971 ] ] ] } },
{ "type": "Feature", "properties": { "cell_id": "G0876" }, "geometry": { "type": "Polygon", "coordinates": [ [ [ -8616212.73908182606101, 4730455.316649902611971 ], [ -8618712.73908182606101, 4730455.316649902611971 ], [ -8618712.73908182606101, 4731257.078015831299126 ], [ -8618708.973195962607861, 4731255.804706282913685 ], [ -8618434.090498821809888, 4731235.567181687802076 ], [ -8617846.247142314910889, 4731192.288877237588167 ], [ -8616639.877820588648319, 4730914.286361285485327 ], [ -8616341.601542349904776, 4730934.816751395352185 ], [ -8616212.73908182606101, 4730943.686387280002236 ], [ -8616212.73908182606101, 4730455.316649902611971 ] ] ] } },
{ "type": "Feature", "properties": { "cell_id": "G0877" }, "geometry": { "type": "Polygon", "coordinates": [ [ [ -8628712.73908182606101, 4732955.316649902611971 ], [ -8628712.73908182606101, 4735455.316649902611971 ], [ -8626212.73908182606101, 4735455.316649902611971 ], [ -8626212.73908182606101, 4732955.316649902611971 ], [ -8628712.73908182606101, 4732955.316649902611971 ] ] ] } },
{ "type": "Feature", "properties": { "cell_id": "G0878" }, "geometry": { "type": "Polygon", "coordinates": [ [ [ -8623712.73908182606101, 4732955.316649902611971 ], [ -8623712.73908182606101, 4733773.550959095358849 ], [ -8623703.856730232015252, 4733756.553833041340113 ], [ -8623367.843436751514673, 4733113.588986283168197 ], [ -8623360.500956870615482, 4733099.539532718248665 ], [ -8623285.125745860859752, 4732955.316649902611971 ], [ -8623712.73908182606101, 4732955.316649902611971 ] ] ] } },
{ "type": "Feature", "properties": { "cell_id": "G0879" }, "geometry": { "type": "Polygon", "coordinates": [ [ [ -8623712.73908182606101, 4732955.316649902611971 ], [ -8626212.73908182606101, 4732955.316649902611971 ], [ -8626212.73908182606101, 4735455.316649902611971 ], [ -8624428.077077813446522, 4735455.316649902611971 ], [ -8624189.677005678415298, 4734933.520530566573143 ], [ -8623858.946798531338573, 4734053.334036154672503 ], [ -8623776.043415568768978, 4733894.689120427705348 ], [ -8623712.73908182606101, 4733773.550959095358849 ], [ -8623712.73908182606101, 4732955.316649902611971 ] ] ] } },
{ "type": "Feature", "properties": { "cell_id": "G0880" }, "geometry": { "type": "Polygon", "coordinates": [ [ [ -8626212.73908182606101, 4735455.316649902611971 ], [ -8628712.73908182606101, 4735455.316649902611971 ], [ -8628712.73908182606101, 4737955.316649902611971 ], [ -8627018.833902478218079, 4737955.316649902611971 ], [ -8626698.929647650569677, 4737876.25452923681587 ], [ -8626212.73908182606101, 4737620.619763556867838 ], [ -8626212.73908182606101, 4735455.316649902611971 ] ] ] } },
{ "type": "Feature", "properties": { "cell_id": "G0881" }, "geometry": { "type": "Polygon", "coordinates": [ [ [ -8626212.73908182606101, 4735455.316649902611971 ], [ -8626212.73908182606101, 4737620.619763556867838 ], [ -8625679.799709437415004, 4737340.404882482253015 ], [ -8625176.524291560053825, 4736817.494653636589646 ], [ -8624761.778682023286819, 4736150.578583613038063 ], [ -8624701.30138536542654, 4736053.334016729146242 ], [ -8624428.077077813446522, 4735455.316649902611971 ], [ -8626212.73908182606101, 4735455.316649902611971 ] ] ] } },
{ "type": "Feature", "properties": { "cell_id": "G0882" }, "geometry": { "type": "Polygon", "coordinates": [ [ [ -8628712.73908182606101, 4737955.316649902611971 ], [ -8628712.73908182606101, 4738575.943298991769552 ], [ -8627491.655039846897125, 4738107.996184632182121 ], [ -8627228.365145862102509, 4738007.100845322944224 ], [ -8627018.833902478218079, 4737955.316649902611971 ], [ -8628712.73908182606101, 4737955.316649902611971 ] ] ] } },
{ "type": "Feature", "properties": { "cell_id": "G0883" }, "geometry": { "type": "Polygon", "coordinates": [ [ [ -8631212.73908182606101, 4732955.316649902611971 ], [ -8631212.73908182606101, 4735455.316649902611971 ], [ -8628712.73908182606101, 4735455.316649902611971 ], [ -8628712.73908182606101, 4732955.316649902611971 ], [ -8631212.73908182606101, 4732955.316649902611971 ] ] ] } },
{ "type": "Feature", "properties": { "cell_id": "G0884" }, "geometry": { "type": "Polygon", "coordinates": [ [ [ -8636212.73908182606101, 4732955.316649902611971 ], [ -8636212.73908182606101, 4735455.316649902611971 ], [ -8633712.73908182606101, 4735455.316649902611971 ], [ -8633712.73908182606101, 4732955.316649902611971 ], [ -8636212.73908182606101, 4732955.316649902611971 ] ] ] } },
{ "type": "Feature", "properties": { "cell_id": "G0885" }, "geometry": { "type": "Polygon", "coordinates": [ [ [ -8633712.73908182606101, 4732955.316649902611971 ], [ -8633712.73908182606101, 4735455.316649902611971 ], [ -8631212.73908182606101, 4735455.316649902611971 ], [ -8631212.73908182606101, 4732955.316649902611971 ], [ -8633712.73908182606101, 4732955.316649902611971 ] ] ] } },
{ "type": "Feature", "properties": { "cell_id": "G0886" }, "geometry": { "type": "Polygon", "coordinates": [ [ [ -8633712.73908182606101, 4735455.316649902611971 ], [ -8633712.73908182606101, 4737955.316649902611971 ], [ -8631212.73908182606101, 4737955.316649902611971 ], [ -8631212.73908182606101, 4735455.316649902611971 ], [ -8633712.73908182606101, 4735455.316649902611971 ] ] ] } },
{ "type": "Feature", "properties": { "cell_id": "G0887" }, "geometry": { "type": "Polygon", "coordinates": [ [ [ -8636212.73908182606101, 4735455.316649902611971 ], [ -8636212.73908182606101, 4737955.316649902611971 ], [ -8633712.73908182606101, 4737955.316649902611971 ], [ -8633712.73908182606101, 4735455.316649902611971 ], [ -8636212.73908182606101, 4735455.316649902611971 ] ] ] } },
{ "type": "Feature", "properties": { "cell_id": "G0888" }, "geometry": { "type": "Polygon", "coordinates": [ [ [ -8631212.73908182606101, 4735455.316649902611971 ], [ -8631212.73908182606101, 4737955.316649902611971 ], [ -8628712.73908182606101, 4737955.316649902611971 ], [ -8628712.73908182606101, 4735455.316649902611971 ], [ -8631212.73908182606101, 4735455.316649902611971 ] ] ] } },
{ "type": "Feature", "properties": { "cell_id": "G0889" }, "geometry": { "type": "Polygon", "coordinates": [ [ [ -8633712.73908182606101, 4737955.316649902611971 ], [ -8633712.73908182606101, 4740455.316649902611971 ], [ -8631212.73908182606101, 4740455.316649902611971 ], [ -8631212.73908182606101, 4737955.316649902611971 ], [ -8633712.73908182606101, 4737955.316649902611971 ] ] ] } },
{ "type": "Feature", "properties": { "cell_id": "G0890" }, "geometry": { "type": "Polygon", "coordinates": [ [ [ -8636212.73908182606101, 4737955.316649902611971 ], [ -8636212.73908182606101, 4740455.316649902611971 ], [ -8633712.73908182606101, 4740455.316649902611971 ], [ -8633712.73908182606101, 4737955.316649902611971 ], [ -8636212.73908182606101, 4737955.316649902611971 ] ] ] } },
{ "type": "Feature", "properties": { "cell_id": "G0891" }, "geometry": { "type": "Polygon", "coordinates": [ [ [ -8628712.73908182606101, 4737955.316649902611971 ], [ -8631212.73908182606101, 4737955.316649902611971 ], [ -8631212.73908182606101, 4740455.316649902611971 ], [ -8630075.579625461250544, 4740455.316649902611971 ], [ -8629994.431853093206882, 4739997.407500277273357 ], [ -8629596.675100807100534, 4739233.745490781962872 ], [ -8629479.022610722109675, 4739007.872922205366194 ], [ -8628965.951077654957771, 4738672.979881810955703 ], [ -8628712.73908182606101, 4738575.943298991769552 ], [ -8628712.73908182606101, 4737955.316649902611971 ] ] ] } },
{ "type": "Feature", "properties": { "cell_id": "G0892" }, "geometry": { "type": "Polygon", "coordinates": [ [ [ -8633712.73908182606101, 4740455.316649902611971 ], [ -8633712.73908182606101, 4742955.316649902611971 ], [ -8631212.73908182606101, 4742955.316649902611971 ], [ -8631212.73908182606101, 4740455.316649902611971 ], [ -8633712.73908182606101, 4740455.316649902611971 ] ] ] } },
{ "type": "Feature", "properties": { "cell_id": "G0893" }, "geometry": { "type": "Polygon", "coordinates": [ [ [ -8601212.73908182606101, 4707955.316649902611971 ], [ -8601212.73908182606101, 4710455.316649902611971 ], [ -8598712.73908182606101, 4710455.316649902611971 ], [ -8598712.73908182606101, 4707955.316649902611971 ], [ -8601212.73908182606101, 4707955.316649902611971 ] ] ] } },
{ "type": "Feature", "properties": { "cell_id": "G0894" }, "geometry": { "type": "Polygon", "coordinates": [ [ [ -8598712.73908182606101, 4707955.316649902611971 ], [ -8598712.73908182606101, 4710455.316649902611971 ], [ -8596212.73908182606101, 4710455.316649902611971 ], [ -8596212.73908182606101, 4707955.316649902611971 ], [ -8598712.73908182606101, 4707955.316649902611971 ] ] ] } },
{ "type": "Feature", "properties": { "cell_id": "G0895" }, "geometry": { "type": "Polygon", "coordinates": [ [ [ -8596212.73908182606101, 4707955.316649902611971 ], [ -8596212.73908182606101, 4710455.316649902611971 ], [ -8593712.73908182606101, 4710455.316649902611971 ], [ -8593712.73908182606101, 4707955.316649902611971 ], [ -8596212.73908182606101, 4707955.316649902611971 ] ] ] } },
{ "type": "Feature", "properties": { "cell_id": "G0896" }, "geometry": { "type": "Polygon", "coordinates": [ [ [ -8601212.73908182606101, 4710455.316649902611971 ], [ -8601212.73908182606101, 4712955.316649902611971 ], [ -8598712.73908182606101, 4712955.316649902611971 ], [ -8598712.73908182606101, 4710455.316649902611971 ], [ -8601212.73908182606101, 4710455.316649902611971 ] ] ] } },
{ "type": "Feature", "properties": { "cell_id": "G0897" }, "geometry": { "type": "Polygon", "coordinates": [ [ [ -8598712.73908182606101, 4710455.316649902611971 ], [ -8598712.73908182606101, 4712955.316649902611971 ], [ -8596212.73908182606101, 4712955.316649902611971 ], [ -8596212.73908182606101, 4710455.316649902611971 ], [ -8598712.73908182606101, 4710455.316649902611971 ] ] ] } },
{ "type": "Feature", "properties": { "cell_id": "G0898" }, "geometry": { "type": "Polygon", "coordinates": [ [ [ -8596212.73908182606101, 4710455.316649902611971 ], [ -8596212.73908182606101, 4712955.316649902611971 ], [ -8593712.73908182606101, 4712955.316649902611971 ], [ -8593712.73908182606101, 4710455.316649902611971 ], [ -8596212.73908182606101, 4710455.316649902611971 ] ] ] } },
{ "type": "Feature", "properties": { "cell_id": "G0899" }, "geometry": { "type": "Polygon", "coordinates": [ [ [ -8601212.73908182606101, 4712955.316649902611971 ], [ -8601212.73908182606101, 4715455.316649902611971 ], [ -8598712.73908182606101, 4715455.316649902611971 ], [ -8598712.73908182606101, 4712955.316649902611971 ], [ -8601212.73908182606101, 4712955.316649902611971 ] ] ] } },
{ "type": "Feature", "properties": { "cell_id": "G0900" }, "geometry": { "type": "Polygon", "coordinates": [ [ [ -8596212.73908182606101, 4712955.316649902611971 ], [ -8596212.73908182606101, 4715455.316649902611971 ], [ -8593712.73908182606101, 4715455.316649902611971 ], [ -8593712.73908182606101, 4712955.316649902611971 ], [ -8596212.73908182606101, 4712955.316649902611971 ] ] ] } },
{ "type": "Feature", "properties": { "cell_id": "G0901" }, "geometry": { "type": "Polygon", "coordinates": [ [ [ -8598712.73908182606101, 4712955.316649902611971 ], [ -8598712.73908182606101, 4715455.316649902611971 ], [ -8596212.73908182606101, 4715455.316649902611971 ], [ -8596212.73908182606101, 4712955.316649902611971 ], [ -8598712.73908182606101, 4712955.316649902611971 ] ] ] } },
{ "type": "Feature", "properties": { "cell_id": "G0902" }, "geometry": { "type": "Polygon", "coordinates": [ [ [ -8601212.73908182606101, 4715455.316649902611971 ], [ -8601212.73908182606101, 4717955.316649902611971 ], [ -8598712.73908182606101, 4717955.316649902611971 ], [ -8598712.73908182606101, 4715455.316649902611971 ], [ -8601212.73908182606101, 4715455.316649902611971 ] ] ] } },
{ "type": "Feature", "properties": { "cell_id": "G0903" }, "geometry": { "type": "Polygon", "coordinates": [ [ [ -8613712.73908182606101, 4707955.316649902611971 ], [ -8613712.73908182606101, 4710455.316649902611971 ], [ -8611212.73908182606101, 4710455.316649902611971 ], [ -8611212.73908182606101, 4707955.316649902611971 ], [ -8613712.73908182606101, 4707955.316649902611971 ] ] ] } },
{ "type": "Feature", "properties": { "cell_id": "G0904" }, "geometry": { "type": "Polygon", "coordinates": [ [ [ -8616212.73908182606101, 4707955.316649902611971 ], [ -8616212.73908182606101, 4710455.316649902611971 ], [ -8613712.73908182606101, 4710455.316649902611971 ], [ -8613712.73908182606101, 4707955.316649902611971 ], [ -8616212.73908182606101, 4707955.316649902611971 ] ] ] } },
{ "type": "Feature", "properties": { "cell_id": "G0905" }, "geometry": { "type": "Polygon", "coordinates": [ [ [ -8613712.73908182606101, 4710455.316649902611971 ], [ -8613712.73908182606101, 4712955.316649902611971 ], [ -8611212.73908182606101, 4712955.316649902611971 ], [ -8611212.73908182606101, 4710455.316649902611971 ], [ -8613712.73908182606101, 4710455.316649902611971 ] ] ] } },
{ "type": "Feature", "properties": { "cell_id": "G0906" }, "geometry": { "type": "Polygon", "coordinates": [ [ [ -8611212.73908182606101, 4710455.316649902611971 ], [ -8611212.73908182606101, 4712955.316649902611971 ], [ -8608712.73908182606101, 4712955.316649902611971 ], [ -8608712.73908182606101, 4710455.316649902611971 ], [ -8611212.73908182606101, 4710455.316649902611971 ] ] ] } },
{ "type": "Feature", "properties": { "cell_id": "G0907" }, "geometry": { "type": "Polygon", "coordinates": [ [ [ -8611212.73908182606101, 4712955.316649902611971 ], [ -8611212.73908182606101, 4715455.316649902611971 ], [ -8608712.73908182606101, 4715455.316649902611971 ], [ -8608712.73908182606101, 4712955.316649902611971 ], [ -8611212.73908182606101, 4712955.316649902611971 ] ] ] } },
{ "type": "Feature", "properties": { "cell_id": "G0908" }, "geometry": { "type": "Polygon", "coordinates": [ [ [ -8613712.73908182606101, 4712955.316649902611971 ], [ -8613712.73908182606101, 4715455.316649902611971 ], [ -8611212.73908182606101, 4715455.316649902611971 ], [ -8611212.73908182606101, 4712955.316649902611971 ], [ -8613712.73908182606101, 4712955.316649902611971 ] ] ] } },
{ "type": "Feature", "properties": { "cell_id": "G0909" }, "geometry": { "type": "Polygon", "coordinates": [ [ [ -8611212.73908182606101, 4715455.316649902611971 ], [ -8611212.73908182606101, 4717955.316649902611971 ], [ -8608712.73908182606101, 4717955.316649902611971 ], [ -8608712.73908182606101, 4715455.316649902611971 ], [ -8611212.73908182606101, 4715455.316649902611971 ] ] ] } },
{ "type": "Feature", "properties": { "cell_id": "G0910" }, "geometry": { "type": "Polygon", "coordinates": [ [ [ -8613712.73908182606101, 4715455.316649902611971 ], [ -8613712.73908182606101, 4717955.316649902611971 ], [ -8611212.73908182606101, 4717955.316649902611971 ], [ -8611212.73908182606101, 4715455.316649902611971 ], [ -8613712.73908182606101, 4715455.316649902611971 ] ] ] } },
{ "type": "Feature", "properties": { "cell_id": "G0911" }, "geometry": { "type": "Polygon", "coordinates": [ [ [ -8613712.73908182606101, 4717955.316649902611971 ], [ -8613712.73908182606101, 4720455.316649902611971 ], [ -8611212.73908182606101, 4720455.316649902611971 ], [ -8611212.73908182606101, 4717955.316649902611971 ], [ -8613712.73908182606101, 4717955.316649902611971 ] ] ] } },
{ "type": "Feature", "properties": { "cell_id": "G0912" }, "geometry": { "type": "Polygon", "coordinates": [ [ [ -8611212.73908182606101, 4717955.316649902611971 ], [ -8611212.73908182606101, 4720455.316649902611971 ], [ -8608712.73908182606101, 4720455.316649902611971 ], [ -8608712.73908182606101, 4717955.316649902611971 ], [ -8611212.73908182606101, 4717955.316649902611971 ] ] ] } },
{ "type": "Feature", "properties": { "cell_id": "G0913" }, "geometry": { "type": "Polygon", "coordinates": [ [ [ -8603712.73908182606101, 4710455.316649902611971 ], [ -8603712.73908182606101, 4712955.316649902611971 ], [ -8601212.73908182606101, 4712955.316649902611971 ], [ -8601212.73908182606101, 4710455.316649902611971 ], [ -8603712.73908182606101, 4710455.316649902611971 ] ] ] } },
{ "type": "Feature", "properties": { "cell_id": "G0914" }, "geometry": { "type": "Polygon", "coordinates": [ [ [ -8608712.73908182606101, 4710455.316649902611971 ], [ -8608712.73908182606101, 4712955.316649902611971 ], [ -8606212.73908182606101, 4712955.316649902611971 ], [ -8606212.73908182606101, 4710455.316649902611971 ], [ -8608712.73908182606101, 4710455.316649902611971 ] ] ] } },
{ "type": "Feature", "properties": { "cell_id": "G0915" }, "geometry": { "type": "Polygon", "coordinates": [ [ [ -8603712.73908182606101, 4712955.316649902611971 ], [ -8603712.73908182606101, 4715455.316649902611971 ], [ -8601212.73908182606101, 4715455.316649902611971 ], [ -8601212.73908182606101, 4712955.316649902611971 ], [ -8603712.73908182606101, 4712955.316649902611971 ] ] ] } },
{ "type": "Feature", "properties": { "cell_id": "G0916" }, "geometry": { "type": "Polygon", "coordinates": [ [ [ -8608712.73908182606101, 4712955.316649902611971 ], [ -8608712.73908182606101, 4715455.316649902611971 ], [ -8606212.73908182606101, 4715455.316649902611971 ], [ -8606212.73908182606101, 4712955.316649902611971 ], [ -8608712.73908182606101, 4712955.316649902611971 ] ] ] } },
{ "type": "Feature", "properties": { "cell_id": "G0917" }, "geometry": { "type": "Polygon", "coordinates": [ [ [ -8606212.73908182606101, 4712955.316649902611971 ], [ -8606212.73908182606101, 4715455.316649902611971 ], [ -8603712.73908182606101, 4715455.316649902611971 ], [ -8603712.73908182606101, 4712955.316649902611971 ], [ -8606212.73908182606101, 4712955.316649902611971 ] ] ] } },
{ "type": "Feature", "properties": { "cell_id": "G0918" }, "geometry": { "type": "Polygon", "coordinates": [ [ [ -8608712.73908182606101, 4715455.316649902611971 ], [ -8608712.73908182606101, 4717955.316649902611971 ], [ -8606212.73908182606101, 4717955.316649902611971 ], [ -8606212.73908182606101, 4715455.316649902611971 ], [ -8608712.73908182606101, 4715455.316649902611971 ] ] ] } },
{ "type": "Feature", "properties": { "cell_id": "G0919" }, "geometry": { "type": "Polygon", "coordinates": [ [ [ -8603712.73908182606101, 4715455.316649902611971 ], [ -8603712.73908182606101, 4717955.316649902611971 ], [ -8601212.73908182606101, 4717955.316649902611971 ], [ -8601212.73908182606101, 4715455.316649902611971 ], [ -8603712.73908182606101, 4715455.316649902611971 ] ] ] } },
{ "type": "Feature", "properties": { "cell_id": "G0920" }, "geometry": { "type": "Polygon", "coordinates": [ [ [ -8606212.73908182606101, 4715455.316649902611971 ], [ -8606212.73908182606101, 4717955.316649902611971 ], [ -8603712.73908182606101, 4717955.316649902611971 ], [ -8603712.73908182606101, 4715455.316649902611971 ], [ -8606212.73908182606101, 4715455.316649902611971 ] ] ] } },
{ "type": "Feature", "properties": { "cell_id": "G0921" }, "geometry": { "type": "Polygon", "coordinates": [ [ [ -8608712.73908182606101, 4717955.316649902611971 ], [ -8608712.73908182606101, 4720455.316649902611971 ], [ -8606212.73908182606101, 4720455.316649902611971 ], [ -8606212.73908182606101, 4717955.316649902611971 ], [ -8608712.73908182606101, 4717955.316649902611971 ] ] ] } },
{ "type": "Feature", "properties": { "cell_id": "G0922" }, "geometry": { "type": "Polygon", "coordinates": [ [ [ -8603712.73908182606101, 4717955.316649902611971 ], [ -8603712.73908182606101, 4720455.316649902611971 ], [ -8601212.73908182606101, 4720455.316649902611971 ], [ -8601212.73908182606101, 4717955.316649902611971 ], [ -8603712.73908182606101, 4717955.316649902611971 ] ] ] } },
{ "type": "Feature", "properties": { "cell_id": "G0923" }, "geometry": { "type": "Polygon", "coordinates": [ [ [ -8593712.73908182606101, 4715455.316649902611971 ], [ -8596212.73908182606101, 4715455.316649902611971 ], [ -8596212.73908182606101, 4717551.679440641775727 ], [ -8595145.086023822426796, 4717290.764277453534305 ], [ -8594900.183144077658653, 4717433.944825897924602 ], [ -8594265.662046557292342, 4717219.174761263653636 ], [ -8594143.210606684908271, 4717075.997244888916612 ], [ -8593712.73908182606101, 4716954.192477831616998 ], [ -8593712.73908182606101, 4715455.316649902611971 ] ] ] } },
{ "type": "Feature", "properties": { "cell_id": "G0924" }, "geometry": { "type": "Polygon", "coordinates": [ [ [ -8596212.73908182606101, 4715455.316649902611971 ], [ -8598712.73908182606101, 4715455.316649902611971 ], [ -8598712.73908182606101, 4717955.316649902611971 ], [ -8596697.205323135480285, 4717955.316649902611971 ], [ -8596644.225606337189674, 4717854.764159360900521 ], [ -8596258.280931757763028, 4717562.809047884307802 ], [ -8596212.73908182606101, 4717551.679440641775727 ], [ -8596212.73908182606101, 4715455.316649902611971 ] ] ] } },
{ "type": "Feature", "properties": { "cell_id": "G0925" }, "geometry": { "type": "Polygon", "coordinates": [ [ [ -8598712.73908182606101, 4717955.316649902611971 ], [ -8601212.73908182606101, 4717955.316649902611971 ], [ -8601212.73908182606101, 4720455.316649902611971 ], [ -8599212.807269373908639, 4720455.316649902611971 ], [ -8599004.532769627869129, 4719630.444637695327401 ], [ -8598831.876239405944943, 4719170.169857372529805 ], [ -8598712.73908182606101, 4719112.631810608319938 ], [ -8598712.73908182606101, 4717955.316649902611971 ] ] ] } },
{ "type": "Feature", "properties": { "cell_id": "G0926" }, "geometry": { "type": "Polygon", "coordinates": [ [ [ -8598712.73908182606101, 4717955.316649902611971 ], [ -8598712.73908182606101, 4719112.631810608319938 ], [ -8598437.80524199642241, 4718979.850766856223345 ], [ -8597738.941478798165917, 4718278.751212826929986 ], [ -8597456.746569637209177, 4718735.83512794226408 ], [ -8597382.496469277888536, 4718795.263278394006193 ], [ -8597203.383408591151237, 4718786.814435764215887 ], [ -8597025.606181794777513, 4718578.602809762582183 ], [ -8596697.205323135480285, 4717955.316649902611971 ], [ -8598712.73908182606101, 4717955.316649902611971 ] ] ] } },
{ "type": "Feature", "properties": { "cell_id": "G0927" }, "geometry": { "type": "Polygon", "coordinates": [ [ [ -8601212.73908182606101, 4720455.316649902611971 ], [ -8601212.73908182606101, 4722955.316649902611971 ], [ -8599749.44027647934854, 4722955.316649902611971 ], [ -8600065.518836377188563, 4722016.647034613415599 ], [ -8599764.956211235374212, 4721056.942285193130374 ], [ -8599341.94214622117579, 4720770.480866171419621 ], [ -8599241.754604509100318, 4720569.962689674459398 ], [ -8599212.807269373908639, 4720455.316649902611971 ], [ -8601212.73908182606101, 4720455.316649902611971 ] ] ] } },
{ "type": "Feature", "properties": { "cell_id": "G0928" }, "geometry": { "type": "Polygon", "coordinates": [ [ [ -8601212.73908182606101, 4722955.316649902611971 ], [ -8601212.73908182606101, 4725455.316649902611971 ], [ -8599186.257439762353897, 4725455.316649902611971 ], [ -8598985.71977568231523, 4725240.201417174190283 ], [ -8598865.908121686428785, 4724711.450301142409444 ], [ -8598829.872488571330905, 4724552.423747548833489 ], [ -8599085.907317398115993, 4723793.056809952482581 ], [ -8599631.372822282835841, 4723305.945720868185163 ], [ -8599749.44027647934854, 4722955.316649902611971 ], [ -8601212.73908182606101, 4722955.316649902611971 ] ] ] } },
{ "type": "Feature", "properties": { "cell_id": "G0929" }, "geometry": { "type": "Polygon", "coordinates": [ [ [ -8606212.73908182606101, 4717955.316649902611971 ], [ -8606212.73908182606101, 4720455.316649902611971 ], [ -8603712.73908182606101, 4720455.316649902611971 ], [ -8603712.73908182606101, 4717955.316649902611971 ], [ -8606212.73908182606101, 4717955.316649902611971 ] ] ] } },
{ "type": "Feature", "properties": { "cell_id": "G0930" }, "geometry": { "type": "Polygon", "coordinates": [ [ [ -8608712.73908182606101, 4720455.316649902611971 ], [ -8608712.73908182606101, 4722955.316649902611971 ], [ -8606212.73908182606101, 4722955.316649902611971 ], [ -8606212.73908182606101, 4720455.316649902611971 ], [ -8608712.73908182606101, 4720455.316649902611971 ] ] ] } },
{ "type": "Feature", "properties": { "cell_id": "G0931" }, "geometry": { "type": "Polygon", "coordinates": [ [ [ -8603712.73908182606101, 4720455.316649902611971 ], [ -8603712.73908182606101, 4722955.316649902611971 ], [ -8601212.73908182606101, 4722955.316649902611971 ], [ -8601212.73908182606101, 4720455.316649902611971 ], [ -8603712.73908182606101, 4720455.316649902611971 ] ] ] } },
{ "type": "Feature", "properties": { "cell_id": "G0932" }, "geometry": { "type": "Polygon", "coordinates": [ [ [ -8606212.73908182606101, 4720455.316649902611971 ], [ -8606212.73908182606101, 4722955.316649902611971 ], [ -8603712.73908182606101, 4722955.316649902611971 ], [ -8603712.73908182606101, 4720455.316649902611971 ], [ -8606212.73908182606101, 4720455.316649902611971 ] ] ] } },
{ "type": "Feature", "properties": { "cell_id": "G0933" }, "geometry": { "type": "Polygon", "coordinates": [ [ [ -8608712.73908182606101, 4722955.316649902611971 ], [ -8608712.73908182606101, 4725455.316649902611971 ], [ -8606212.73908182606101, 4725455.316649902611971 ], [ -8606212.73908182606101, 4722955.316649902611971 ], [ -8608712.73908182606101, 4722955.316649902611971 ] ] ] } },
{ "type": "Feature", "properties": { "cell_id": "G0934" }, "geometry": { "type": "Polygon", "coordinates": [ [ [ -8603712.73908182606101, 4722955.316649902611971 ], [ -8603712.73908182606101, 4725455.316649902611971 ], [ -8601212.73908182606101, 4725455.316649902611971 ], [ -8601212.73908182606101, 4722955.316649902611971 ], [ -8603712.73908182606101, 4722955.316649902611971 ] ] ] } },
{ "type": "Feature", "properties": { "cell_id": "G0935" }, "geometry": { "type": "Polygon", "coordinates": [ [ [ -8606212.73908182606101, 4722955.316649902611971 ], [ -8606212.73908182606101, 4725455.316649902611971 ], [ -8603712.73908182606101, 4725455.316649902611971 ], [ -8603712.73908182606101, 4722955.316649902611971 ], [ -8606212.73908182606101, 4722955.316649902611971 ] ] ] } },
{ "type": "Feature", "properties": { "cell_id": "G0936" }, "geometry": { "type": "Polygon", "coordinates": [ [ [ -8601212.73908182606101, 4725455.316649902611971 ], [ -8603712.73908182606101, 4725455.316649902611971 ], [ -8603712.73908182606101, 4727886.980476088821888 ], [ -8602180.92311992123723, 4726555.992909851484001 ], [ -8601212.73908182606101, 4726243.461503340862691 ], [ -8601212.73908182606101, 4725455.316649902611971 ] ] ] } },
{ "type": "Feature", "properties": { "cell_id": "G0937" }, "geometry": { "type": "Polygon", "coordinates": [ [ [ -8608712.73908182606101, 4725455.316649902611971 ], [ -8608712.73908182606101, 4727955.316649902611971 ], [ -8606212.73908182606101, 4727955.316649902611971 ], [ -8606212.73908182606101, 4725455.316649902611971 ], [ -8608712.73908182606101, 4725455.316649902611971 ] ] ] } },
{ "type": "Feature", "properties": { "cell_id": "G0938" }, "geometry": { "type": "Polygon", "coordinates": [ [ [ -8603712.73908182606101, 4725455.316649902611971 ], [ -8606212.73908182606101, 4725455.316649902611971 ], [ -8606212.73908182606101, 4727955.316649902611971 ], [ -8603791.386279199272394, 4727955.316649902611971 ], [ -8603712.73908182606101, 4727886.980476088821888 ], [ -8603712.73908182606101, 4725455.316649902611971 ] ] ] } },
{ "type": "Feature", "properties": { "cell_id": "G0939" }, "geometry": { "type": "Polygon", "coordinates": [ [ [ -8613712.73908182606101, 4720455.316649902611971 ], [ -8613712.73908182606101, 4722955.316649902611971 ], [ -8611212.73908182606101, 4722955.316649902611971 ], [ -8611212.73908182606101, 4720455.316649902611971 ], [ -8613712.73908182606101, 4720455.316649902611971 ] ] ] } },
{ "type": "Feature", "properties": { "cell_id": "G0940" }, "geometry": { "type": "Polygon", "coordinates": [ [ [ -8611212.73908182606101, 4720455.316649902611971 ], [ -8611212.73908182606101, 4722955.316649902611971 ], [ -8608712.73908182606101, 4722955.316649902611971 ], [ -8608712.73908182606101, 4720455.316649902611971 ], [ -8611212.73908182606101, 4720455.316649902611971 ] ] ] } },
{ "type": "Feature", "properties": { "cell_id": "G0941" }, "geometry": { "type": "Polygon", "coordinates": [ [ [ -8613712.73908182606101, 4722955.316649902611971 ], [ -8613712.73908182606101, 4725455.316649902611971 ], [ -8611212.73908182606101, 4725455.316649902611971 ], [ -8611212.73908182606101, 4722955.316649902611971 ], [ -8613712.73908182606101, 4722955.316649902611971 ] ] ] } },
{ "type": "Feature", "properties": { "cell_id": "G0942" }, "geometry": { "type": "Polygon", "coordinates": [ [ [ -8611212.73908182606101, 4722955.316649902611971 ], [ -8611212.73908182606101, 4725455.316649902611971 ], [ -8608712.73908182606101, 4725455.316649902611971 ], [ -8608712.73908182606101, 4722955.316649902611971 ], [ -8611212.73908182606101, 4722955.316649902611971 ] ] ] } },
{ "type": "Feature", "properties": { "cell_id": "G0943" }, "geometry": { "type": "Polygon", "coordinates": [ [ [ -8613712.73908182606101, 4725455.316649902611971 ], [ -8613712.73908182606101, 4727955.316649902611971 ], [ -8611212.73908182606101, 4727955.316649902611971 ], [ -8611212.73908182606101, 4725455.316649902611971 ], [ -8613712.73908182606101, 4725455.316649902611971 ] ] ] } },
{ "type": "Feature", "properties": { "cell_id": "G0944" }, "geometry": { "type": "Polygon", "coordinates": [ [ [ -8611212.73908182606101, 4725455.316649902611971 ], [ -8611212.73908182606101, 4727955.316649902611971 ], [ -8608712.73908182606101, 4727955.316649902611971 ], [ -8608712.73908182606101, 4725455.316649902611971 ], [ -8611212.73908182606101, 4725455.316649902611971 ] ] ] } },
{ "type": "Feature", "properties": { "cell_id": "G0945" }, "geometry": { "type": "Polygon", "coordinates": [ [ [ -8606212.73908182606101, 4727955.316649902611971 ], [ -8608712.73908182606101, 4727955.316649902611971 ], [ -8608712.73908182606101, 4730184.516692677512765 ], [ -8608144.875214036554098, 4729953.576420173048973 ], [ -8607691.237914189696312, 4729769.094008062966168 ], [ -8606655.855330320075154, 4729152.682059266604483 ], [ -8606212.73908182606101, 4729125.51041466370225 ], [ -8606212.73908182606101, 4727955.316649902611971 ] ] ] } },
{ "type": "Feature", "properties": { "cell_id": "G0946" }, "geometry": { "type": "Polygon", "coordinates": [ [ [ -8611212.73908182606101, 4730455.316649902611971 ], [ -8611212.73908182606101, 4727955.316649902611971 ], [ -8613712.73908182606101, 4727955.316649902611971 ], [ -8613712.73908182606101, 4730455.316649902611971 ], [ -8613345.114180721342564, 4730455.316649902611971 ], [ -8612744.871093723922968, 4730433.814934794791043 ], [ -8612513.932213826104999, 4730425.542328695766628 ], [ -8612435.280107045546174, 4730437.409778043627739 ], [ -8612316.602199910208583, 4730455.316649902611971 ], [ -8611212.73908182606101, 4730455.316649902611971 ] ] ] } },
{ "type": "Feature", "properties": { "cell_id": "G0947" }, "geometry": { "type": "Polygon", "coordinates": [ [ [ -8608712.73908182606101, 4727955.316649902611971 ], [ -8611212.73908182606101, 4727955.316649902611971 ], [ -8611212.73908182606101, 4730455.316649902611971 ], [ -8608847.929130902513862, 4730455.316649902611971 ], [ -8608782.614201925694942, 4730411.492541207931936 ], [ -8608751.435978729277849, 4730215.878147835843265 ], [ -8608748.773076726123691, 4730199.1710862275213 ], [ -8608712.73908182606101, 4730184.516692677512765 ], [ -8608712.73908182606101, 4727955.316649902611971 ] ] ] } },
{ "type": "Feature", "properties": { "cell_id": "G0948" }, "geometry": { "type": "Polygon", "coordinates": [ [ [ -8611212.73908182606101, 4730455.316649902611971 ], [ -8611212.73908182606101, 4730564.614498463459313 ], [ -8610597.233221348375082, 4730575.503520327620208 ], [ -8609683.219916703179479, 4730676.261653766036034 ], [ -8609481.366645636036992, 4730698.513498794287443 ], [ -8608949.704757606610656, 4730523.604653839021921 ], [ -8608847.929130902513862, 4730455.316649902611971 ], [ -8611212.73908182606101, 4730455.316649902611971 ] ] ] } },
{ "type": "Feature", "properties": { "cell_id": "G0949" }, "geometry": { "type": "Polygon", "coordinates": [ [ [ -8601212.73908182606101, 4725455.316649902611971 ], [ -8601212.73908182606101, 4726243.461503340862691 ], [ -8601212.220911037176847, 4726243.294236954301596 ], [ -8600357.766225885599852, 4726047.991890398785472 ], [ -8600020.99104005843401, 4725971.01636307220906 ], [ -8599252.886553585529327, 4725526.789229159243405 ], [ -8599250.663679284974933, 4725524.404735013842583 ], [ -8599186.257439762353897, 4725455.316649902611971 ], [ -8601212.73908182606101, 4725455.316649902611971 ] ] ] } },
{ "type": "Feature", "properties": { "cell_id": "G0950" }, "geometry": { "type": "Polygon", "coordinates": [ [ [ -8606212.73908182606101, 4727955.316649902611971 ], [ -8606212.73908182606101, 4729125.51041466370225 ], [ -8606188.313468988984823, 4729124.012649521231651 ], [ -8605938.151769524440169, 4729040.988536958582699 ], [ -8605108.51440829411149, 4728765.651877821423113 ], [ -8604229.090431027114391, 4728335.635694919154048 ], [ -8603791.386279199272394, 4727955.316649902611971 ], [ -8606212.73908182606101, 4727955.316649902611971 ] ] ] } },
{ "type": "Feature", "properties": { "cell_id": "G0951" }, "geometry": { "type": "MultiPolygon", "coordinates": [ [ [ [ -8611212.73908182606101, 4730455.316649902611971 ], [ -8612316.602199910208583, 4730455.316649902611971 ], [ -8611642.634559387341142, 4730557.009142357856035 ], [ -8611212.73908182606101, 4730564.614498463459313 ], [ -8611212.73908182606101, 4730455.316649902611971 ] ] ], [ [ [ -8613712.73908182606101, 4730455.316649902611971 ], [ -8613712.73908182606101, 4730594.312227740883827 ], [ -8613354.394369315356016, 4730455.649081838317215 ], [ -8613345.114180721342564, 4730455.316649902611971 ], [ -8613712.73908182606101, 4730455.316649902611971 ] ] ] ] } },
{ "type": "Feature", "properties": { "cell_id": "G0952" }, "geometry": { "type": "Polygon", "coordinates": [ [ [ -8591212.73908182606101, 4707955.316649902611971 ], [ -8591212.73908182606101, 4710455.316649902611971 ], [ -8588712.73908182606101, 4710455.316649902611971 ], [ -8588712.73908182606101, 4707955.316649902611971 ], [ -8591212.73908182606101, 4707955.316649902611971 ] ] ] } },
{ "type": "Feature", "properties": { "cell_id": "G0953" }, "geometry": { "type": "Polygon", "coordinates": [ [ [ -8593712.73908182606101, 4707955.316649902611971 ], [ -8593712.73908182606101, 4710455.316649902611971 ], [ -8591212.73908182606101, 4710455.316649902611971 ], [ -8591212.73908182606101, 4707955.316649902611971 ], [ -8593712.73908182606101, 4707955.316649902611971 ] ] ] } },
{ "type": "Feature", "properties": { "cell_id": "G0954" }, "geometry": { "type": "Polygon", "coordinates": [ [ [ -8588712.73908182606101, 4707955.316649902611971 ], [ -8588712.73908182606101, 4710455.316649902611971 ], [ -8586212.73908182606101, 4710455.316649902611971 ], [ -8586212.73908182606101, 4707955.316649902611971 ], [ -8588712.73908182606101, 4707955.316649902611971 ] ] ] } },
{ "type": "Feature", "properties": { "cell_id": "G0955" }, "geometry": { "type": "Polygon", "coordinates": [ [ [ -8593712.73908182606101, 4710455.316649902611971 ], [ -8593712.73908182606101, 4712955.316649902611971 ], [ -8591212.73908182606101, 4712955.316649902611971 ], [ -8591212.73908182606101, 4710455.316649902611971 ], [ -8593712.73908182606101, 4710455.316649902611971 ] ] ] } },
{ "type": "Feature", "properties": { "cell_id": "G0956" }, "geometry": { "type": "Polygon", "coordinates": [ [ [ -8588712.73908182606101, 4710455.316649902611971 ], [ -8588712.73908182606101, 4712955.316649902611971 ], [ -8586212.73908182606101, 4712955.316649902611971 ], [ -8586212.73908182606101, 4710455.316649902611971 ], [ -8588712.73908182606101, 4710455.316649902611971 ] ] ] } },
{ "type": "Feature", "properties": { "cell_id": "G0957" }, "geometry": { "type": "Polygon", "coordinates": [ [ [ -8591212.73908182606101, 4710455.316649902611971 ], [ -8591212.73908182606101, 4712955.316649902611971 ], [ -8588712.73908182606101, 4712955.316649902611971 ], [ -8588712.73908182606101, 4710455.316649902611971 ], [ -8591212.73908182606101, 4710455.316649902611971 ] ] ] } },
{ "type": "Feature", "properties": { "cell_id": "G0958" }, "geometry": { "type": "Polygon", "coordinates": [ [ [ -8593712.73908182606101, 4712955.316649902611971 ], [ -8593712.73908182606101, 4715455.316649902611971 ], [ -8591212.73908182606101, 4715455.316649902611971 ], [ -8591212.73908182606101, 4712955.316649902611971 ], [ -8593712.73908182606101, 4712955.316649902611971 ] ] ] } },
{ "type": "Feature", "properties": { "cell_id": "G0959" }, "geometry": { "type": "Polygon", "coordinates": [ [ [ -8586212.73908182606101, 4712955.316649902611971 ], [ -8588712.73908182606101, 4712955.316649902611971 ], [ -8588712.73908182606101, 4715455.316649902611971 ], [ -8587072.037112789228559, 4715455.316649902611971 ], [ -8586929.596283789724112, 4715272.133686268702149 ], [ -8586283.943237187340856, 4714141.303448906168342 ], [ -8586212.73908182606101, 4713983.752564606256783 ], [ -8586212.73908182606101, 4712955.316649902611971 ] ] ] } },
{ "type": "Feature", "properties": { "cell_id": "G0960" }, "geometry": { "type": "Polygon", "coordinates": [ [ [ -8591212.73908182606101, 4712955.316649902611971 ], [ -8591212.73908182606101, 4715455.316649902611971 ], [ -8588712.73908182606101, 4715455.316649902611971 ], [ -8588712.73908182606101, 4712955.316649902611971 ], [ -8591212.73908182606101, 4712955.316649902611971 ] ] ] } },
{ "type": "Feature", "properties": { "cell_id": "G0961" }, "geometry": { "type": "Polygon", "coordinates": [ [ [ -8588712.73908182606101, 4715455.316649902611971 ], [ -8588712.73908182606101, 4716836.281981123611331 ], [ -8588419.385029075667262, 4716778.480829801410437 ], [ -8588290.285678002983332, 4716731.041034391149879 ], [ -8588096.00190832093358, 4716659.648512140847743 ], [ -8587920.339751850813627, 4716546.258008316159248 ], [ -8587072.037112789228559, 4715455.316649902611971 ], [ -8588712.73908182606101, 4715455.316649902611971 ] ] ] } },
{ "type": "Feature", "properties": { "cell_id": "G0962" }, "geometry": { "type": "Polygon", "coordinates": [ [ [ -8586212.73908182606101, 4710455.316649902611971 ], [ -8586212.73908182606101, 4712955.316649902611971 ], [ -8585668.740153264254332, 4712955.316649902611971 ], [ -8584936.497732266783714, 4712275.027464411221445 ], [ -8584932.301979975774884, 4712271.129560129716992 ], [ -8584725.359046591445804, 4711994.64728865865618 ], [ -8584604.717863317579031, 4711577.110844912938774 ], [ -8584580.643708560615778, 4711493.792788056656718 ], [ -8584224.421338021755219, 4710964.344901046715677 ], [ -8583763.478233247995377, 4710455.316649902611971 ], [ -8586212.73908182606101, 4710455.316649902611971 ] ] ] } },
{ "type": "Feature", "properties": { "cell_id": "G0963" }, "geometry": { "type": "Polygon", "coordinates": [ [ [ -8586212.73908182606101, 4712955.316649902611971 ], [ -8586212.73908182606101, 4713983.752564606256783 ], [ -8585805.26942677795887, 4713082.159052926115692 ], [ -8585668.740153264254332, 4712955.316649902611971 ], [ -8586212.73908182606101, 4712955.316649902611971 ] ] ] } },
{ "type": "Feature", "properties": { "cell_id": "G0964" }, "geometry": { "type": "Polygon", "coordinates": [ [ [ -8588712.73908182606101, 4715455.316649902611971 ], [ -8591212.73908182606101, 4715455.316649902611971 ], [ -8591212.73908182606101, 4717090.424278344959021 ], [ -8590736.722868919372559, 4717018.726804294623435 ], [ -8590728.450704390183091, 4717018.453999086283147 ], [ -8590302.576854826882482, 4717004.409244677983224 ], [ -8590180.125414952635765, 4717104.63258646056056 ], [ -8590002.014229683205485, 4717090.314905568026006 ], [ -8588712.73908182606101, 4716836.281981123611331 ], [ -8588712.73908182606101, 4715455.316649902611971 ] ] ] } },
{ "type": "Feature", "properties": { "cell_id": "G0965" }, "geometry": { "type": "Polygon", "coordinates": [ [ [ -8591212.73908182606101, 4715455.316649902611971 ], [ -8593712.73908182606101, 4715455.316649902611971 ], [ -8593712.73908182606101, 4716954.192477831616998 ], [ -8593586.613152718171477, 4716918.504311420023441 ], [ -8592562.473837420344353, 4717018.726804294623435 ], [ -8591972.48053621686995, 4717204.856918667443097 ], [ -8591622.244516756385565, 4717152.103939057327807 ], [ -8591594.216110656037927, 4717147.882277955301106 ], [ -8591212.73908182606101, 4717090.424278344959021 ], [ -8591212.73908182606101, 4715455.316649902611971 ] ] ] } },
{ "type": "Feature", "properties": { "cell_id": "G0966" }, "geometry": { "type": "Polygon", "coordinates": [ [ [ -8628712.73908182606101, 4747955.316649902611971 ], [ -8627123.31426103040576, 4747955.316649902611971 ], [ -8627835.167690176516771, 4747782.322698042728007 ], [ -8628443.973985325545073, 4747270.216526374220848 ], [ -8628712.73908182606101, 4746815.955138801597059 ], [ -8628712.73908182606101, 4747955.316649902611971 ] ] ] } },
{ "type": "Feature", "properties": { "cell_id": "G0967" }, "geometry": { "type": "Polygon", "coordinates": [ [ [ -8628712.73908182606101, 4747955.316649902611971 ], [ -8628712.73908182606101, 4750455.316649902611971 ], [ -8626212.73908182606101, 4750455.316649902611971 ], [ -8626212.73908182606101, 4748176.603774844668806 ], [ -8627123.31426103040576, 4747955.316649902611971 ], [ -8628712.73908182606101, 4747955.316649902611971 ] ] ] } },
{ "type": "Feature", "properties": { "cell_id": "G0968" }, "geometry": { "type": "Polygon", "coordinates": [ [ [ -8636212.73908182606101, 4740455.316649902611971 ], [ -8636212.73908182606101, 4742955.316649902611971 ], [ -8633712.73908182606101, 4742955.316649902611971 ], [ -8633712.73908182606101, 4740455.316649902611971 ], [ -8636212.73908182606101, 4740455.316649902611971 ] ] ] } },
{ "type": "Feature", "properties": { "cell_id": "G0969" }, "geometry": { "type": "Polygon", "coordinates": [ [ [ -8631212.73908182606101, 4740455.316649902611971 ], [ -8631212.73908182606101, 4742955.316649902611971 ], [ -8630032.24365247040987, 4742955.316649902611971 ], [ -8630297.554826524108648, 4742640.324302569031715 ], [ -8630242.850703217089176, 4741504.537593109533191 ], [ -8630235.88382862508297, 4741359.897998349741101 ], [ -8630075.579625461250544, 4740455.316649902611971 ], [ -8631212.73908182606101, 4740455.316649902611971 ] ] ] } },
{ "type": "Feature", "properties": { "cell_id": "G0970" }, "geometry": { "type": "Polygon", "coordinates": [ [ [ -8631212.73908182606101, 4742955.316649902611971 ], [ -8631212.73908182606101, 4745455.316649902611971 ], [ -8629363.045218294486403, 4745455.316649902611971 ], [ -8629622.958712317049503, 4744767.933244390413165 ], [ -8629978.472325261682272, 4743185.018066748045385 ], [ -8630029.274853711947799, 4742958.841374757699668 ], [ -8630032.24365247040987, 4742955.316649902611971 ], [ -8631212.73908182606101, 4742955.316649902611971 ] ] ] } },
{ "type": "Feature", "properties": { "cell_id": "G0971" }, "geometry": { "type": "Polygon", "coordinates": [ [ [ -8633712.73908182606101, 4742955.316649902611971 ], [ -8633712.73908182606101, 4745455.316649902611971 ], [ -8631212.73908182606101, 4745455.316649902611971 ], [ -8631212.73908182606101, 4742955.316649902611971 ], [ -8633712.73908182606101, 4742955.316649902611971 ] ] ] } },
{ "type": "Feature", "properties": { "cell_id": "G0972" }, "geometry": { "type": "Polygon", "coordinates": [ [ [ -8636212.73908182606101, 4742955.316649902611971 ], [ -8636212.73908182606101, 4745455.316649902611971 ], [ -8633712.73908182606101, 4745455.316649902611971 ], [ -8633712.73908182606101, 4742955.316649902611971 ], [ -8636212.73908182606101, 4742955.316649902611971 ] ] ] } },
{ "type": "Feature", "properties": { "cell_id": "G0973" }, "geometry": { "type": "Polygon", "coordinates": [ [ [ -8636212.73908182606101, 4745455.316649902611971 ], [ -8636212.73908182606101, 4747955.316649902611971 ], [ -8633712.73908182606101, 4747955.316649902611971 ], [ -8633712.73908182606101, 4745455.316649902611971 ], [ -8636212.73908182606101, 4745455.316649902611971 ] ] ] } },
{ "type": "Feature", "properties": { "cell_id": "G0974" }, "geometry": { "type": "Polygon", "coordinates": [ [ [ -8633712.73908182606101, 4745455.316649902611971 ], [ -8633712.73908182606101, 4747955.316649902611971 ], [ -8631212.73908182606101, 4747955.316649902611971 ], [ -8631212.73908182606101, 4745455.316649902611971 ], [ -8633712.73908182606101, 4745455.316649902611971 ] ] ] } },
{ "type": "Feature", "properties": { "cell_id": "G0975" }, "geometry": { "type": "Polygon", "coordinates": [ [ [ -8631212.73908182606101, 4745455.316649902611971 ], [ -8631212.73908182606101, 4747955.316649902611971 ], [ -8628712.73908182606101, 4747955.316649902611971 ], [ -8628712.73908182606101, 4746815.955138801597059 ], [ -8629089.070434471592307, 4746179.887417710386217 ], [ -8629363.045218294486403, 4745455.316649902611971 ], [ -8631212.73908182606101, 4745455.316649902611971 ] ] ] } },
{ "type": "Feature", "properties": { "cell_id": "G0976" }, "geometry": { "type": "Polygon", "coordinates": [ [ [ -8636212.73908182606101, 4747955.316649902611971 ], [ -8636212.73908182606101, 4750455.316649902611971 ], [ -8633712.73908182606101, 4750455.316649902611971 ], [ -8633712.73908182606101, 4747955.316649902611971 ], [ -8636212.73908182606101, 4747955.316649902611971 ] ] ] } },
{ "type": "Feature", "properties": { "cell_id": "G0977" }, "geometry": { "type": "Polygon", "coordinates": [ [ [ -8633712.73908182606101, 4747955.316649902611971 ], [ -8633712.73908182606101, 4750455.316649902611971 ], [ -8631212.73908182606101, 4750455.316649902611971 ], [ -8631212.73908182606101, 4747955.316649902611971 ], [ -8633712.73908182606101, 4747955.316649902611971 ] ] ] } },
{ "type": "Feature", "properties": { "cell_id": "G0978" }, "geometry": { "type": "Polygon", "coordinates": [ [ [ -8631212.73908182606101, 4747955.316649902611971 ], [ -8631212.73908182606101, 4750455.316649902611971 ], [ -8628712.73908182606101, 4750455.316649902611971 ], [ -8628712.73908182606101, 4747955.316649902611971 ], [ -8631212.73908182606101, 4747955.316649902611971 ] ] ] } },
{ "type": "Feature", "properties": { "cell_id": "G0979" }, "geometry": { "type": "Polygon", "coordinates": [ [ [ -8636212.73908182606101, 4750455.316649902611971 ], [ -8636212.73908182606101, 4752955.316649902611971 ], [ -8633712.73908182606101, 4752955.316649902611971 ], [ -8633712.73908182606101, 4750455.316649902611971 ], [ -8636212.73908182606101, 4750455.316649902611971 ] ] ] } },
{ "type": "Feature", "properties": { "cell_id": "G0980" }, "geometry": { "type": "Polygon", "coordinates": [ [ [ -8633712.73908182606101, 4750455.316649902611971 ], [ -8633712.73908182606101, 4752955.316649902611971 ], [ -8631212.73908182606101, 4752955.316649902611971 ], [ -8631212.73908182606101, 4750455.316649902611971 ], [ -8633712.73908182606101, 4750455.316649902611971 ] ] ] } },
{ "type": "Feature", "properties": { "cell_id": "G0981" }, "geometry": { "type": "Polygon", "coordinates": [ [ [ -8631212.73908182606101, 4750455.316649902611971 ], [ -8631212.73908182606101, 4752955.316649902611971 ], [ -8628712.73908182606101, 4752955.316649902611971 ], [ -8628712.73908182606101, 4750455.316649902611971 ], [ -8631212.73908182606101, 4750455.316649902611971 ] ] ] } },
{ "type": "Feature", "properties": { "cell_id": "G0982" }, "geometry": { "type": "Polygon", "coordinates": [ [ [ -8636212.73908182606101, 4752955.316649902611971 ], [ -8636212.73908182606101, 4755455.316649902611971 ], [ -8633712.73908182606101, 4755455.316649902611971 ], [ -8633712.73908182606101, 4752955.316649902611971 ], [ -8636212.73908182606101, 4752955.316649902611971 ] ] ] } },
{ "type": "Feature", "properties": { "cell_id": "G0983" }, "geometry": { "type": "Polygon", "coordinates": [ [ [ -8633712.73908182606101, 4752955.316649902611971 ], [ -8633712.73908182606101, 4755455.316649902611971 ], [ -8631212.73908182606101, 4755455.316649902611971 ], [ -8631212.73908182606101, 4752955.316649902611971 ], [ -8633712.73908182606101, 4752955.316649902611971 ] ] ] } },
{ "type": "Feature", "properties": { "cell_id": "G0984" }, "geometry": { "type": "Polygon", "coordinates": [ [ [ -8631212.73908182606101, 4752955.316649902611971 ], [ -8631212.73908182606101, 4755455.316649902611971 ], [ -8628712.73908182606101, 4755455.316649902611971 ], [ -8628712.73908182606101, 4752955.316649902611971 ], [ -8631212.73908182606101, 4752955.316649902611971 ] ] ] } },
{ "type": "Feature", "properties": { "cell_id": "G0985" }, "geometry": { "type": "Polygon", "coordinates": [ [ [ -8636212.73908182606101, 4755455.316649902611971 ], [ -8636212.73908182606101, 4757955.316649902611971 ], [ -8633712.73908182606101, 4757955.316649902611971 ], [ -8633712.73908182606101, 4755455.316649902611971 ], [ -8636212.73908182606101, 4755455.316649902611971 ] ] ] } },
{ "type": "Feature", "properties": { "cell_id": "G0986" }, "geometry": { "type": "Polygon", "coordinates": [ [ [ -8631212.73908182606101, 4755455.316649902611971 ], [ -8631212.73908182606101, 4757955.316649902611971 ], [ -8628712.73908182606101, 4757955.316649902611971 ], [ -8628712.73908182606101, 4755455.316649902611971 ], [ -8631212.73908182606101, 4755455.316649902611971 ] ] ] } },
{ "type": "Feature", "properties": { "cell_id": "G0987" }, "geometry": { "type": "Polygon", "coordinates": [ [ [ -8633712.73908182606101, 4755455.316649902611971 ], [ -8633712.73908182606101, 4757955.316649902611971 ], [ -8631212.73908182606101, 4757955.316649902611971 ], [ -8631212.73908182606101, 4755455.316649902611971 ], [ -8633712.73908182606101, 4755455.316649902611971 ] ] ] } },
{ "type": "Feature", "properties": { "cell_id": "G0988" }, "geometry": { "type": "Polygon", "coordinates": [ [ [ -8626212.73908182606101, 4750455.316649902611971 ], [ -8624561.349837286397815, 4750455.316649902611971 ], [ -8624478.996362250298262, 4749632.784853668883443 ], [ -8624740.485846124589443, 4748995.19598058052361 ], [ -8624877.854097761213779, 4748804.602215318009257 ], [ -8625698.835342364385724, 4748301.492179009132087 ], [ -8626212.73908182606101, 4748176.603774844668806 ], [ -8626212.73908182606101, 4750455.316649902611971 ] ] ] } },
{ "type": "Feature", "properties": { "cell_id": "G0989" }, "geometry": { "type": "Polygon", "coordinates": [ [ [ -8623712.73908182606101, 4752955.316649902611971 ], [ -8622898.017531899735332, 4752955.316649902611971 ], [ -8623712.73908182606101, 4752252.0169767010957 ], [ -8623712.73908182606101, 4752955.316649902611971 ] ] ] } },
{ "type": "Feature", "properties": { "cell_id": "G0990" }, "geometry": { "type": "Polygon", "coordinates": [ [ [ -8628712.73908182606101, 4750455.316649902611971 ], [ -8628712.73908182606101, 4752955.316649902611971 ], [ -8626212.73908182606101, 4752955.316649902611971 ], [ -8626212.73908182606101, 4750455.316649902611971 ], [ -8628712.73908182606101, 4750455.316649902611971 ] ] ] } },
{ "type": "Feature", "properties": { "cell_id": "G0991" }, "geometry": { "type": "Polygon", "coordinates": [ [ [ -8626212.73908182606101, 4750455.316649902611971 ], [ -8626212.73908182606101, 4752955.316649902611971 ], [ -8623712.73908182606101, 4752955.316649902611971 ], [ -8623712.73908182606101, 4752252.0169767010957 ], [ -8623933.530857363715768, 4752061.420835485681891 ], [ -8624322.815116666257381, 4751568.204996046610177 ], [ -8624580.965015817433596, 4750651.229548835195601 ], [ -8624561.349837286397815, 4750455.316649902611971 ], [ -8626212.73908182606101, 4750455.316649902611971 ] ] ] } },
{ "type": "Feature", "properties": { "cell_id": "G0992" }, "geometry": { "type": "Polygon", "coordinates": [ [ [ -8628712.73908182606101, 4752955.316649902611971 ], [ -8628712.73908182606101, 4755455.316649902611971 ], [ -8626212.73908182606101, 4755455.316649902611971 ], [ -8626212.73908182606101, 4752955.316649902611971 ], [ -8628712.73908182606101, 4752955.316649902611971 ] ] ] } },
{ "type": "Feature", "properties": { "cell_id": "G0993" }, "geometry": { "type": "Polygon", "coordinates": [ [ [ -8623712.73908182606101, 4752955.316649902611971 ], [ -8623712.73908182606101, 4755071.18061881698668 ], [ -8622831.133940037339926, 4754435.02706550899893 ], [ -8622598.47620427981019, 4754116.147670535370708 ], [ -8622549.495628330856562, 4753955.202908463776112 ], [ -8622578.772654408589005, 4753524.544599452987313 ], [ -8622687.79333851672709, 4753282.194034303538501 ], [ -8622794.732466548681259, 4753044.476379032246768 ], [ -8622898.017531899735332, 4752955.316649902611971 ], [ -8623712.73908182606101, 4752955.316649902611971 ] ] ] } },
{ "type": "Feature", "properties": { "cell_id": "G0994" }, "geometry": { "type": "Polygon", "coordinates": [ [ [ -8623712.73908182606101, 4752955.316649902611971 ], [ -8626212.73908182606101, 4752955.316649902611971 ], [ -8626212.73908182606101, 4755455.316649902611971 ], [ -8624197.699037916958332, 4755455.316649902611971 ], [ -8624055.982297236099839, 4755318.859971830621362 ], [ -8623712.73908182606101, 4755071.18061881698668 ], [ -8623712.73908182606101, 4752955.316649902611971 ] ] ] } },
{ "type": "Feature", "properties": { "cell_id": "G0995" }, "geometry": { "type": "Polygon", "coordinates": [ [ [ -8626212.73908182606101, 4755455.316649902611971 ], [ -8626212.73908182606101, 4757390.09293479193002 ], [ -8625792.566353609785438, 4757198.448059587739408 ], [ -8625553.340767895802855, 4756988.150206405669451 ], [ -8625123.981491906568408, 4756347.221606763079762 ], [ -8625061.203607585281134, 4756286.77074989490211 ], [ -8624197.699037916958332, 4755455.316649902611971 ], [ -8626212.73908182606101, 4755455.316649902611971 ] ] ] } },
{ "type": "Feature", "properties": { "cell_id": "G0996" }, "geometry": { "type": "Polygon", "coordinates": [ [ [ -8626212.73908182606101, 4755455.316649902611971 ], [ -8628712.73908182606101, 4755455.316649902611971 ], [ -8628712.73908182606101, 4757955.316649902611971 ], [ -8628258.570276008918881, 4757955.316649902611971 ], [ -8628198.625827616080642, 4757923.527747550047934 ], [ -8626882.718126948922873, 4757695.676905072294176 ], [ -8626212.73908182606101, 4757390.09293479193002 ], [ -8626212.73908182606101, 4755455.316649902611971 ] ] ] } },
{ "type": "Feature", "properties": { "cell_id": "G0997" }, "geometry": { "type": "Polygon", "coordinates": [ [ [ -8628712.73908182606101, 4757955.316649902611971 ], [ -8631212.73908182606101, 4757955.316649902611971 ], [ -8631212.73908182606101, 4759385.835217616520822 ], [ -8631096.717450927942991, 4759322.515433507971466 ], [ -8629763.666548680514097, 4758851.659855119884014 ], [ -8629596.687312487512827, 4758766.117462432011962 ], [ -8629446.183360936120152, 4758585.115028262138367 ], [ -8628712.73908182606101, 4758196.165105544961989 ], [ -8628712.73908182606101, 4757955.316649902611971 ] ] ] } },
{ "type": "Feature", "properties": { "cell_id": "G0998" }, "geometry": { "type": "Polygon", "coordinates": [ [ [ -8636212.73908182606101, 4757955.316649902611971 ], [ -8636212.73908182606101, 4760455.316649902611971 ], [ -8633712.73908182606101, 4760455.316649902611971 ], [ -8633712.73908182606101, 4757955.316649902611971 ], [ -8636212.73908182606101, 4757955.316649902611971 ] ] ] } },
{ "type": "Feature", "properties": { "cell_id": "G0999" }, "geometry": { "type": "Polygon", "coordinates": [ [ [ -8631212.73908182606101, 4757955.316649902611971 ], [ -8633712.73908182606101, 4757955.316649902611971 ], [ -8633712.73908182606101, 4760455.316649902611971 ], [ -8632241.94799330085516, 4760455.316649902611971 ], [ -8632187.314502229914069, 4760371.991497786715627 ], [ -8632072.655426712706685, 4759980.456134607084095 ], [ -8631777.992734584957361, 4759694.327168491668999 ], [ -8631212.73908182606101, 4759385.835217616520822 ], [ -8631212.73908182606101, 4757955.316649902611971 ] ] ] } },
{ "type": "Feature", "properties": { "cell_id": "G1000" }, "geometry": { "type": "Polygon", "coordinates": [ [ [ -8633712.73908182606101, 4760455.316649902611971 ], [ -8636212.73908182606101, 4760455.316649902611971 ], [ -8636212.73908182606101, 4762955.316649902611971 ], [ -8634072.324120193719864, 4762955.316649902611971 ], [ -8634034.772771434858441, 4762743.672254668548703 ], [ -8633712.73908182606101, 4762373.637358681298792 ], [ -8633712.73908182606101, 4760455.316649902611971 ] ] ] } },
{ "type": "Feature", "properties": { "cell_id": "G1001" }, "geometry": { "type": "Polygon", "coordinates": [ [ [ -8633712.73908182606101, 4760455.316649902611971 ], [ -8633712.73908182606101, 4762373.637358681298792 ], [ -8633173.159912694245577, 4761753.63042099494487 ], [ -8632967.69201803393662, 4761317.341250404715538 ], [ -8632943.841761659830809, 4761266.698997332714498 ], [ -8632447.675645932555199, 4760731.724130591377616 ], [ -8632443.046917710453272, 4760726.733489692211151 ], [ -8632364.089853608980775, 4760641.603282704949379 ], [ -8632241.94799330085516, 4760455.316649902611971 ], [ -8633712.73908182606101, 4760455.316649902611971 ] ] ] } },
{ "type": "Feature", "properties": { "cell_id": "G1002" }, "geometry": { "type": "Polygon", "coordinates": [ [ [ -8634484.018280237913132, 4765455.316649902611971 ], [ -8634297.041491745039821, 4765297.031367836520076 ], [ -8634142.975316487252712, 4765010.751348822377622 ], [ -8634247.838276814669371, 4763944.537776737473905 ], [ -8634072.324120193719864, 4762955.316649902611971 ], [ -8636212.73908182606101, 4762955.316649902611971 ], [ -8636212.73908182606101, 4765394.481997423805296 ], [ -8636072.597843457013369, 4765455.316649902611971 ], [ -8634484.018280237913132, 4765455.316649902611971 ] ] ] } },
{ "type": "Feature", "properties": { "cell_id": "G1003" }, "geometry": { "type": "Polygon", "coordinates": [ [ [ -8628712.73908182606101, 4757955.316649902611971 ], [ -8628712.73908182606101, 4758196.165105544961989 ], [ -8628258.570276008918881, 4757955.316649902611971 ], [ -8628712.73908182606101, 4757955.316649902611971 ] ] ] } },
{ "type": "Feature", "properties": { "cell_id": "G1004" }, "geometry": { "type": "Polygon", "coordinates": [ [ [ -8651212.73908182606101, 4765455.316649902611971 ], [ -8653712.73908182606101, 4765455.316649902611971 ], [ -8653712.73908182606101, 4765969.874089047312737 ], [ -8653409.373546550050378, 4766520.790386761538684 ], [ -8652869.25137722119689, 4766989.414669211022556 ], [ -8651933.165779141709208, 4767396.331188791431487 ], [ -8651744.813200717791915, 4767568.858398715034127 ], [ -8651697.279778150841594, 4767802.112981256097555 ], [ -8651290.51835879124701, 4767705.270663067698479 ], [ -8651212.73908182606101, 4767716.587082294747233 ], [ -8651212.73908182606101, 4765455.316649902611971 ] ] ] } },
{ "type": "Feature", "properties": { "cell_id": "G1005" }, "geometry": { "type": "Polygon", "coordinates": [ [ [ -8653712.73908182606101, 4765455.316649902611971 ], [ -8653996.083382228389382, 4765455.316649902611971 ], [ -8653712.73908182606101, 4765969.874089047312737 ], [ -8653712.73908182606101, 4765455.316649902611971 ] ] ] } },
{ "type": "Feature", "properties": { "cell_id": "G1006" }, "geometry": { "type": "Polygon", "coordinates": [ [ [ -8646212.73908182606101, 4765455.316649902611971 ], [ -8648712.73908182606101, 4765455.316649902611971 ], [ -8648712.73908182606101, 4767399.906884828582406 ], [ -8648091.084873901680112, 4767600.658982855267823 ], [ -8647694.896636456251144, 4767955.316649902611971 ], [ -8646474.328100629150867, 4767955.316649902611971 ], [ -8646334.129350712522864, 4767854.059987585991621 ], [ -8646212.73908182606101, 4767713.529890623874962 ], [ -8646212.73908182606101, 4765455.316649902611971 ] ] ] } },
{ "type": "Feature", "properties": { "cell_id": "G1007" }, "geometry": { "type": "Polygon", "coordinates": [ [ [ -8643712.73908182606101, 4765455.316649902611971 ], [ -8646212.73908182606101, 4765455.316649902611971 ], [ -8646212.73908182606101, 4767713.529890623874962 ], [ -8645754.043484186753631, 4767182.510910240933299 ], [ -8644069.445630013942719, 4766286.98998985812068 ], [ -8643712.73908182606101, 4766177.575003677047789 ], [ -8643712.73908182606101, 4765455.316649902611971 ] ] ] } },
{ "type": "Feature", "properties": { "cell_id": "G1008" }, "geometry": { "type": "Polygon", "coordinates": [ [ [ -8647694.896636456251144, 4767955.316649902611971 ], [ -8647487.955872785300016, 4768140.564775727689266 ], [ -8646977.780065391212702, 4768199.762479377910495 ], [ -8646835.623656736686826, 4768216.257508097216487 ], [ -8646474.328100629150867, 4767955.316649902611971 ], [ -8647694.896636456251144, 4767955.316649902611971 ] ] ] } },
{ "type": "Feature", "properties": { "cell_id": "G1009" }, "geometry": { "type": "Polygon", "coordinates": [ [ [ -8636072.597843457013369, 4765455.316649902611971 ], [ -8635998.114630555734038, 4765487.649462321773171 ], [ -8635057.464933354407549, 4765649.06624786183238 ], [ -8634673.969287572428584, 4765616.120900521986187 ], [ -8634588.812673136591911, 4765544.030389038845897 ], [ -8634484.018280237913132, 4765455.316649902611971 ], [ -8636072.597843457013369, 4765455.316649902611971 ] ] ] } }
]
}
